year,iso3,elec,mobile,internet,fixedtel,mys,eys,tertiary,secondary
1990,AGO,,0.0,0.0,0.602,,3.755630016,0.594919979572296,9.64206981658936
1991,AGO,,0.0,0.00012933333333333332,0.599,,3.521440029,0.60505998134613,10.1731996536255
1992,AGO,,0.0,0.00025866666666666665,0.394,,3.488090038,0.573329985141754,11.4410495758057
1993,AGO,,0.008436702,0.000388,0.416,,3.568055034,0.5800499916076659,11.517121315002466
1994,AGO,,0.013549219,0.0005173333333333333,0.4,,3.648020029,0.5867699980735777,11.593193054199233
1995,AGO,,0.01433269,0.0006466666666666666,0.385,,3.727985024,0.5934900045394895,11.669264793396
1996,AGO,,0.02292929,0.000776,0.371,,3.80795002,0.6002100110054014,11.745336532592766
1997,AGO,,0.04742069,0.00567,0.425,,3.887915015,0.6069300174713131,11.821408271789533
1998,AGO,,0.063903735,0.0185,0.429,,3.967880011,0.613650023937225,11.8974800109863
1999,AGO,,0.151221568,0.072,0.429,3.387140553,4.39485838,0.554629981517792,11.7708902359009
2000,AGO,24.2,0.159346765941731,0.105045562462262,0.400744211021404,3.425745773,4.82183675,0.6309666633605959,13.3690700531006
2001,AGO,20.0,0.447835842249048,0.136013867429868,0.458583902463025,3.464791,5.248815119,0.7073033452034,15.0013399124146
2002,AGO,26.3,0.807954939660482,0.270376745595134,0.462842758291219,3.505191693,5.675793489,0.783640027046204,16.1495990753174
2003,AGO,27.4,1.95054401229801,0.370682065225727,0.473943184108171,3.545592386,6.102771858,2.87620997428894,17.257836023966483
2004,AGO,28.4,3.97840414704547,0.464814617985909,0.506870193220875,3.585993079,6.529750228,2.14597010612488,18.366072972615566
2005,AGO,29.4,8.35158651156351,1.143399954,0.501576862066518,3.626393772,6.956728597,2.6385600566864,19.47430992126465
2006,AGO,30.5,15.2614410221311,1.5,0.490450320477671,3.666794465,7.383706967,2.55977010726929,20.582546869913735
2007,AGO,37.5,23.8781501760396,1.700000048,0.453804284136904,3.707195158,7.810685337,3.33582436237669,21.690783818562817
2008,AGO,38.5,31.3891482115081,1.899999976,0.52967156664769,3.747595851,8.237663706,4.11187861748409,22.7990207672119
2009,AGO,33.8,36.1789120059347,2.299999952,1.35258563626765,3.787996544,8.664642076,4.88793287259149,24.3320198059082
2010,AGO,35.0,40.3667552771914,2.799999952,1.20680022279626,3.828397237,9.091620445,5.66398712769889,28.2108038778932
2011,AGO,34.6,49.8515258181069,4.699999809,0.658529531654342,3.86879793,10.07281971,6.44004138280629,29.6869517832747
2012,AGO,37.3,50.7801125088641,7.699999809,0.827508200411846,3.909198623,10.4918,7.831719292281456,34.63292117271482
2013,AGO,38.4,50.7734882643713,13.0,0.821497828065989,3.949599316,10.9107,9.22339720175662,39.57889056215494
2014,AGO,32.0,51.7384393645114,21.3623407584103,1.05820273350876,3.99000001,11.3297,9.003302941043916,44.52485995159506
2015,AGO,42.0,49.3097223014385,22.0,1.01188665392088,5.315629959,11.7487,8.78320868033121,49.470829341035184
2016,AGO,41.8,44.5502272379157,23.20000076,1.04338919791509,5.417390823,12.16763687,9.78287696232453,54.4167987304753
2017,AGO,42.9,44.0682088632918,26.0,0.532729808814262,5.521099768,12.1676,,54.16046983892286
2018,AGO,45.3,42.4588784507729,29.0,0.549117004405033,5.626794086,12.1676,,53.90414094737042
2019,AGO,45.6,45.8065312825399,32.12939835,0.385246533565739,5.734511785,12.1676,,53.64781205581798
2020,AGO,47.0,43.7804317055698,33.32089996,0.356233086521556,5.844291601,12.1676,,53.391483164265544
2021,AGO,48.2,44.3868689341257,34.55649948,0.347502343377004,5.956173009,12.1676,,53.1351542727131
2022,AGO,48.5,66.6008073123779,35.83800125,0.263757327095202,5.956173009,12.1676,,52.30952944869535
2023,AGO,51.1,70.0519587723571,37.88589859,0.235682235486534,5.956173009,12.1676,10.04935810264,51.4839046246776
2024,AGO,55.5,69.7039467163584,40.70479965,0.21186538541079,,,9.9549065722902,
1990,BDI,,0.0,0.0,0.142,1.460000038,4.218900204,0.681379973888397,4.60391998291016
1991,BDI,,0.0,0.0,0.179,1.513888929,4.333489895,0.755699992179871,5.19403982162476
1992,BDI,,0.0,0.0,0.22,1.567777819,4.203050137,0.786339998245239,5.52936983108521
1993,BDI,,0.006354384,0.0,0.274,1.62166671,4.479829788,0.828920006752014,6.10045003890991
1994,BDI,,0.006766423,0.0,0.276,1.6755556,4.496963561,0.8360380053520202,
1995,BDI,,0.0095065,0.0,0.284,1.729444491,4.514097333,0.8431560039520264,
1996,BDI,,0.009459562,0.000804,0.25,1.783333381,4.531231105,0.8502740025520327,
1997,BDI,,0.010449264,0.00798,0.261,1.837222271,4.548364878,0.8573920011520388,
1998,BDI,3.9,0.010272826,0.0158,0.288,1.891111162,4.56549865,0.864509999752045,
1999,BDI,2.07094931602478,0.012944607,0.0392,0.3,1.945000052,4.582632422,0.916909992694855,
2000,BDI,2.5,0.252233549720457,0.077248447383456,0.309109742304481,1.998888943,4.599766195,1.05474996566773,
2001,BDI,2.8,0.503680457737854,0.106001245363203,0.309645308933108,2.052777833,4.616899967,1.03059995174408,9.41998958587646
2002,BDI,3.1,0.76200167288675,0.118228412267794,0.323616248923673,2.106666724,5.057419777,1.60111999511719,9.92739963531494
2003,BDI,3.4,0.908683808418785,0.201273196735924,0.339265618783857,2.160555614,5.523624897,1.8511099815368648,10.2563495635986
2004,BDI,3.7,1.37552635495365,0.349060461879596,0.37950082728554,2.214444505,5.989830017,2.10109996795654,11.8093099594116
2005,BDI,3.2,2.01652788429717,0.542100012,0.366401798584714,2.268333395,6.369110107,2.13503003120422,12.9770698547363
2006,BDI,2.7,2.54273479009152,0.657599986,0.354533511782461,2.322222286,7.855309963,2.16554999351502,14.3381099700928
2007,BDI,4.7,3.30806380985543,0.7,0.349184513262518,2.376111176,8.63090992,2.26625990867615,15.3361196517944
2008,BDI,4.8,5.65018234377978,0.81,0.357539358898105,2.430000067,9.340579987,2.49793004989624,18.11475992202755
2009,BDI,5.4,10.2904048729688,0.899999976,0.34781215081598,2.363333384,10.05025005,2.6779100894928,20.8934001922607
2010,BDI,5.3,17.8962195049637,1.0,0.372977218229,2.296666702,10.5172596,3.05528938002435,23.7647094726562
2011,BDI,6.2,19.7014852266593,1.110000014,0.308809095883938,2.230000019,10.69895983,2.9879083538270947,26.7943801879883
2012,BDI,6.5,22.3127768088819,1.220000029,0.172713252311482,2.163333337,10.88066006,2.92052732762984,29.5732898712158
2013,BDI,6.9,24.3006814319026,1.2642181112,0.203585647791369,2.096666654,10.99707985,3.70341642841244,34.2124507321275
2014,BDI,7.0,29.567783062348,1.04239212643994,0.200642883168508,2.029999971,11.12872982,4.46892058042299,40.2641258748146
2015,BDI,7.9,45.2379254099088,2.0,0.197092938000902,2.286666632,11.1534996,5.25856537918645,43.9351929825496
2016,BDI,8.5,47.6697304877258,2.200000048,0.173851907891231,2.543333292,11.11637974,3.97908916361797,47.4715342848197
2017,BDI,9.3,51.4533280518012,2.6607485347534,0.203436900841436,2.799999952,10.48184967,4.30528005798307,48.2243487332289
2018,BDI,9.5,53.2736942349584,4.019499779,0.209200328581959,2.955112081,10.24604034,4.55281922933846,46.330394174756
2019,BDI,9.8,53.2995504978403,6.072199821,0.170831709550844,3.118816986,10.10524225,4.8473473367483555,41.8352417514484
2020,BDI,9.1,52.5571219738138,6.430099964,0.145041989259601,3.291590683,9.966378953,5.141875444158252,44.9151717353101
2021,BDI,10.2,59.700785493419,6.777999878,0.123219493360871,3.473935556,9.829423879,5.436403551568148,
2022,BDI,10.3,56.2599912004244,7.144800186,0.111987773979876,3.473935556,9.829423879,5.730931658978044,
2023,BDI,11.6,63.1631365759764,7.172299862,0.10492021228026,3.473935556,9.829423879,6.02545976638794,
2024,BDI,20.1,,8.595999718,,,,,
1990,BEN,,0.0,0.0,0.28,1.452573865,4.814975057,1.9679399728775,
1991,BEN,,0.0,0.00028166666666666666,0.276,1.529262549,4.95554642,2.25591993331909,
1992,BEN,,0.0,0.0005633333333333333,0.281,1.610000014,5.10022171,2.13378000259399,
1993,BEN,,0.0,0.000845,0.348,1.695000017,5.24912074,1.94243001937866,
1994,BEN,,0.0,0.0011266666666666667,0.393,1.780000019,5.402366821,1.89841997623444,
1995,BEN,,0.017365389,0.0014083333333333333,0.453,1.865000021,5.560086862,1.97397005558014,
1996,BEN,14.5,0.043634125,0.00169,0.511,1.950000024,5.72241148,1.99114000797272,
1997,BEN,18.5896263122559,0.067245695,0.0246,0.554,2.035000026,5.899514256,2.43330001831055,
1998,BEN,19.578254699707,0.095471222,0.0479,0.565,2.120000029,6.076617031,2.7649400234222448,
1999,BEN,20.5620422363281,0.107076743,0.155,0.623,2.205000031,6.253719807,3.09658002853394,19.2567005157471
2000,BEN,21.5,0.768193392645056,0.225247851473369,0.715130499130458,2.290000033,6.516719818,3.49604988098144,20.0005397796631
2001,BEN,21.9,1.67884478287568,0.363417890016082,0.796417103479695,2.375000036,7.11894989,4.20038986206055,21.7104396820068
2002,BEN,23.4,2.85026524912103,0.7029455951039,0.816488882832041,2.460000038,7.580840111,4.92833995819092,23.5846691131592
2003,BEN,24.3,2.98461911748538,0.951327114915695,0.840520809243442,2.472683366,7.986030102,5.43203020095825,24.9001197814941
2004,BEN,25.2,5.62957112640203,1.18254096518994,0.892121110505652,2.485366694,8.376919746,5.47938013076782,26.7041492462158
2005,BEN,26.1,7.07639223825275,1.271000028,0.905123387399978,2.498050022,8.762456894,5.41120004653931,
2006,BEN,27.9,12.1442265152632,1.537899971,0.889679592492651,2.51073335,9.147994041,6.20295000076294,
2007,BEN,28.0,22.9147096667411,1.79,1.23704917897303,2.523416678,9.533531189,7.43086004257202,
2008,BEN,29.0,39.2846004959004,1.85,1.24927588182045,2.536100006,9.919068336,7.34216022491455,
2009,BEN,30.0,52.9301199452375,2.24,1.33708427945628,2.548783334,10.30460548,9.3462495803833,
2010,BEN,34.2,72.2115392074128,3.13,1.3618496340489,2.561466662,10.69014263,12.6081895828247,
2011,BEN,36.9,76.9318013957922,4.14832306562512,1.51298498071505,2.57414999,11.07567978,11.8088598251343,45.7294692993164
2012,BEN,38.4,80.8628905531314,4.5,1.50721455804899,2.586833318,11.59101009,12.8605403900147,48.883659362792955
2013,BEN,34.7,89.9019164924958,4.900000095,1.48889225474968,2.599516646,12.10634041,14.7752199172974,52.0378494262695
2014,BEN,34.1,78.5170340826712,6.0,1.77390688162942,2.612199974,12.12549973,14.6916198730469,52.5952682495117
2015,BEN,29.6,82.0193349324746,11.25500011,1.71350643504558,2.624883302,12.34691048,12.4851799011231,55.1333084106445
2016,BEN,37.0,76.0182091705462,14.5,1.06757297628058,2.63756663,12.16425037,11.9529895782471,55.2945899963379
2017,BEN,34.5,72.867145412956,18.7,0.471661442318713,2.650249958,11.69883275,11.337929725647,52.46741008758545
2018,BEN,39.0,76.4080341122638,19.0,0.391719621520741,2.841894984,11.23341513,11.5739097595215,49.640230178832994
2019,BEN,40.0,81.3235345537806,20.50099945,0.282216480163247,3.03354001,10.7679975,10.3906803131103,46.813050270080545
2020,BEN,41.0,85.2390738023357,22.12059975,0.247785625419228,3.113870025,10.30257988,10.3808002471924,43.9858703613281
2021,BEN,42.0,94.9182598289459,28.20470047,0.0856828651491264,3.194200039,10.37160969,9.82796955108643,44.2737998962402
2022,BEN,56.5,105.745019386968,30.53730011,0.0110905184715638,3.194200039,10.4464798,10.2350101470947,43.5606498718262
2023,BEN,57.0,116.036046685168,32.39400101,0.0101126536864698,3.194200039,10.4464798,,
2024,BEN,59.0,125.940873932186,33.98379898,0.0093343411656061,,,,
1990,BFA,,0.0,0.0,0.177,,2.411689997,0.744490027427673,6.78861999511719
1991,BFA,,0.0,0.00016016666666666667,0.19,,2.523999929,0.695360004901886,7.12624979019165
1992,BFA,,0.0,0.00032033333333333333,0.205,,2.58694005,0.928770005702972,7.33198976516724
1993,BFA,6.1,0.0,0.0004805,0.222,,2.674679995,1.0837299823761,7.73708009719849
1994,BFA,6.12501001358032,0.0,0.0006406666666666667,0.26,,2.788160086,1.05731999874115,8.05136013031006
1995,BFA,6.62533283233643,0.0,0.0008008333333333333,0.289,,2.887354088,1.1000200510025,8.300976181030274
1996,BFA,7.1229362487793,0.00494294,0.000961,0.32,,2.98654809,1.05685997009277,8.550592231750487
1997,BFA,7.61713981628418,0.01379234,0.0187,0.332,,3.085742092,0.968949973583221,8.800208282470702
1998,BFA,8.10726451873779,0.024372687,0.0454,0.367,,3.184936094,0.976294994354248,9.049824333190916
1999,BFA,6.9,0.043663904,0.0618,0.409,,3.284130096,0.983640015125275,9.29944038391113
2000,BFA,9.1,0.211688420806896,0.0770801689426014,0.4462437191555,,3.367840052,1.0489949882030476,9.85589981079102
2001,BFA,9.5,0.619650213936542,0.157732464653607,0.472029241803234,,3.451550007,1.11434996128082,10.0396404266357
2002,BFA,9.9,0.875434916000028,0.200992597925001,0.488198902648606,,3.60710001,1.34107005596161,10.662230014801
2003,BFA,11.4,1.81993821991034,0.373440303233526,0.509373873497883,,3.762650013,1.50508999824524,11.2848196029663
2004,BFA,10.7,2.93276569154714,0.400295285492178,0.631271372767283,,4.13158989,1.82411503791809,12.3676996231079
2005,BFA,11.1,4.54743329498311,0.469900012,0.654537718336251,1.343624228,4.500529766,2.14314007759094,13.3723297119141
2006,BFA,11.6,7.07267095398563,0.632700026,0.659245384645729,1.320000052,4.778759956,2.25787997245789,14.1544599533081
2007,BFA,12.0,12.5404933901545,0.75,0.787956135088184,0.980000019,5.230929852,2.40549993515015,15.2793703079224
2008,BFA,12.5,19.819973570747,0.920000017,0.971006009728739,1.024285725,5.70442009,2.92968010902405,17.9947395324707
2009,BFA,12.6,24.3386946942171,1.129999995,0.970466960482534,1.068571431,6.131499767,3.26682996749878,19.4353504180908
2010,BFA,13.1,35.2848311173407,2.400000095,0.889951582845681,1.112857137,6.557330132,3.34944579587797,21.1780201888507
2011,BFA,14.8,46.1057641177709,3.0,0.849416525406334,1.157142844,7.003349781,3.91906920981907,23.1764371916742
2012,BFA,15.1,58.0942130771516,3.724999905,0.823175154247073,1.20142855,7.300139904,4.33792685706514,25.2399681000378
2013,BFA,15.4,63.5243073500025,5.0,0.776591261609155,1.245714256,7.544000149,4.57338342077701,27.6008880705968
2014,BFA,19.2,68.5395525408019,6.0,0.683481535740415,1.289999962,7.676040173,4.89539917725699,29.5668744354491
2015,BFA,16.2,76.9373292602998,6.545700073,0.39981388350848,1.447499961,8.038040161,4.90356866333498,32.8931343608996
2016,BFA,16.6,79.6697942824089,7.140999794,0.391660532667013,1.604999959,8.267219543,5.40541465878063,34.9336280775566
2017,BFA,17.0,90.2081424191231,7.790400028,0.382016915608492,1.762499958,8.615460396,5.8341880408112,37.1627510802261
2018,BFA,14.4,94.6219614871852,8.498900414,0.375569617181243,1.919999957,8.947930336,6.31826110291158,39.6278467471779
2019,BFA,17.6,97.1498646690919,9.27180600953186,0.359179335970238,2.099999905,8.913680077,6.90532594926159,40.0770460332282
2020,BFA,18.5,102.972844247019,12.97319984,0.349364882122699,2.183274984,8.777890205,7.64277062242324,39.2540084845692
2021,BFA,19.0,112.198419449151,18.1522007,0.369961814015876,2.266550064,8.733340263,9.30513098594236,38.1480312365517
2022,BFA,19.5,113.996146792235,25.3987999,0.32280810934701,2.266550064,8.733340263,9.67069485831779,33.6212866168282
2023,BFA,21.7,116.16313821519,25.36120033,0.358176853626996,2.266550064,8.733340263,10.1078755635882,30.8551216331757
2024,BFA,34.0,116.5895933212,28.25270081,0.347015839163819,,,10.0419678526515,29.9905774531085
1990,BWA,,0.0,0.0,2.02,5.52,10.59220615,,43.0783309936523
1991,BWA,10.1,0.0,0.0,2.43,5.758,10.55210972,4.35687017440796,51.9570999145508
1992,BWA,9.39822673797607,0.0,0.016125,2.64,5.996,10.51216507,4.761370182037355,51.1772499084473
1993,BWA,11.6420764923096,0.0,0.03225,3.06,6.234,10.47222042,5.16587018966675,55.1363792419434
1994,BWA,13.8845663070679,0.0,0.048375,3.46,6.472,10.34175014,5.62313985824585,53.1301307678223
1995,BWA,16.1250171661377,0.0,0.0645,3.98,6.71,10.70094013,5.28647994995117,58.8820610046387
1996,BWA,18.3627471923828,0.0,0.157,4.7,6.89,10.88468329,5.66145992279053,64.05642191569014
1997,BWA,20.5970783233643,0.0,0.308,5.45,7.07,11.06842645,5.81129503250122,69.23078282674156
1998,BWA,22.8273296356201,0.917437288,0.602,6.35,7.25,11.25216961,5.96113014221191,74.405143737793
1999,BWA,25.0527400970459,5.438773013,1.12,7.54,7.43,11.63829994,6.25281000137329,75.0786209106445
2000,BWA,26.5,13.2462372912074,2.90266662177209,8.10191119256079,7.61,11.74394989,6.98083019256592,76.1968231201172
2001,BWA,24.8,19.4050649027539,3.43088678702599,8.65262980842795,7.744,11.72593021,7.48678016662598,75.3002014160156
2002,BWA,27.0,19.0435033296786,3.38592235064273,8.49141115440894,7.878,11.53738022,7.80341005325317,75.8795700073242
2003,BWA,33.1,25.0587925232129,3.3451901740614,7.39969229660265,8.012,11.59051991,9.07960033416748,76.5648727416992
2004,BWA,35.3,28.9318073913231,3.30488925316113,7.29182921579109,8.146,11.60266972,9.56877994537354,78.3988189697266
2005,BWA,37.5,30.6423744630755,3.262599945,7.41696319917038,8.28,11.6691103,9.23077964782715,79.5636215209961
2006,BWA,39.7,43.9084008885494,4.28993297515968,7.04363152941879,8.398,11.83510971,10.0698099136353,81.6948394775391
2007,BWA,41.9,60.2637294559808,5.28,7.16544204403409,8.516,11.79946041,10.2232799530029,82.4867095947266
2008,BWA,44.5,76.195582496141,6.25,7.29662507628323,8.634,11.72972965,14.2659397125244,77.806510925293
2009,BWA,43.4,94.1440909682303,6.150000095,6.90329350928053,8.752,11.70634123,21.9871006011963,
2010,BWA,52.0,116.2460387062,6.0,6.75919809592295,8.87,11.68295281,19.5398902893066,
2011,BWA,53.2,139.870462760455,9.0,7.21367133904178,9.1,11.65956439,17.5134506225586,
2012,BWA,56.0,146.149158429435,16.0,7.61105501852636,9.33,11.63617596,21.6663608551025,
2013,BWA,58.0,151.670682520804,30.0,8.13595854031566,9.56,11.61278754,26.3370990753174,
2014,BWA,60.0,157.018320070864,36.74474744423,7.79155486721263,9.79,11.58939912,24.8355648460166,
2015,BWA,62.1,157.734742812171,38.89379883,7.28416315182004,10.02,11.5660107,26.8692925538756,
2016,BWA,64.2,147.172960511479,41.16859818,6.35956355357315,10.1,11.54262227,22.6605855291776,
2017,BWA,67.4,142.962095019868,43.57640076,6.2294998074333,10.18,11.51923385,21.4762885165012,
2018,BWA,68.3,147.06483856362,46.12509918,6.19714058424429,10.26,11.49584543,21.486418268845398,
2019,BWA,70.1,160.661520194607,48.82279968,6.11414773830949,10.34,11.47245701,21.4965480211896,
2020,BWA,71.8,161.858815314634,51.67819977,5.91755167391269,10.42,11.44906858,22.4017870513653,
2021,BWA,73.7,173.25235140068,54.70069885,3.906446171278,10.478,11.42568016,21.2032904951187,70.6292572021484
2022,BWA,75.9,178.205018910673,57.9,3.75938771060358,10.478,11.42568016,20.7095613715302,
2023,BWA,76.0,179.027305378019,57.67975018,3.62000674127223,10.478,11.42568016,20.5658232475186,
2024,BWA,80.2,163.999922257361,57.45950036,3.2993817476942,,,21.4087908549348,
1990,CAF,,0.0,0.0,0.174,1.867779274,5.280560017,1.32114005088806,12.1238403320312
1991,CAF,,0.0,0.0009750000000000001,0.181,1.934874257,4.918749809,1.43098998069763,12.2781200408935
1992,CAF,,0.0,0.0019500000000000001,0.199,2.001969241,4.094940186,1.34974002838135,10.2222499847412
1993,CAF,,0.0,0.002925,0.214,2.069064225,4.196776643,,
1994,CAF,,0.0,0.0039000000000000003,0.226,2.136159208,4.298613099,,
1995,CAF,3.0,0.001342812,0.004875,0.25,2.203254192,4.400449556,,
1996,CAF,3.33491563796997,0.031841169,0.00585,0.282,2.281229443,4.502286013,,
1997,CAF,3.83021020889282,0.039612869,0.0143,0.278,2.359204694,4.60412247,,
1998,CAF,4.32142543792725,0.045934475,0.0279,0.264,2.437179946,4.705958927,,
1999,CAF,4.80779838562012,0.113860194,0.0409,0.264,2.515155197,4.807795384,2.01588010787964,
2000,CAF,6.0,0.129571118814133,0.0533941742150456,0.246985978041517,2.593130448,4.909631841,1.94369995594025,
2001,CAF,5.7,0.280648972684436,0.0785434278394038,0.227504262675192,2.665665566,5.011468298,1.87473997473717,10.9798498153687
2002,CAF,6.1,0.31452216220507,0.128537116506299,0.224658687289336,2.738200683,5.113304755,1.80577999353409,10.9962396621704
2003,CAF,6.6,0.974875983588938,0.151563337940017,0.231533046102373,2.8107358,5.215141212,1.7368200123310098,
2004,CAF,7.0,1.43101573974212,0.223401395464406,0.238502623290354,2.883270918,5.316977669,1.66786003112793,
2005,CAF,7.4,2.33164910546282,0.26820001,0.233164910546282,2.955806035,5.418814126,1.3773050308227548,
2006,CAF,7.8,2.51280445195849,0.311199993,0.19453013602225372,3.012020751,5.520650583,1.08675003051758,
2007,CAF,8.4,7.61858666254367,0.375815961044797,0.15589536149822544,3.068235467,5.62248704,1.62585496902466,
2008,CAF,7.5,12.5027857083947,1.0,0.11726058697419717,3.124450183,5.724323497,2.16495990753174,
2009,CAF,9.4,19.0689343696367,1.799999952,0.0786258124501689,3.180664899,5.826159954,2.30814003944397,11.9955196380615
2010,CAF,9.8,21.7946380977499,2.0,0.0206766310668051,3.236879615,6.018069983,2.53881001472473,13.9572396278381
2011,CAF,10.4,21.7401847658532,2.200000048,0.017853148977847,3.356562559,6.209980011,2.95497989654541,15.9189596176147
2012,CAF,11.0,24.7918387246771,2.400000095,0.0178492112513794,3.476245503,6.190639973,2.77519989013672,15.6197595596313
2013,CAF,11.5,29.3015343940304,2.5,0.0172323954386711,3.595928447,6.317989663,,15.201457262039149
2014,CAF,12.0,24.9962039132355,2.700000048,0.0173040992113224,3.71561139,6.447959105,,14.783154964447
2015,CAF,12.7,26.8396654368244,2.900000095,0.0406323174893937,3.835294334,6.580602192,,14.364852666854851
2016,CAF,13.4,26.4835649048309,3.099999905,0.0416661097749245,3.858868247,6.715973923,,13.9465503692627
2017,CAF,14.1,24.5204193752763,4.0,0.0438926707375867,3.88244216,6.85413043,,15.8074398040772
2018,CAF,14.6,26.2215810621653,5.099999905,0.0449508952976198,3.906016074,6.995129001,,
2019,CAF,14.3,32.2626859489842,7.509200096,0.0404473231253727,3.929589987,7.139028099,,
2020,CAF,15.4,36.426009643045,9.590666770666667,0.0397881044708301,3.9531639,7.285887393,,
2021,CAF,15.7,35.8169832358522,11.672133445333333,0.0391228653586589,3.989431459,7.435767778,,
2022,CAF,15.7,38.8217901039988,13.75360012,0.040956924809716,3.989431459,7.435767778,,
2023,CAF,17.6,,13.8416996,,3.989431459,7.435767778,,
2024,CAF,18.2,,13.78250027,,,,,
1990,CIV,,0.0,0.0,0.597,1.970933041,5.348631403,,
1991,CIV,,0.0,4e-05,0.641,2.059818256,5.452453121,,
1992,CIV,,0.0,8e-05,0.635,2.148703472,5.55829011,2.47028994560242,
1993,CIV,,0.0,0.00012000000000000002,0.656,2.237588688,5.666181491,2.93564009666443,
1994,CIV,36.5,0.0,0.00016,0.723,2.326473903,5.776167139,3.6460599899292,
1995,CIV,43.6312522888184,0.0,0.0002,0.779,2.415359119,5.888287707,3.5975399017334,
1996,CIV,44.6482124328613,0.091479639,0.00841,0.841,2.560280666,6.002584636,4.5078048706054705,
1997,CIV,45.6617698669434,0.234750142,0.0188,0.887,2.705202213,6.11910017,5.41806983947754,
1998,CIV,46.6712455749512,0.575143814,0.061,1.02,2.85012376,6.237877375,5.454704999923705,
1999,CIV,48.2,1.573080065,0.119,1.27,2.995045307,6.358960152,5.49134016036987,21.0010890960693
2000,CIV,48.7,2.67219556535498,0.231461670612799,1.48972789655282,3.139966854,6.487278112,,
2001,CIV,49.7,4.00763786041553,0.395747702246439,1.61488203392579,3.234648932,6.615596072,,
2002,CIV,51.4,5.50560497365526,0.497929360753307,1.74131861495378,3.329331009,6.743914032,,
2003,CIV,51.5,6.69625990207232,0.758669629452205,1.24440917805101,3.424013087,6.872231992,,
2004,CIV,52.4,8.54468997193162,0.849282414747704,1.31631538657821,3.518695164,7.000549952,,
2005,CIV,58.9,11.7071226897453,1.039199948,1.28816573749712,3.613377242,7.128867912,,
2006,CIV,60.2,19.7861496888908,1.52489996,1.31686186492672,3.706127032,7.257185872,,
2007,CIV,55.3,35.5088438452275,1.799999952,1.17720604465179,3.798876822,7.385503832,7.9370698928833,
2008,CIV,60.3,48.5675503786085,1.899999976,1.65703600265849,3.891626612,7.513821793,7.48366022109985,
2009,CIV,57.3,59.9342847557544,2.0,1.28225642946567,3.984376402,7.642139753,7.18858003616333,
2010,CIV,58.4,69.3658791896946,2.700000048,1.25997056660944,4.077126192,7.770457713,6.53099472386889,
2011,CIV,55.8,75.4688103733356,2.900000095,1.20308937429292,4.227844601,7.898775673,2.92101759305363,
2012,CIV,55.8,77.1273355805099,4.400000095,1.17669102220566,4.37856301,8.027093633,5.13764131451936,
2013,CIV,61.5,80.9986810652982,6.599999905,1.13679013273934,4.529281419,8.155411593,7.35426503598509,
2014,CIV,61.9,90.1219840101242,10.0,0.989440582662774,4.679999828,8.283729553,7.73897659286671,40.4629922041554
2015,CIV,62.6,100.638777689061,38.4400001654616,1.0981709746307,4.707142694,8.547829628,8.46433224598306,43.9865647318392
2016,CIV,64.3,105.624772864173,41.2078149304414,1.11240715206831,4.734285559,9.07269001,8.89557845705252,46.2425069943643
2017,CIV,65.6,118.755063895419,43.8399208514876,1.14299834678543,4.761428424,9.474160194,9.52488768872621,49.0863555848622
2018,CIV,67.1,123.098008449044,37.5465361301281,1.10106355651051,4.78857129,9.697870255,9.925292926350155,51.072614509286
2019,CIV,68.6,132.574011521792,36.2889545655205,0.963799217032847,4.815714155,9.921580315,10.3256981639741,53.791930617454
2020,CIV,69.9,138.663750301785,36.01660156,0.91226665717693,4.84285702,10.10165024,10.2664091345849,55.4380323721262
2021,CIV,71.1,150.343798608733,35.95069885,0.895362225898368,4.869999886,10.19834995,10.7725833415282,57.135967003236
2022,CIV,70.4,161.231833444196,38.41328122,0.866287161290531,4.869999886,10.20602036,11.1134926507622,54.0714108290486
2023,CIV,72.4,171.988943341282,40.65284979,0.784154890508635,4.869999886,11.41112995,11.5724272130065,63.9607557764462
2024,CIV,72.9,183.875985110648,41.43219902,0.766268671579055,,,12.3354902267456,65.3065056618336
1990,CMR,,0.0,0.0,0.355,2.137363225,8.211890221,2.95227003097534,25.8838996887207
1991,CMR,29.0,0.0,,0.359,2.221133081,8.174260139,3.23773002624512,27.3890495300293
1992,CMR,32.6975250244141,0.0,,0.455,2.304902936,8.047991395,,28.2887706756592
1993,CMR,33.849193572998,0.0,,0.463,2.388672792,7.921722651,,27.7253456115723
1994,CMR,34.9995040893555,0.012452465,,0.458,2.472442647,7.795453906,,27.1619205474854
1995,CMR,36.1477737426758,0.021193421,,0.502,2.556212503,7.669185162,,26.1854991912842
1996,CMR,37.2933235168457,0.025782073,,0.526,2.641214268,7.542916417,,25.3541841506958
1997,CMR,38.435474395752,0.030126572,0.00677,0.546,2.726216033,7.416647673,,24.5228691101074
1998,CMR,40.7,0.034929378,0.0132,0.664,2.811217798,7.290378928,,25.418830871582
1999,CMR,40.7067756652832,0.040819178,0.129,0.651,2.896219563,7.164110184,4.9432201385498,26.9488792419434
2000,CMR,41.0,0.692560554874589,0.252120077733662,0.637043858994432,2.981221328,7.393889904,4.69010019302368,28.4606399536133
2001,CMR,46.2,2.72572763691018,0.277051321848797,0.694255654499268,3.058831636,8.67166996,4.71602010726929,33.5832786560059
2002,CMR,44.0,4.4609440140897,0.360871584267755,0.705101920902115,3.136441943,8.403800011,5.15587997436523,29.3418807983398
2003,CMR,45.1,6.66446374271828,0.587622611130454,0.602666775575266,3.21405225,8.556240082,5.22031021118164,30.9356803894043
2004,CMR,47.1,9.2162740321822,0.976075415490902,0.598651923932152,3.291662558,8.608369827,5.22725009918213,27.5096206665039
2005,CMR,47.2,13.1921614065904,1.402699947,0.587604015650387,3.369272865,8.567790031,6.03904008865356,28.0079002380371
2006,CMR,49.0,17.8682237967473,2.028700113,0.744677886957265,3.429636437,8.321900368,7.07693004608154,24.4080104827881
2007,CMR,48.2,25.1303387011205,2.93,1.0463993809161,3.49000001,9.09265995,7.57396984100342,33.4497184753418
2008,CMR,50.6,33.1693465336812,3.400000095,1.37453015108816,4.059999943,9.529709816,8.20874977111816,37.8488082885742
2009,CMR,51.7,41.8757501710529,3.84,2.27798259011967,4.629999876,10.00405025,9.40400981903076,41.7743606567383
2010,CMR,52.8,43.9120552066482,4.300000191,2.7430455033047,5.199999809,10.37228012,11.5745716750246,45.82380338164445
2011,CMR,53.7,51.831042080032,5.0,3.30642026731113,5.352463603,10.74050999,12.5102445161105,49.8732461065506
2012,CMR,55.2,62.9906520229266,7.5,3.54378515727098,5.504927397,11.32874012,13.5363302230835,53.102088720007
2013,CMR,56.3,73.1912475512065,10.0,3.73330512462728,5.657391191,11.63219023,15.7712802886963,54.9012784916851
2014,CMR,56.8,77.2399893326772,16.2148722257524,5.24132188673807,5.809854984,11.93564034,16.7535896301269,59.1253563645436
2015,CMR,58.6,79.7800672605612,18.29999924,4.61389930350518,5.962318778,12.20610046,17.2970758627753,60.4960883608074
2016,CMR,59.8,79.8046154795305,20.60000038,4.4813924488708,6.114782572,12.13076019,12.7046554004596,61.4037045147156
2017,CMR,60.9,83.4502920413828,23.2029719748646,3.67100438189516,6.267246366,11.84122219,12.9818161813936,58.22807895333696
2018,CMR,62.2,74.3995446655806,29.70000076,3.63718080140906,6.419710159,11.55168419,14.5449548868213,55.05245339195832
2019,CMR,63.2,83.9044001051513,36.53919983,3.35767196036869,6.47855597,11.26214619,15.0528614131463,51.876827830579685
2020,CMR,64.3,85.2721639882676,37.69749832,3.6793493675335,6.537401781,10.97260818,15.5519566247682,48.70120226920104
2021,CMR,65.4,80.8081013360278,38.89260101,3.22160349338852,6.574180412,10.68307018,17.1581831920239,45.5255767078224
2022,CMR,71.0,89.8274190453067,40.12559891,3.2431890381171,6.574180412,10.76288033,16.4371527754335,45.6066724321371
2023,CMR,72.0,96.4817325902196,42.24380112,1.7374913625413109,6.574180412,10.79187965,16.0404395184936,44.840795775403
2024,CMR,72.0,108.213130152497,46.25880051,0.231793686965522,,,16.6614294830602,
1990,COD,,0.0,0.0,0.0927,3.51599373,6.191844261,2.01207995414734,
1991,COD,,0.0,1.8e-05,0.0923,3.72539069,6.262680053,2.3406400680542,
1992,COD,,0.004909232,3.6e-05,0.0918,3.93478765,6.334326219,2.3332050442695627,22.2480907440186
1993,COD,,0.009818464,5.4e-05,0.0885,4.14418461,6.406792029,2.325770020484925,23.8845405578613
1994,COD,,0.014727696000000002,7.2e-05,0.0845,4.35358157,6.480086862,2.3183349967002873,25.3936805725098
1995,COD,,0.019636928,9e-05,0.081,4.562978529,6.5542202,2.31089997291565,27.3251304626465
1996,COD,,0.016319607,0.000108,0.0795,4.678615657,6.630936861,2.09631997346878,
1997,COD,,0.019856233,0.000211,0.0198,4.794252784,6.707653522,1.8817399740219098,
1998,COD,,0.021788617,0.000413,0.0198,4.909889911,6.784370184,1.66715997457504,
1999,COD,,0.025409066,0.00101,0.0195,5.025527038,6.861086845,1.45257997512817,
2000,COD,6.7,0.0296985937240694,0.0059021136806903,0.0194228802955414,5.141164165,6.937803507,,
2001,COD,7.1,0.287727578607846,0.0114757819210493,0.0191434748967087,5.200545392,7.014520168,,
2002,COD,7.7,1.04185030828723,0.0927907024606925,0.0186044697908433,5.25992662,7.09123683,,
2003,COD,8.3,2.25178518877259,0.134914837437335,0.0175864111555486,5.319307847,7.167953491,,
2004,COD,9.0,3.49263315540874,0.196208375178039,0.0184638896478371,5.378689075,7.244670153,,
2005,COD,6.0,4.672156824474,0.238000005,0.0179989275844565,5.438070302,7.321386814,,
2006,COD,10.2,7.28434192555525,0.296099991,0.0160023998980598,5.478699563,7.398103476,4.20873022079468,
2007,COD,15.2,10.5509558026352,0.370000005,0.0056019941306467,5.519328824,7.474820137,4.20303010940552,33.6185607910156
2008,COD,11.6,15.4333274152911,0.439999998,0.0579587127723982,5.559958085,8.197680473,5.27932977676392,35.8376388549805
2009,COD,12.3,14.2422314241676,0.560000002,0.0637233812589777,5.600587346,8.352589607,6.261549949646,37.3938407897949
2010,COD,13.0,17.2401170438218,0.72,0.061242910502303,5.641216607,8.690759659,6.9101948738098145,37.0387916564941
2011,COD,13.7,22.081904226281,1.200000048,0.0804100974249418,5.74747775,9.02892971,7.55883979797363,38.9499206542969
2012,COD,15.4,27.4285479176207,1.679999948,0.0812699617108098,5.853738894,8.892789841,7.63979005813599,38.8012313842773
2013,COD,15.2,37.2504622843341,2.200000048,0.0,5.960000038,9.145159721,6.37279987335205,38.5140419006348
2014,COD,13.5,47.3232446178692,3.0,0.0,6.226666768,9.349272326,6.2153232892354335,41.1783905029297
2015,COD,16.6,46.5879368397055,3.799999952,0.0,6.493333499,9.557940559,6.057846705118816,42.1804618835449
2016,COD,17.3,34.4098982787676,10.1,0.0,6.760000229,9.7712661,5.9003701210022,44.37765630086262
2017,COD,18.0,40.6222618919854,10.899999905,0.0,6.903780222,9.989352895,6.020247578620912,46.574850718180336
2018,COD,18.7,40.5014483221793,11.69999981,0.0,7.047560215,10.21230721,6.140125036239625,48.77204513549805
2019,COD,19.1,39.9399996397964,13.02970028,0.0,7.126862507,10.44023769,6.260002493858337,50.969239552815765
2020,COD,20.1,42.5027574227056,14.51049995,0.0,7.206164799,10.67325539,6.37987995147705,53.16643397013348
2021,COD,20.8,47.2882541992485,16.1595993,0.0,7.378561086,10.91147386,,55.3636283874512
2022,COD,21.5,48.6773534153863,17.99620056,0.0,7.378561086,10.91147386,,55.424863815307646
2023,COD,22.1,53.1888827659463,18.96789932,0.0,7.378561086,10.91147386,,55.4860992431641
2024,COD,22.5,58.532153345468,19.67350006,0.0,,,,
1990,COG,,0.0,0.0,0.666,5.860829425,11.11108971,4.57369995117188,47.1228408813477
1991,COG,,0.0,0.0005883333333333334,0.69,6.039724902,10.84885025,4.54329013824463,46.0549201965332
1992,COG,,0.0,0.0011766666666666668,0.711,6.218620379,10.69184017,4.98357009887695,46.9916496276855
1993,COG,,0.0,0.001765,0.739,6.397515855,10.50271711,5.57453012466431,48.30091476440425
1994,COG,,0.0,0.0023533333333333336,0.769,6.576411332,10.31359406,5.257340113321943,49.610179901123
1995,COG,,0.0,0.002941666666666667,0.779,6.755306809,10.124471,4.940150101979577,48.8736305236816
1996,COG,,0.035503862,0.00353,0.778,6.856769915,9.935347939,4.622960090637211,48.1370811462402
1997,COG,,0.07546062049999999,0.00347,0.762,6.958233021,9.74622488,4.3057700792948435,46.2761707305908
1998,COG,,0.115417379,0.00342,0.745,7.059696128,9.557101822,3.9885800679524768,44.4152603149414
1999,COG,,0.165746278,0.0168,0.725,7.161159234,9.367978764,3.67139005661011,42.554349899292
2000,COG,29.4,2.22127377357922,0.0263547320580279,0.698114614553468,7.26262234,9.178855705,5.24350023269653,40.6934394836426
2001,COG,30.3,4.58359981873391,0.0322236164306931,0.67226130674764,7.310683811,8.989732647,4.20174980163574,38.8325290679932
2002,COG,31.2,6.61937207884394,0.157249517243982,0.65656530989435,7.358745283,8.800609589,3.7616400718689,36.9716186523438
2003,COG,32.1,9.57700682550374,0.460014186837522,0.203148629631898,7.406806754,8.589189529,3.79619002342224,38.03369140625
2004,COG,33.0,10.7599828806407,1.07750492958505,0.387597551460446,7.454868225,8.799640656,4.143438378969827,42.6813201904297
2005,COG,33.8,15.1009916964998,1.463400006,0.430338440744802,7.502929697,9.010091782,4.490686734517413,
2006,COG,34.9,23.9093357002081,2.007999897,0.358418922767941,7.516280106,9.220542908,4.837935090065,
2007,COG,35.8,32.3490426913675,2.75970437370903,0.336747537326369,7.529630514,9.430994034,5.185183445612587,
2008,COG,36.8,43.9283464733463,4.28750990276481,0.220006383831646,7.542980923,9.64144516,5.532431801160174,
2009,COG,37.1,68.8659935406248,4.5,0.270950867031096,7.556331332,9.851896286,5.87968015670776,
2010,COG,40.0,83.3372102664775,5.0,0.300294243538632,7.56968174,10.06234741,6.919280052185055,
2011,COG,40.8,84.2730931396327,5.6,0.308044472944584,7.687165337,10.27279854,7.95887994766235,
2012,COG,41.6,90.3528989863831,6.106699944,0.314991192819247,7.804648934,10.48324966,9.09545040130615,50.520320892334
2013,COG,42.5,95.9371427265534,6.599999905,0.322805855923464,7.92213253,10.70739212,8.56632041931152,
2014,COG,43.4,99.0799617354116,7.110000134,0.327580247112069,8.039616127,10.93632698,9.46128773689269,
2015,COG,44.3,102.323043027664,7.616000175,0.333491512935253,8.157099724,11.17015669,10.35625505447386,
2016,COG,45.3,103.857589492921,8.121899605,0.325512356449051,8.175790296,11.40898591,11.25122237205503,
2017,COG,46.2,94.4868175378447,8.649999619,0.31769697352519,8.194480868,11.65292155,12.1461896896362,
2018,COG,47.0,91.1889913731567,11.8071003,0.3101839510179595,8.21317144,11.90207278,11.8520264625549,
2019,COG,47.7,91.0654212529473,16.11639977,0.302670928510729,8.231862013,12.15655111,11.5578632354736,
2020,COG,48.7,97.6561289989503,21.99850082,0.295508736541967,8.250552585,12.41647044,11.2637000083923,
2021,COG,49.7,95.8614998889206,30.02739906,0.293601067847329,8.322644792,12.68194711,10.969536781311,
2022,COG,50.6,93.6259259161068,40.98669815,0.291693399152691,8.322644792,12.68194711,10.6753735542297,
2023,COG,51.3,94.8715365076336,43.15039825,,8.322644792,12.68194711,10.3812103271484,
2024,COG,53.0,95.5319320614796,47.25159836,,,,,
1990,COM,,0.0,0.0,0.734,,7.426238172,0.617150008678436,
1991,COM,,0.0,,0.799,,7.47828182,0.586355000734329,
1992,COM,,0.0,,0.828,,7.530690193,0.555559992790222,22.8796195983887
1993,COM,,0.0,,0.847,,7.583465849,0.578010022640228,23.781660079956048
1994,COM,,0.0,,0.886,,7.636241504,0.6858200232187907,24.6837005615234
1995,COM,,0.0,,0.892,,7.68901716,0.7936300237973534,26.13143463134762
1996,COM,28.9,0.0,,0.998,,7.741792815,0.901440024375916,27.579168701171838
1997,COM,32.7624130249023,0.0,0.0,1.08,,7.794568471,1.1068600018819172,29.02690277099606
1998,COM,35.0945281982422,0.0,0.0379,1.21,,7.847344126,1.3122799793879187,30.47463684082028
1999,COM,37.421802520752,0.0,0.148,1.24,,7.900119781,1.51769995689392,31.9223709106445
2000,COM,39.8,0.0,0.271740607285909,1.26343083121922,2.71568799,8.182189941,1.60367000102997,32.96247100830077
2001,COM,42.0,0.0,0.443068372538977,1.62201673915427,2.872843325,8.464260101,2.2093466917673767,34.00257110595703
2002,COM,44.8,0.0,0.554869674985088,1.83531541911855,3.02999866,8.746330261,2.8150233825047835,35.0426712036133
2003,COM,46.5,0.351001583017139,0.848189370151537,2.32450798353101,3.187153995,9.028400421,3.42070007324219,38.9220008850098
2004,COM,48.7,1.44273158097757,1.32732717785355,2.59736457816719,3.34430933,9.277261353,3.664120078086855,42.5534706115723
2005,COM,51.0,2.61913318721665,2.0,2.85804915662325,3.501464665,9.526122284,3.90754008293152,
2006,COM,53.2,6.09786144095193,2.200000048,3.1518653069931,3.65862,9.774983215,4.150960087776185,
2007,COM,55.5,10.0666691521039,2.5,4.218489383671,3.815775335,10.02384415,4.39438009262085,
2008,COM,57.8,14.578099401405,3.0,4.5778928249646,3.97293067,10.27270508,5.29471015930176,
2009,COM,60.1,19.097526742862,3.5,4.79587878750115,4.130086005,10.52156601,6.19504022598267,
2010,COM,69.7,25.2396019766781,5.099999905,3.23897891991277,4.28724134,10.77042694,7.90405216581276,
2011,COM,69.3,32.3981821883195,5.5,3.46467960769756,4.444396675,11.01928787,9.48193229364778,
2012,COM,69.3,41.5930930270088,5.975299835,3.52097178821355,4.60155201,11.2681488,10.5360636883691,
2013,COM,69.4,49.9143914322486,6.5,3.30368633940063,4.742080832,11.51700974,9.13247966766357,58.998580844006
2014,COM,71.8,53.8297097833741,6.980000019,3.30286731046812,4.882609653,11.59805012,9.5927242808028,61.5078774291294
2015,COM,74.1,58.4555555249752,7.459199905,2.00899430562474,5.023138475,11.82644926,12.6681589024251,59.98865644485503
2016,COM,76.4,61.2597928387402,7.938300133,1.75923941106127,5.163667297,12.05934623,15.743593524047402,58.46943546058067
2017,COM,78.7,61.9708221164076,8.478199959,2.27470664187379,5.304196119,12.29682963,18.8190281456697,56.9502144763063
2018,COM,81.0,64.6590805998004,12.4310002345,1.33749789395923,5.444724941,12.53898975,,61.7014685443494
2019,COM,83.3,73.1291747290161,16.38380051,1.27666931950805,5.585253763,12.78591871,,59.97753363635043
2020,COM,85.6,97.4339379901591,22.42040062,0.944072464075256,5.725782585,13.03771042,,58.25359872835145
2021,COM,87.9,104.311430086999,30.68120003,0.905308650727107,5.866311407,13.29446063,,56.529663820352475
2022,COM,89.9,100.549036907747,31.37409973,0.883493888667782,6.006840229,13.29446063,,54.8057289123535
2023,COM,89.8,109.855630436495,31.92749977,1.03752761977782,6.006840229,13.29446063,,
2024,COM,91.7,,32.51750183,,,,,
1990,CPV,,0.0,0.0,2.2,,,,18.4422798156738
1991,CPV,,0.0,,2.36,,,,20.248769760131825
1992,CPV,,0.0,,2.96,,,,22.05525970458985
1993,CPV,,0.0,,3.79,,,,23.861749649047873
1994,CPV,,0.0,,4.5,,,,25.6682395935059
1995,CPV,,0.0,,5.15,,,,32.23272260030113
1996,CPV,,0.0,,5.93,,,,38.797205607096366
1997,CPV,,0.004644099,0.241,7.68,,,,45.3616886138916
1998,CPV,,0.231705489,0.473,9.09,,,,51.92617162068683
1999,CPV,,1.794376227,1.16,10.5,,,1.54689002037048,58.49065462748206
2000,CPV,58.6,4.3521420992374,1.82244385164396,12.0542578372309,5.314436678,10.89157009,1.77746999263763,65.0551376342773
2001,CPV,60.3,6.84498786642421,2.68533271272311,13.932864501524,5.349154601,10.8199501,1.54462003707886,63.2078514099121
2002,CPV,58.6,9.19588220432249,3.5187571749658,15.0278559285381,5.384099328,11.17897034,3.76713991165161,66.3999862670898
2003,CPV,63.7,11.2682542465615,4.32488539053715,15.1496779563271,5.419272341,11.19349957,4.45262002944946,67.3274078369141
2004,CPV,65.4,13.7221770240107,5.31883206957883,14.9571312347456,5.45467513,11.11141014,5.89057016372681,66.9400405883789
2005,CPV,67.0,16.8456963812704,6.07408710659813,14.7593869494862,5.490309197,11.25413036,7.33844995498657,70.2636032104492
2006,CPV,68.8,22.182960825549,6.80891100753313,14.5860843481521,5.526176052,11.96337986,8.3322696685791,81.5834884643555
2007,CPV,70.5,30.6761522803765,8.28321981953034,14.4630081218888,5.562277217,11.8509903,9.42763996124268,80.4710464477539
2008,CPV,72.3,55.3839096049705,14.0,14.3331571441394,5.598614223,12.01655006,11.6451501846313,82.10888671875
2009,CPV,74.1,57.4189800865767,21.0,14.200390800192,5.635188609,12.06690979,14.5845203399658,81.2256927490234
2010,CPV,81.1,72.9467774586884,30.0,14.1179401471996,5.672001926,12.31021023,17.2396798150949,83.5471330073283
2011,CPV,82.3,77.511257275925,32.0,14.5671007944127,5.709055736,12.47877026,19.8174684695304,86.7000153273789
2012,CPV,83.2,83.0756609467629,34.74,13.7160492621422,5.74635161,12.40867043,19.8951290654347,89.9634082592786
2013,CPV,84.3,97.5075406315584,37.5,12.9195177900337,5.783891128,12.74475002,22.2468122776255,94.7526092529297
2014,CPV,85.3,119.724160007495,40.25999832,11.6373168646526,5.821430647,12.62335968,23.2703965538205,93.6074664791524
2015,CPV,86.4,119.335511344785,42.6830141582781,12.409200732249,5.860000134,12.34346008,22.524027665499,96.6012286324786
2016,CPV,87.5,117.442454843782,50.3228178676892,12.6277426378489,5.896509684,12.26861,23.6934975221505,98.2528458088996
2017,CPV,88.6,119.373631537182,57.1621463484891,12.6673594687391,5.934049202,12.11571026,24.5594648459854,99.462782259485
2018,CPV,90.2,118.876152819844,59.5,12.2084473574009,5.986045818,11.8648901,24.2905954414767,94.8972015380859
2019,CPV,91.4,115.867801067488,61.9433977593088,11.1866470597389,6.038042434,11.69658292,,95.2902285572104
2020,CPV,93.7,105.838590655535,69.37339783,11.2046537744886,6.09003905,11.53066323,,98.3093023666237
2021,CPV,95.5,114.230551109167,70.28250122,10.6089434025809,6.09003905,11.36709717,,97.0059250429478
2022,CPV,97.1,113.247367438782,73.32740021,10.9708489420692,6.09003905,11.36709717,,96.4315940376876
2023,CPV,98.6,113.022968194497,74.59919739,11.5589539966037,6.09003905,11.36709717,,
2024,CPV,98.4,111.84067886381,74.73519897,11.6777835569095,,,,
1990,DJI,,0.0,0.0,0.985,,2.456440572,,
1991,DJI,,0.0,0.0032,0.987,,2.534702912,0.0,
1992,DJI,,0.0,0.0064,1.08,,2.615458696,0.0858300030231476,
1993,DJI,,0.0,0.009600000000000001,1.2,,2.698787363,0.105959996581078,
1994,DJI,,0.0,0.0128,1.2,,2.784770886,0.124420002102852,
1995,DJI,,0.0,0.016,1.19,1.158040705,2.87349385,0.16703999787569052,
1996,DJI,62.0,0.017063549,0.0312,1.26,1.220537887,2.965043532,0.209659993648529,
1997,DJI,56.2944946289063,0.03039896,0.0829,1.23,1.28640792,3.059509993,0.251010000705719,
1998,DJI,56.3222541809082,0.03165832,0.0947,1.13,1.355832829,3.152662516,0.24796000123023998,
1999,DJI,56.3451690673828,0.038922892,0.106,1.22,1.429004464,3.245815039,0.244910001754761,
2000,DJI,56.0,0.0307767242325222,0.194500528399956,1.29851013892346,1.506125028,3.338967562,0.257360011339188,
2001,DJI,56.1,0.388947158935478,0.343526262964202,1.28767439418239,1.587407638,3.432120085,0.654820024967194,
2002,DJI,49.7,1.88543114782534,0.48697170451894,1.27266602478211,1.673076911,3.578700066,0.934469997882843,
2003,DJI,56.4,2.82722345759595,0.625940229399888,1.25000153653449,1.763369586,3.835530043,1.14007997512817,
2004,DJI,56.6,4.17394967341464,0.781317175068661,1.34398710120999,1.85853518,4.09236002,1.43494999408722,
2005,DJI,56.8,5.24961062577532,0.953599989,1.26053574556673,1.958836673,4.217241898,2.15187001228333,
2006,DJI,55.5,5.23707470751282,1.269999981,1.32057436396016,2.064551241,4.342123777,2.43639993667602,
2007,DJI,57.2,7.95160360788906,1.62,1.61378480734751,2.175971017,4.467005655,2.70820999145508,
2008,DJI,57.4,12.6407194080208,2.26,1.67015034713588,2.2934039,4.591887534,2.89696002006531,
2009,DJI,57.6,14.1275025314664,4.0,1.84766880191152,2.417174404,4.716769412,3.63386988639831,
2010,DJI,57.9,17.8030445546417,6.5,1.98591562922265,2.54762456,4.841651291,3.61855006217956,
2011,DJI,58.1,20.3518393182072,7.0,1.94421427050323,2.685114854,4.966533169,5.16012001037598,
2012,DJI,54.6,21.9776218597006,9.399999619,2.06413880777494,2.830025229,5.091415048,,
2013,DJI,58.6,24.7884901261545,12.69999981,2.10047683647027,2.982756133,5.216296926,,
2014,DJI,58.9,28.6271201146485,17.0,2.18526264140331,3.143729623,5.341178805,,
2015,DJI,59.1,30.8091732634986,22.89999962,2.24460533189325,3.304703114,5.466060683,,
2016,DJI,59.8,33.271816300825,30.79999924,2.40205540773264,3.465676604,5.590942562,,
2017,DJI,60.2,35.3657091447905,55.6814092453962,3.46801081869211,3.626650095,5.71582444,,
2018,DJI,62.4,36.8545231657962,57.06169891,3.43834489244152,3.787623586,5.840706319,,
2019,DJI,64.7,38.0143821719119,58.4762001,3.40834878741702,3.8418874,5.965588197,,
2020,DJI,64.5,39.2725038635961,59.92570114,3.51668675374687,3.896151215,6.090470076,,
2021,DJI,65.4,43.6423520933817,61.41120148,2.4371057963983,3.95041503,6.129430056,,
2022,DJI,65.0,46.7770531248021,63.77600098,2.45634493481641,3.95041503,6.168390036,,
2023,DJI,65.2,48.4504884885996,64.75869751,2.48693778709113,3.95041503,6.207350016,,
2024,DJI,69.2,,65.29889679,,,,,
1990,ERI,,0.0,0.0,,,,,
1991,ERI,,0.0,0.0,,,,,
1992,ERI,,0.0,0.0,0.723,,,,
1993,ERI,,0.0,0.0,0.718,,,,24.2678394317627
1994,ERI,,0.0,0.0,0.794,,,,25.5674705505371
1995,ERI,22.9,0.0,0.0,0.866,,5.933259964,1.73020994663239,27.7611198425293
1996,ERI,24.7554473876953,0.0,0.0,0.889,,5.995250225,1.42960000038147,28.9619407653809
1997,ERI,25.8746109008789,0.0,0.00902,1.02,,6.231336753,1.46467500925064,32.2417984008789
1998,ERI,26.9896945953369,0.0,0.00877,1.11,,6.46742328,1.49975001811981,36.2155284881592
1999,ERI,28.0999355316162,0.0,0.0255,1.24,,6.703509808,1.95580005645752,40.1892585754395
2000,ERI,29.3,0.0,0.136711941104496,1.359749820986,,7.421460152,2.00988006591797,45.2635498046875
2001,ERI,30.3,0.0,0.157815289303043,1.35155416402294,,7.457499981,2.69304990768433,45.8157081604004
2002,ERI,32.2,0.0,0.227090137626716,1.50009736821651,,7.821269989,2.54442000389099,46.5302581787109
2003,ERI,32.4,0.0,0.2636721093013728,1.52684366633345,,8.191325188,2.2577499747276297,47.3321685791016
2004,ERI,33.4,0.769738796836681,0.30025408097602957,1.51142061452867,,8.561380386,1.97107994556427,47.4052391052246
2005,ERI,34.5,1.51953149219435,0.3368360526506864,1.41709707783851,4.710979562,8.337298298,2.312387943267822,51.6001396179199
2006,ERI,35.6,2.29317381677543,0.3734180243253432,1.38860633356291,4.703474364,8.113216209,2.653695940971374,53.1192588806152
2007,ERI,36.7,3.07477849040289,0.409999996,1.36379775315304,4.695981122,7.889134121,2.995003938674926,50.1338500976562
2008,ERI,37.8,3.85718703829491,0.469999999,1.43502512314799,4.688499818,7.665052032,3.336311936378478,51.3945808410645
2009,ERI,38.9,4.88696745195879,0.540000021,1.67849481540989,4.681030433,7.440969944,3.67761993408203,51.8130187988281
2010,ERI,40.1,6.29077416502727,0.610000014,1.84137776018221,4.673572948,7.158269882,4.35516023635864,51.5608596801758
2011,ERI,41.2,8.06870803088893,0.699999988,1.95008479282037,4.666127343,7.282687426,4.298550128936765,51.8398818969727
2012,ERI,42.3,10.0521635251769,0.800000012,1.97860511796556,4.6586936,7.407104969,4.24194002151489,52.7079315185547
2013,ERI,43.5,11.5420445230877,0.899999976,2.01456563317243,4.6512717,7.531522512,4.185329914093015,51.34619140625
2014,ERI,44.6,13.4855143799717,0.99000001,2.06773579376662,4.6438498,7.655940056,4.12871980667114,50.6653785705566
2015,ERI,45.8,15.2952170085389,1.083699942,2.12523015276541,4.6364279,7.23029995,3.51574993133545,46.171501159668
2016,ERI,46.9,16.1935649461164,1.177099943,2.11495638938547,4.629006,7.247920964,3.20262002944946,45.541280746460004
2017,ERI,48.0,22.0610618449333,2.496099949,2.10040354284782,4.6215841,7.265584922,,44.911060333252
2018,ERI,49.1,31.2608010853026,5.293000221,2.06865930822572,4.77817754,7.28329193,,46.1723785400391
2019,ERI,50.3,40.4605403256719,11.22379971,2.03691507360362,4.93477098,7.301042091,,45.64031600952153
2020,ERI,51.4,54.7205015934574,14.34939957,2.00530433379688,5.09136442,7.318835512,,45.10825347900395
2021,ERI,52.5,53.7582573847458,,1.9700416365315,5.09136442,7.336672297,,44.57619094848637
2022,ERI,55.4,59.1248082166991,,2.00079367709778,5.09136442,7.336672297,,44.0441284179688
2023,ERI,54.4,,,,5.09136442,7.336672297,,
2024,ERI,55.3,,,,,,,
1990,ETH,,0.0,0.0,0.263,,2.954899966,0.787320017814636,
1991,ETH,,0.0,3.4999999999999995e-06,0.268,,2.780019999,0.776000022888184,13.8706998825073
1992,ETH,,0.0,6.999999999999999e-06,0.245,,2.61548996,0.7180766860644027,11.9716300964356
1993,ETH,,0.0,1.0499999999999998e-05,0.247,,2.450959921,0.6601533492406214,10.651909828186
1994,ETH,,0.0,1.3999999999999998e-05,0.248,,2.286429882,0.60223001241684,10.3277502059937
1995,ETH,,0.0,1.75e-05,0.248,,2.531869888,0.660380005836487,10.4840297698975
1996,ETH,,0.0,0.0017,0.25,,2.927730083,0.686529994010925,11.0706901550293
1997,ETH,,0.0,0.00497,0.255,,3.250910044,0.80171000957489,11.812380154927567
1998,ETH,,0.0,0.00966,0.259,,3.574090004,0.837999999523163,12.554070154825833
1999,ETH,,0.010356869,0.0125,0.298,,3.897269964,0.931810021400452,13.2957601547241
2000,ETH,12.7,0.026341205254997,0.0152637672082567,0.344073371226574,1.482605772,4.218190193,1.17114996910095,14.451319694519
2001,ETH,10.2,0.0395753139955781,0.0371623810686744,0.408248865462094,1.556591678,4.730609894,1.47605001926422,17.3430194854736
2002,ETH,11.9,0.0703128868323795,0.0724022618698295,0.493911421062264,1.630577584,5.022950172,1.68374001979828,19.1939201354981
2003,ETH,13.5,0.0695139494020418,0.105811658802603,0.548253284593026,1.70456349,5.178480148,2.40167999267578,19.5667705535889
2004,ETH,15.2,0.204442313509778,0.155334520794722,0.636679533157409,1.783422613,5.507180214,2.72982001304627,21.47705078125
2005,ETH,14.0,0.523980166770728,0.219659818999505,0.778826980123258,1.862281736,6.314970016,2.94167995452881,23.8548793792725
2006,ETH,18.6,1.07393125130028,0.310592656856176,0.898407243602476,1.941140858,6.847913265,3.1384932994842534,27.4775695800781
2007,ETH,20.3,1.45421325867565,0.37,1.05903000120922,2.019999981,7.380856514,3.3353066444396964,30.251350402832
2008,ETH,22.0,2.28482954460171,0.449999988,1.04892275603613,2.057500005,7.913799763,3.53211998939514,31.3109302520752
2009,ETH,23.7,4.60380846952871,0.540000021,1.03974841455803,2.095000029,7.940599918,5.09216022491455,31.649019241333
2010,ETH,25.5,7.57025899497312,0.75,1.00386229003052,2.132500052,8.021840096,6.96482992172241,33.0478591918945
2011,ETH,23.0,15.1655003216856,1.100000024,0.889971301117971,2.170000076,8.198710442,7.27566003799438,34.4468994140625
2012,ETH,29.0,21.4239594545095,2.900000095,0.832475223819948,2.221358061,8.268199921,7.62416982650757,36.2193489074707
2013,ETH,30.8,26.0536269908585,4.599999905,0.773526677517475,2.272716045,8.328389906,6.771710301814435,35.450040004361504
2014,ETH,27.2,30.1536033852735,7.699999809,0.810952928039499,2.32407403,8.388579891,5.9192507771213,34.6807311012523
2015,ETH,29.0,40.7363012371526,13.8551755555556,0.857482012958189,2.375432014,8.448769877,,33.9114221981431
2016,ETH,42.9,47.9993274246983,15.3669238595896,1.07479362322601,2.426789999,8.508959862,,
2017,ETH,44.3,36.1094836260863,15.62440014,1.07690151925272,2.41103665,8.66349872,,
2018,ETH,44.8,36.16470719907575,15.88619995,1.0793304510221802,2.395283302,8.818037577,,
2019,ETH,48.0,36.2199307720652,15.98460007,1.08175938279164,2.379529953,8.972576435,,
2020,ETH,51.1,37.4208472347226,16.06959915,0.840917915387024,2.391007204,9.094288497,,
2021,ETH,54.2,52.8088633217211,16.6981031,0.724832351918134,2.402539813,9.217651571,,
2022,ETH,55.0,56.9642988837987,17.9836998,0.687611678168254,2.402539813,9.217651571,,
2023,ETH,55.4,59.8748744402242,20.33749962,0.648140518659122,2.402539813,9.217651571,,
2024,ETH,56.6,65.0825091944922,21.94129944,0.579763252194743,,,,
1990,GAB,,0.0,0.0,2.11,4.32,11.06384079,5.09427976608276,
1991,GAB,,0.0,0.0,2.6,4.5,11.10699025,,
1992,GAB,,0.026989357,0.0,2.66,4.68,11.15030799,,
1993,GAB,,0.11263481,0.0,2.8,4.86,11.19379468,,
1994,GAB,,0.236007136,0.0,2.87,5.04,11.23745096,,36.2813987731934
1995,GAB,,0.356517678,0.0,2.85,5.22,11.28127751,,38.6296997070312
1996,GAB,,0.590995488,0.0,3.04,5.406,11.32527499,,45.6380081176758
1997,GAB,,0.805217129,0.048,3.15,5.592,11.36944405,,46.0411911010742
1998,GAB,,0.801268275,0.17,3.19,5.778,11.41378538,,45.1938247680664
1999,GAB,,0.716574627,0.249,3.06,5.964,11.45829964,6.65822982788086,44.3464584350586
2000,GAB,73.6,9.40754422329747,1.21614061828589,3.0554135713233,6.15,11.50307465,7.057849884033205,46.48198890686035
2001,GAB,77.2,11.4539752548319,1.34762022159633,2.84310573775436,6.304,11.54784966,7.45746994018555,48.6175193786621
2002,GAB,77.8,20.7628974043498,1.93953010616212,2.38451902597137,6.458,11.59288677,7.55636501312256,49.4348793029785
2003,GAB,78.5,21.7021738344124,2.65958659385985,2.77896335949651,6.612,11.63809953,7.65526008605957,
2004,GAB,79.2,34.4234596151262,2.97906980035019,2.71903174501568,6.766,11.68348863,,
2005,GAB,81.6,50.3377189536008,4.89326474972412,2.67359984147537,6.92,11.72905474,,
2006,GAB,80.5,59.534904998021,5.48920080280135,2.41829246381942,7.05,11.77479857,,
2007,GAB,81.3,75.1170933476071,5.767000198,1.7026326966908,7.18,11.82072079,,
2008,GAB,82.0,80.887271143466,7.5,2.06355872882542,7.31,11.86682212,,
2009,GAB,82.7,87.2675973605464,9.5,2.19432868949346,7.44,11.91310324,,
2010,GAB,89.3,93.6112366044355,13.0,1.76646147781326,7.57,11.95956486,,
2011,GAB,88.7,133.010491109633,18.0,1.26258077368777,7.852,12.00620769,,
2012,GAB,89.3,138.488452744047,24.0,1.22427498349928,8.134,12.05303242,,
2013,GAB,86.4,143.499442515887,30.53800011,1.00634638032596,8.416,12.10003977,,
2014,GAB,87.1,148.237590091786,38.07120132,0.934998450767515,8.698,12.14723045,,
2015,GAB,87.3,138.244498133013,45.78450012,0.919064237974825,8.98,12.19460518,,
2016,GAB,88.1,141.050208874326,48.0522995,0.902059033302766,9.094,12.24216467,,
2017,GAB,86.3,123.475497241411,51.60490036,0.984514812925959,9.208,12.28990964,,
2018,GAB,89.6,132.465314660912,55.42020035,0.986205418931636,9.322,12.33784083,,
2019,GAB,90.3,131.975264871196,59.51760101,0.982975747297048,9.436,12.38595894,,70.2639966402203
2020,GAB,91.1,131.301562643297,63.91790009,1.09483629768973,9.55,12.43426472,,
2021,GAB,91.8,132.30865873249,65.76809692,1.33410638686392,9.686,12.48275889,,
2022,GAB,93.5,123.233187164275,67.67169952,1.78525366893387,9.686,12.48275889,,
2023,GAB,94.1,122.606627765979,68.19789886,2.19563914682494,9.686,12.48275889,,
2024,GAB,95.1,125.337107593999,68.72090149,2.64357104821202,,,,
1990,GHA,,0.0,0.0,0.287,4.183136892,5.655748717,,33.9981918334961
1991,GHA,,0.0,6.96e-05,0.295,4.310931298,5.7762367,0.910929977893829,33.84991912841798
1992,GHA,,0.002462819,0.0001392,0.295,4.438725704,5.899291515,1.05234003067017,33.70164642333986
1993,GHA,30.6,0.010466464,0.00020879999999999998,0.293,4.56652011,6.024967843,1.25375998020172,33.55337371826174
1994,GHA,30.36940574646,0.019576484,0.0002784,0.294,4.694314516,6.153321534,1.28396999835968,33.40510101318362
1995,GHA,32.4504508972168,0.035552754,0.000348,0.362,4.822108922,6.284409625,,33.2568283081055
1996,GHA,34.5287704467773,0.071542215,0.00565,0.437,4.902193417,6.418290368,,33.064441680908224
1997,GHA,36.6036949157715,0.119695381,0.0275,0.579,4.982277911,6.555023256,,32.87205505371095
1998,GHA,42.6,0.223102599,0.0322,0.714,5.062362406,6.694669052,,32.67966842651367
1999,GHA,40.7405395507813,0.365160156,0.105,0.839,5.1424469,6.83728981,,32.4872817993164
2000,GHA,43.7,0.662241808064506,0.153615297625799,1.08238049767769,5.222531394,7.17249012,,32.5775909423828
2001,GHA,44.8,1.20888662601392,0.200008060324831,1.21302703927874,5.270241306,6.862949848,,30.9433898925781
2002,GHA,46.8,1.86582932404951,0.830284033818738,1.32680713969944,5.317951218,7.194029808,,32.267578125
2003,GHA,48.3,3.73545578999193,1.19305791098328,1.36654942630797,5.365661129,7.127200127,,33.6547889709473
2004,GHA,50.8,7.75094614130464,1.71679770389504,1.43278640157547,5.413371041,7.566929817,,36.1445503234863
2005,GHA,41.2,12.8045967119533,1.83119746104616,1.43222293582583,5.461080952,8.221770287,5.35099983215332,38.1276893615723
2006,GHA,55.1,22.6001881366288,2.72317597313987,1.54663256353908,5.520718342,8.645079613,4.7728099822998,39.8474884033203
2007,GHA,56.9,32.1629441899404,3.85,1.59252413864163,5.580355731,9.311630249,5.92381000518799,43.759521484375
2008,GHA,60.5,47.7132196500561,4.27,0.593403383248771,5.639993121,9.909689903,7.91365003585815,46.0595817565918
2009,GHA,61.1,60.7694975888344,5.44,1.07546399693935,5.69963051,10.01552963,8.29780006408691,47.9277191162109
2010,GHA,64.2,68.4473107845556,7.8,1.09086184315247,5.7592679,10.34964466,9.790123376808705,51.7673244476318
2011,GHA,64.1,81.1104488323626,9.0,1.09109039984843,5.789938557,10.68375969,11.2824466895305,55.6069297790527
2012,GHA,56.5,95.8261770997433,10.6,1.06597644640953,5.820609215,10.93752003,11.4938894891938,56.7326017795109
2013,GHA,70.7,102.337999297675,15.0,0.987439181488278,5.851279872,11.07386971,13.4205396326832,68.1991424560547
2014,GHA,78.3,108.270496910446,19.0,0.928645563347473,5.88195053,10.72198963,15.0809451652103,63.974569978053
2015,GHA,74.0,121.997156544235,23.0,0.960305781265921,5.912621187,11.17568016,15.5618871637579,67.0486566518056
2016,GHA,79.3,130.481366086196,28.0,0.856668631689443,6.016560637,11.09840012,15.606270735823,67.2644101341977
2017,GHA,79.0,122.471765695646,37.88420105,1.00489017158355,6.120500088,10.9863596,16.2065694246062,66.6359450193038
2018,GHA,80.4,133.609992432498,43.0,0.908619266172578,6.317842102,10.95788002,15.9045597520982,68.2222557975165
2019,GHA,83.5,130.70523333401,22.0732,0.923034990464329,6.515184116,11.29076004,17.3607250095097,71.1877006008423
2020,GHA,85.4,126.887391353856,62.51760101,0.96484521718002,6.712526131,11.42975998,18.6139938594155,74.0102186341371
2021,GHA,86.3,124.402625384529,68.6,0.969507819586075,6.909868145,11.58627987,19.2005186528071,76.2084742091088
2022,GHA,85.1,120.803416027053,69.91329956,0.995548845412395,7.107210159,11.41845989,20.44559258931,77.8168696801948
2023,GHA,89.5,98.8059221412722,70.67430115,0.942526372003906,7.107210159,11.41845989,22.0958254757285,76.7671689709568
2024,GHA,91.9,113.647966704673,72.17569733,0.782388128251515,,,21.330810546875,75.7174682617188
1990,GIN,,0.0,0.0,0.176,1.312727442,2.694149971,1.04196000099182,9.75790977478027
1991,GIN,,0.0,3.45e-05,0.173,1.325301235,2.820280075,0.905399978160858,10.2290000915527
1992,GIN,,0.0,6.9e-05,0.156,1.337995465,2.996155024,0.847769975662231,11.106415271759001
1993,GIN,,0.000596075,0.0001035,0.162,1.350811284,3.172029972,1.17282998561859,11.9838304519653
1994,GIN,,0.01118132,0.000138,0.127,1.363749859,3.392210007,1.09438002109528,12.6506395339966
1995,GIN,,0.012720352,0.000669,0.144,1.376812363,3.624340057,1.21478998661041,13.1580996513367
1996,GIN,,0.012364775,0.00195,0.209,1.389999986,3.856470108,1.12723004817963,13.6655597686768
1997,GIN,,0.036568544,0.0038,0.249,1.403571418,4.202220082,1.16131997108459,13.7630933125814
1998,GIN,,0.269838956,0.0062,0.188,1.417142851,4.547970057,1.22133994102478,13.860626856486
1999,GIN,16.4,0.308040578,0.0608,0.255,1.430714284,4.893720031,1.4008632898330684,13.9581604003906
2000,GIN,15.2,0.499618452473605,0.0954249236063846,0.288426676436308,1.444285716,5.239470005,1.5803866386413568,16.228375434875502
2001,GIN,16.4,0.6518765895859,0.175541868491054,0.298479149785245,1.457857149,5.585219979,1.759909987449645,18.4985904693604
2002,GIN,17.7,1.04647578194586,0.402022748744397,0.299617272914456,1.471428582,5.930969954,1.9394333362579332,21.2247695922852
2003,GIN,18.9,1.2569355505451,0.450960370842751,0.29495711820639,1.485000014,6.276719928,2.118956685066222,22.6574001312256
2004,GIN,20.2,1.70919875542966,0.508819332302937,0.289096238813796,1.498571447,6.622469902,2.29848003387451,24.6455307006836
2005,GIN,20.2,2.04416167956111,0.542299986,0.270391756555702,1.51214288,7.105619907,3.08171010017395,29.0273208618164
2006,GIN,22.8,11.371603897534705,0.637499988,0.243613848324535,1.525714312,7.582719803,5.37415981292725,32.2970886230469
2007,GIN,24.1,20.6990461155083,0.780025279059244,0.227689507270592,1.539285745,7.853904724,8.27204990386963,32.7675895690918
2008,GIN,25.4,27.7809487345525,0.92,0.272758405757425,1.552857178,8.125089645,9.32559967041016,33.2380905151367
2009,GIN,26.7,34.3962962020929,0.94,0.216886935066221,1.56642861,8.300136566,9.34879016876221,34.407553354899065
2010,GIN,28.1,38.4760187632153,1.0,0.173142084434469,1.580000043,8.475183487,10.5439796447754,35.57701619466143
2011,GIN,29.5,45.6101779050204,2.0,0.168906079774341,1.652500033,8.650230408,10.6184597015381,36.7464790344238
2012,GIN,26.2,51.1345381222737,3.099999905,0.0,1.725000024,8.652159691,10.0085697174072,36.8766899108887
2013,GIN,32.2,66.4452768540172,4.5,0.0,1.797500014,8.883224964,10.4364004135132,37.715784072876005
2014,GIN,33.5,75.686895511554,6.400000095,0.0,1.870000005,9.114290237,10.8547201156616,38.5548782348633
2015,GIN,34.9,91.475617974568,9.199999809,0.0,2.45095998,9.286886149,,
2016,GIN,33.5,92.0232948978011,13.10000038,0.0,3.031919956,9.462750484,,
2017,GIN,35.4,94.4640894763856,18.70000076,0.0,2.580960035,9.641945134,,
2018,GIN,45.0,94.5550074326391,21.8300230430563,0.0,2.130000114,9.824533166,,
2019,GIN,42.2,98.7621473298315,23.89049911,0.0,2.242710416,10.01057884,,
2020,GIN,44.7,107.776552007403,26.14550018,0.0,2.361384854,10.20014763,,
2021,GIN,46.8,110.185519681138,28.61330032,0.0,2.486339025,10.39330626,,
2022,GIN,47.7,95.3174629318803,31.31399918,0.0,2.486339025,10.39330626,,
2023,GIN,51.1,97.8794996455513,32.31560135,,2.486339025,10.39330626,,
2024,GIN,53.8,,33.30469894,,,,,
1990,GMB,,0.0,0.0,0.585,1.395152942,3.84434068,,15.0076599121094
1991,GMB,,0.0,0.0018440000000000002,0.912,1.521166756,4.00602438,,15.4440202713013
1992,GMB,,0.018098713,0.0036880000000000003,1.22,1.64718057,4.174508107,,15.7997798919678
1993,GMB,17.7,0.039116364,0.0055320000000000005,1.37,1.773194384,4.350077852,,18.0642108917236
1994,GMB,18.2500495910645,0.067336605,0.007376000000000001,1.49,1.899208198,4.533031638,,18.2833099365234
1995,GMB,19.921443939209,0.116088572,0.00922,1.52,2.025222012,4.723680019,1.44263994693756,20.5519695281982
1996,GMB,21.5901184082031,0.242050865,0.0355,1.64,2.067976699,4.939758484,1.3331449627876275,20.0912609100342
1997,GMB,23.255392074585,0.359452757,0.0513,1.85,2.110731386,5.155836949,1.2236499786376949,
1998,GMB,24.9165878295898,0.372219506,0.206,1.86,2.153486073,5.371915414,1.1141549944877625,
1999,GMB,26.572940826416,0.380021754,0.716,2.06,2.19624076,5.587993879,1.00466001033783,
2000,GMB,34.3,0.384857506508215,0.921794919066406,2.28852767262921,2.238995447,5.804072343,1.018514013290406,
2001,GMB,29.9,3.68458827393243,1.33679116648397,2.3430596831729,2.322254574,6.020150808,1.032368016242982,
2002,GMB,31.5,6.51172664292491,1.79677988296495,2.4972471675617,2.405513701,6.236229273,1.046222019195558,
2003,GMB,27.8,9.46367640692161,2.436781193062,2.66136582465513,2.488772828,6.452307738,1.060076022148134,
2004,GMB,34.8,10.7937275490467,3.30800347812937,2.65174130580666,2.572031955,6.668386203,1.07393002510071,
2005,GMB,30.5,14.8453813562626,3.799000025,2.63941352231534,2.655291083,6.884464667,1.1945785407455816,
2006,GMB,38.1,23.573187972774,5.23769115841218,2.6993922257364,2.75880243,7.100543132,1.3152270563904533,
2007,GMB,39.8,45.3269217918035,6.20503741852418,2.75799734280831,2.862313777,7.316621597,1.4358755720353251,
2008,GMB,41.5,64.1491166497603,6.880000114,2.68822764449471,2.965825124,7.532700062,1.5565240876801967,45.2912902832031
2009,GMB,43.2,70.153818860738,7.630000114,2.58899382394778,3.069336472,7.53000021,1.6771726033250682,46.214469909668
2010,GMB,46.8,76.7322734515709,9.2,2.531726382336,3.172847819,7.477910042,1.79782111896994,45.5351409912109
2011,GMB,48.3,70.6308247268856,10.87030029,2.54311961382892,3.305612373,7.603649736,2.79681586845883,
2012,GMB,49.9,74.6999893299085,12.44919968,3.14209723096441,3.438376927,7.73150372,1.18089454395552,
2013,GMB,51.5,87.8808072933996,14.0,3.05140173588995,3.571141481,7.861507545,,
2014,GMB,53.0,105.505264889158,15.56000042,2.57982340722781,3.676881218,8.020992137,,
2015,GMB,54.7,122.078516396055,17.59950066,2.02290012852159,3.782620955,8.180476728,,
2016,GMB,56.4,124.273821038818,19.90640068,1.66255869135626,3.888360691,8.33996132,,
2017,GMB,56.2,126.633674737607,22.5156002,1.36795109190591,3.994100428,8.499445911,,
2018,GMB,60.3,132.57837035012,28.30900002,1.83361448755476,4.099840164,8.658930503,,
2019,GMB,62.1,105.204644657943,31.11829948,2.44215749962147,4.306130171,8.818415094,,
2020,GMB,62.2,106.448259811355,36.01100159,2.38499077604817,4.512420177,8.977899686,,
2021,GMB,63.7,108.847403542688,41.67309952,2.32918350472242,4.674727154,8.977899686,,107.027125590442
2022,GMB,65.4,106.782250509204,48.22539902,2.39247933790257,4.674727154,8.977899686,,
2023,GMB,66.9,117.115660832998,48.72829819,1.62107163309975,4.674727154,8.977899686,,
2024,GMB,69.0,126.243773523653,49.49430084,1.59881129917956,,,13.4765901565552,
1990,GNB,,0.0,0.0,0.612,,6.612446919,,
1991,GNB,,0.0,,0.621,,6.7346524,,
1992,GNB,,0.0,,0.627,,6.859116377,,
1993,GNB,,0.0,,0.63,,6.985880588,,
1994,GNB,,0.0,,0.635,,7.114987546,,
1995,GNB,,0.0,,0.657,,7.246480545,,
1996,GNB,,0.0,,0.693,,7.380403683,,
1997,GNB,,0.0,0.0164,0.655,,7.516801872,,
1998,GNB,,0.0,0.0241,0.68,,7.655720854,,
1999,GNB,,0.0,0.118,0.504,,7.797207215,,
2000,GNB,,0.0,0.230103170591588,0.900836693687178,,7.941308404,,17.9289207458496
2001,GNB,,0.0,0.299569144677667,0.785000551030586,,8.088072745,,20.76859664916992
2002,GNB,1.3,0.0,1.02299323436117,0.868451036099238,,8.237549457,,23.60827255249024
2003,GNB,2.6,0.0966783590611508,1.35419747762901,0.800572639190298,,8.389788667,,26.44794845581056
2004,GNB,3.9,2.92324256074003,1.80814220342991,0.720159044075749,,8.54484143,,29.28762435913088
2005,GNB,5.2,7.15301628202391,1.90139997,0.695867427628412,2.148568167,8.702759743,2.26420998573303,32.1273002624512
2006,GNB,14.5,11.1163475241697,2.057199955,0.479331987567327,2.27117,9.133029938,2.62031006813049,34.3966407775879
2007,GNB,7.9,20.4152900165818,2.20630002,0.315233916798646,2.418591125,9.232721901,,
2008,GNB,9.3,33.6114146395225,2.35488871087933,0.312287054098843,2.56601225,9.332413863,,
2009,GNB,4.7,36.7107863915664,2.30328059172582,0.317352790300168,2.713433375,9.432105826,,
2010,GNB,6.0,43.2448876270711,2.450000048,0.0,2.8608545,9.531797789,,
2011,GNB,13.5,45.5596626030113,2.671999931,0.0,3.008275625,9.631489752,,
2012,GNB,14.9,63.5328932668127,2.894000053,0.0,3.15569675,9.731181715,,
2013,GNB,16.3,55.420045012509,3.099999905,0.0,3.303117875,9.830873678,,
2014,GNB,17.2,63.654183911294,3.319999933,0.0,3.450539,9.930565641,,
2015,GNB,20.1,69.3267736083208,6.099999905,0.0,3.4950382,10.0302576,,
2016,GNB,22.9,70.1915996185367,13.80000019,0.0,3.5395374,10.12994957,,
2017,GNB,26.0,76.4393694008541,14.80000019,0.0,3.5840366,10.22964153,,
2018,GNB,28.4,77.0219356476645,15.69999981,0.0,3.6285358,10.32933349,,
2019,GNB,30.9,80.8245277725828,17.92149925,0.0,3.673035,10.42902545,,
2020,GNB,33.4,95.0628708236165,20.45730019,0.0,3.673035,10.5316806,,
2021,GNB,35.8,108.62961248586,23.3519001,0.0,3.673035,10.63534621,,
2022,GNB,37.4,125.934670099533,27.67379951,0.0,3.673035,10.63534621,,
2023,GNB,40.5,128.110529740092,28.71240044,,3.673035,10.63534621,,
2024,GNB,43.7,147.197631273872,29.77739906,,,,,
1990,GNQ,,0.0,0.0,0.274,,,,
1991,GNQ,,0.0,,0.264,,,1.39267003536224,
1992,GNQ,,0.0,,0.255,,,,
1993,GNQ,,0.0,,0.245,,,,24.9821891784668
1994,GNQ,,0.0,,0.457,,,,22.8022499084473
1995,GNQ,,0.0,,0.44,,,,22.71389389038088
1996,GNQ,,0.010470791,,0.618,,,,22.62553787231446
1997,GNQ,,0.049540103,0.0415,0.616,,,,22.53718185424804
1998,GNQ,,0.04716277,0.0944,0.87,,,,22.44882583618162
1999,GNQ,,0.091599138,0.0974,0.869,,,,22.3604698181152
2000,GNQ,64.8,0.710955396080361,0.132354665123789,0.86736558321804,6.393709877,6.095940113,1.84452998638153,21.7535190582275
2001,GNQ,64.9,2.00043742898447,0.16526042288306,0.920201217332857,6.484496369,6.400476065,,18.6993808746338
2002,GNQ,64.9,4.01024115334536,0.321197997152044,1.10281631716997,6.57657197,6.705012017,,18.1188793182373
2003,GNQ,64.9,4.89466446190536,0.520524272046806,1.13225973094678,6.669954983,7.009547969,,17.999079386393234
2004,GNQ,64.9,6.87841212022887,0.843930284607049,1.1667742691826,6.764663975,7.314083921,,17.879279454549167
2005,GNQ,65.0,10.2283486758563,1.149799943,1.05555713889126,6.860717772,7.618619873,,17.7594795227051
2006,GNQ,65.1,12.1170140042389,1.279199958,1.00975116701991,6.958135469,7.923155825,,
2007,GNQ,65.1,14.4781495766589,1.557100058,0.96520997177726,7.056936435,8.227691778,,
2008,GNQ,65.2,16.5970512572266,1.820000052,0.922058403179257,7.157140309,8.53222773,,
2009,GNQ,65.4,17.6107030809045,2.130000114,0.880535154045223,7.258767013,8.836763682,,
2010,GNQ,66.1,33.579601121871,6.0,1.1384383790898,7.361836749,9.141299634,,
2011,GNQ,66.1,38.5606783509887,11.5,1.16923745908273,7.466370009,9.445835586,,
2012,GNQ,65.7,38.7385841174565,13.94320011,1.14945461208226,7.572387571,9.750371538,,
2013,GNQ,65.9,37.9420717892644,16.39999962,1.10479877701828,7.679910514,10.05490749,,
2014,GNQ,66.0,36.9002477447229,18.86000061,1.07941832853751,7.787433457,10.35944344,,
2015,GNQ,66.1,36.6825478378153,21.31999969,0.779546097007888,7.8949564,10.66397939,,
2016,GNQ,66.2,38.1683691534068,23.78000069,0.728623657824698,8.002479343,10.96851535,,
2017,GNQ,66.4,36.2336437113254,26.23999977,0.715503623921208,8.110002286,11.2730513,,
2018,GNQ,66.5,36.5760302693232,29.39999962,0.67111187548796,8.167110529,11.57758725,,
2019,GNQ,66.6,36.942192354463,49.13370132,0.658612829658174,8.224218771,11.8821232,,
2020,GNQ,66.7,43.3495410342634,55.00130081,0.655415655870077,8.281327014,12.18665915,,
2021,GNQ,66.8,46.434813558898,58.71730042,0.643625773687077,8.281327014,12.49119511,,
2022,GNQ,67.0,49.5380486763568,63.65950012,0.631478560279893,8.281327014,12.49119511,,
2023,GNQ,66.9,,63.51950073,,8.281327014,12.49119511,,
2024,GNQ,65.1,,63.29930115,,,,,
1990,KEN,,0.0,0.0,0.765,3.837998657,7.874494037,,
1991,KEN,,0.0,0.0001454,0.846,4.007200748,7.946765162,,
1992,KEN,,0.004461439,0.0002908,0.851,4.17640284,8.019699582,,
1993,KEN,10.9,0.004576275,0.00043620000000000003,0.855,4.345604931,8.093303385,,
1994,KEN,3.47343683242798,0.007614676,0.0005816,0.884,4.514807022,8.16895868,,
1995,KEN,5.42734336853027,0.008478944,0.000727,0.964,4.684009114,8.244613975,,
1996,KEN,7.37853050231934,0.010233296,0.00884,0.976,4.832576804,8.32026927,,
1997,KEN,9.32631778717041,0.023857485,0.0344,0.967,4.981144494,8.395924565,,
1998,KEN,14.5,0.03691479,0.0503,0.998,5.129712184,8.47157986,,
1999,KEN,13.2088918685913,0.079282155,0.114,0.975,5.278279874,8.431369936,,40.3322486877441
2000,KEN,15.2,0.415770183556447,0.318059713612037,0.951953291611855,5.426847564,8.391160011,2.81501007080078,40.9617881774902
2001,KEN,17.0,1.89758301688501,0.619782266151425,0.978453893634779,5.542400211,8.470129967,2.88299989700317,41.6857109069824
2002,KEN,18.9,3.63815196215681,1.20777388492125,0.985240244135056,5.657952859,8.231349945,2.87671995162964,41.8610191345215
2003,KEN,16.0,4.72713199362788,2.94190286101524,0.975739403604927,5.773505507,8.804689884,2.919695019721985,43.5811309814453
2004,KEN,22.6,7.33478416366219,3.0235280420962,0.862072069749323,5.889058155,9.378029823,2.96267008781433,47.1179389953613
2005,KEN,24.5,12.8838631190706,3.101900101,0.800997662228503,6.004610802,9.427020073,3.00099992752075,47.2635917663574
2006,KEN,26.4,19.8902975525043,3.599999905,0.79493804575373,6.080958087,9.734280109,3.2488249540328975,48.8131103515625
2007,KEN,28.3,29.8383317494537,4.400000095,1.21927054565621,6.157305373,10.04154015,3.496649980545045,50.8713607788086
2008,KEN,30.3,41.5840102028368,5.199999809,1.64860024846485,6.233652658,10.32814503,3.7444750070571926,57.0353507995605
2009,KEN,23.0,47.9215304374475,6.1,1.64344772540281,6.309999943,10.61474991,3.99230003356934,57.7407112121582
2010,KEN,19.2,60.0234402305252,7.2,0.915291144524281,5.820000172,10.66118386,4.869115854955652,60.2131070211623
2011,KEN,36.2,65.6730161546273,8.800000191,0.663134250786061,6.06162903,10.70761782,5.7459316763419634,62.685502830166406
2012,KEN,38.1,70.0226527327794,10.5,0.57319828474571,6.303257889,10.75405177,6.622747497728275,65.1578986391705
2013,KEN,40.1,70.7541086893706,13.0,0.454253338496627,6.544886748,10.80048573,7.499563319114587,67.63029444817461
2014,KEN,36.0,73.0327455558393,16.5,0.390845541420637,6.786515607,10.84691968,8.3763791405009,70.10269025717871
2015,KEN,41.6,80.0958263165851,16.5878548475992,0.181564400635518,7.028144466,10.9365134,9.25319496188721,72.5750860661828
2016,KEN,53.1,80.9772361004341,16.6,0.151228652566852,7.269773324,11.02610712,11.6347883294504,74.4698594945796
2017,KEN,55.8,87.026530838819,17.82710075,0.142000350178502,7.511402183,11.11570084,11.8049232142021,75.651372989748
2018,KEN,61.2,98.5944679106884,19.5,0.130746429982512,7.753031042,11.20529456,11.1512413808132,76.8328864849164
2019,KEN,69.7,106.547822056778,22.6687733618171,0.137480690275168,7.994659901,11.29488829,10.4975595474243,78.01439998008479
2020,KEN,71.5,117.602526394779,24.7227993,0.127631946893344,7.686359882,11.38448201,10.042361485735672,79.19591347525319
2021,KEN,76.5,122.297519656734,26.96290016,0.114800746783593,8.155534983,11.47407573,9.587163424047045,80.3774269704216
2022,KEN,76.0,121.168999135357,29.40589905,0.116320990489261,8.624710083,11.47407573,9.131965362358418,83.7738192286218
2023,KEN,76.2,120.612416887959,32.07040024,0.12258984861003,8.624710083,11.47407573,8.67676730066979,84.3083880306996
2024,KEN,77.0,126.477706000949,34.97622513,0.101034955752087,,,10.4185962462804,
1990,LBR,,0.0,0.0,0.422,2.648864266,,,
1991,LBR,,0.0,,0.169,2.750743661,,,
1992,LBR,,0.0,,0.217,2.852623056,,,
1993,LBR,,0.0,,0.209,2.954502451,,,
1994,LBR,,0.0,,0.209,3.056381846,,,
1995,LBR,,0.0,,0.207,3.158261241,,,
1996,LBR,,0.0,,0.202,3.231614405,,,
1997,LBR,,0.0,0.00449,0.264,3.304967569,,,
1998,LBR,,0.0,0.0041,0.243,3.378320734,,,
1999,LBR,,0.0,0.0113,0.234,3.451673898,8.424929619,7.76494979858398,29.8772392272949
2000,LBR,,0.0512274611977595,0.0177027057169472,0.228815993349993,3.525027062,10.43476963,18.5271492004394,34.139778137207
2001,LBR,,0.0663275559821154,0.033812227177592,0.225513690339192,3.590229875,10.36094625,,
2002,LBR,,0.161562268360098,0.0327133071190699,0.222955930336935,3.655432688,10.28712286,,
2003,LBR,,1.51465027446425,0.0318689345450327,0.18952839698619128,3.7206355,10.21329948,,
2004,LBR,,2.98933254606113,0.0310111848040233,0.15610086363544756,3.785838313,10.13947609,,
2005,LBR,,4.84699403062391,0.551400006,0.12267333028470384,3.851041126,10.06565271,,
2006,LBR,,8.02111386343538,0.529999971,0.08924579693396012,3.914206351,9.991829327,,
2007,LBR,3.0,15.3445714830815,0.551400006,0.0558182635832164,3.977371575,9.918005943,,
2008,LBR,1.3,22.3665618687031,0.529999971,0.0523422776689785,4.0405368,9.923764547,,
2009,LBR,1.9,27.5184959376398,2.0,0.0602075359343124,4.103702025,9.92952315,,
2010,LBR,5.3,38.7127515158085,2.3,0.143044034206396,4.16686725,9.935281754,9.00753004752703,
2011,LBR,4.1,47.8690308724247,2.5,0.220057055163274,4.256521117,9.941040357,9.923025051426016,43.64794921875
2012,LBR,9.3,54.4220580497379,2.599999905,0.314060483740956,4.346174985,9.946798961,10.838520055325,41.3551534016927
2013,LBR,9.8,57.0612667465878,3.200000048,0.246071854323673,4.435828852,9.952557564,,39.0623575846354
2014,LBR,9.4,70.6628167823582,5.409999847,0.219968349972274,4.52548272,10.02588558,,36.7695617675781
2015,LBR,15.2,78.3786689834016,10.0,0.193156632215393,4.615136587,10.0992136,,36.3728485107422
2016,LBR,17.7,65.5437117609357,15.69999981,0.168222443902021,4.755730152,10.17254162,,36.6466148376465
2017,LBR,24.2,54.8575199657656,16.29999924,0.151801559864228,5.023723443,10.24586964,,36.920381164550804
2018,LBR,22.8,46.63085304076605,17.27770042,0.135380675826435,5.291716735,10.31919765,,37.1941474914551
2019,LBR,23.1,38.4041861157665,19.89579964,0.118959791788642,5.559710026,10.39252567,,37.4679138183594
2020,LBR,27.6,32.1004345501657,22.91069984,0.116517003811854,5.856860094,10.46585369,,37.7416801452637
2021,LBR,29.8,31.429900768597,26.38229942,0.114083124386922,6.169891955,10.46585369,,
2022,LBR,31.8,32.0638885570006,30.38010025,0.116390430153273,6.169891955,10.46585369,,
2023,LBR,32.5,,31.22410011,,6.169891955,10.46585369,,
2024,LBR,34.9,,32.23360062,,,,,
1990,LSO,,0.0,0.0,0.683,4.112594557,8.905960083,1.20950996875763,24.4347400665283
1991,LSO,,0.0,0.000475,0.666,4.195552473,9.011739731,1.24198997020721,23.7894401550293
1992,LSO,,0.0,0.00095,0.607,4.278510389,8.964779854,2.1456298828125,24.8969306945801
1993,LSO,,0.0,0.001425,0.769,4.361468305,8.696909904,2.27322006225586,25.5844993591309
1994,LSO,,0.0,0.0019,0.815,4.444426221,9.00813961,2.42086005210877,27.5880794525146
1995,LSO,,0.0,0.002375,0.912,4.527384137,9.087889671,2.36249995231628,28.8052597045898
1996,LSO,,0.064549194,0.00285,0.81,4.622697487,8.989769936,2.40869998931885,28.3795795440674
1997,LSO,,0.177432691,0.00558,1.03,4.718010837,8.938233376,2.25005332628886,29.2610301971436
1998,LSO,,0.495105102,0.011,1.05,4.813324188,8.886696815,2.09140666325887,28.7434997558594
1999,LSO,,0.601732086,0.0538,1.08,4.908637538,8.835160255,1.93276000022888,28.8400497436523
2000,LSO,4.3,1.07789110605101,0.211806070361977,1.10783252566354,5.003950888,9.67057991,2.08551001548767,28.7576808929443
2001,LSO,1.3,2.8487849932004,0.261150063093855,1.06864422323879,5.212228209,9.886770248,2.27312994003296,30.2747707366943
2002,LSO,3.4,6.91605015142787,1.08394313737534,1.43396506405291,5.42050553,10.07229996,2.2450098991394,31.2329406738281
2003,LSO,5.4,6.34489957225453,1.53249659019509,1.76825978472176,5.628782851,10.47169971,2.70279002189636,32.0320014953613
2004,LSO,6.8,9.95434596112177,2.17552433931097,1.88876527107054,5.837060172,10.63400507,3.07540500164032,34.4488716125488
2005,LSO,9.6,12.7893640595655,2.580199957,2.45581841157231,6.045337493,10.79631042,3.44801998138428,36.768440246582
2006,LSO,9.7,18.4011006327301,2.97970818724486,2.73183953424645,5.829999924,11.01117039,3.67536997795105,38.4086112976074
2007,LSO,13.9,24.6998875730315,3.44543125970873,2.43602004435643,5.684999943,11.1377786,4.871615283833575,41.5562515258789
2008,LSO,16.0,30.1654529450441,3.58,2.09454061725639,5.539999962,11.26438681,6.0678605897160995,44.7508811950684
2009,LSO,17.0,33.3689571771781,3.72,2.01930149332394,5.704586983,11.39099503,7.264105895598625,49.1937294006348
2010,LSO,17.0,49.4651223718861,3.859999895,1.93422570608606,5.869174004,11.51760324,8.46035120148115,54.2426986694336
2011,LSO,22.5,61.1891009424486,7.0,1.91553265154227,6.033761024,11.64421145,9.656596507363675,56.9506416320801
2012,LSO,20.6,75.9363906183486,10.0,2.49558336454717,6.198348045,11.77081966,10.8528418132462,59.0772018432617
2013,LSO,26.9,87.055264662748,15.0,2.44808665580033,6.362935066,11.41275024,10.4558385996916,57.7590713500977
2014,LSO,27.8,102.821994635806,22.0,2.38999388968453,6.527522087,11.35643005,10.4168970963646,58.2575629391492
2015,LSO,31.8,101.688197961524,25.0,1.92767214463861,6.692109108,11.20116997,9.72517754374624,59.3985096286536
2016,LSO,35.1,107.157971519258,32.4538569477365,1.93191771395526,6.856696129,11.26364994,10.01912147651702,56.8386993408203
2017,LSO,33.7,110.370078484639,39.0,0.493113471264794,7.02128315,11.32612991,10.3130654092878,59.3586515505342
2018,LSO,47.0,72.4555241955612,40.79999924,0.381388008717702,7.185870171,11.24027453,9.93844298033582,
2019,LSO,44.6,76.1124827725111,42.301733569273,0.586085394031425,7.362815087,11.15506995,,
2020,LSO,47.5,69.8944012395073,43.65750122,0.517683956941075,7.544117095,11.07051125,,
2021,LSO,50.4,80.5368195682415,45.05670166,0.422676209418176,7.729883486,10.98659352,,
2022,LSO,50.0,68.1001351640997,48.06959915,0.294998928310536,7.729883486,10.98659352,,
2023,LSO,57.3,69.3513051423509,48.98590088,0.317633092678605,7.729883486,10.98659352,,
2024,LSO,60.6,70.328049309004,51.79660034,0.341401620502579,,,,
1990,MDG,,0.0,0.0,0.262,,6.070099831,3.23319005966186,17.1746501922607
1991,MDG,,0.0,0.0006166666666666667,0.292,,6.245442518,3.00562000274658,
1992,MDG,9.2,0.0,0.0012333333333333335,0.286,,6.420785205,3.165634989738465,
1993,MDG,10.1056232452393,0.0,0.00185,0.264,,6.596127892,3.32564997673035,
1994,MDG,10.5616483688354,0.002232787,0.002466666666666667,0.247,,6.771470579,2.7063000202179,
1995,MDG,11.0156345367432,0.009373329,0.0030833333333333338,0.264,,6.946813265,2.18760991096497,
1996,MDG,11.4669008255005,0.016064309,0.0037,0.272,,7.122155952,2.03707003593445,
1997,MDG,10.9,0.02774225,0.0143,0.288,,7.297498639,1.83174002170563,
1998,MDG,12.3585548400879,0.083824374,0.0626,0.305,,7.472841326,2.0486900806427,
1999,MDG,12.7975006103516,0.227272669,0.169,0.314,3.771085909,7.648184013,1.99398005008698,
2000,MDG,12.6,0.382009619807974,0.196394691006341,0.332973326169518,3.902890818,7.8235267,2.02373003959656,
2001,MDG,14.8,0.865969167153126,0.222511586178292,0.342859209441189,4.034695727,7.998869387,1.89465999603272,
2002,MDG,14.0,0.928836513320607,0.339720154596142,0.338981737402345,4.166500637,8.174212074,1.92859995365143,
2003,MDG,20.3,1.56965632856485,0.423252419277809,0.32978354074795,4.298305546,8.349554761,2.0998899936676,
2004,MDG,15.3,1.79445925877516,0.525353654946669,0.315490066754779,4.430110455,8.524897448,2.44068002700806,
2005,MDG,16.0,2.66324010069674,0.567700028,0.482084616429677,4.475816863,8.700240135,2.54628992080689,20.3285102844238
2006,MDG,16.8,5.30075933146314,0.607599974,0.657896704100151,4.521523271,8.78221035,2.74632000923157,22.8831806182861
2007,MDG,17.5,10.9142059758793,0.649999976,0.658973118351806,4.56722968,9.072059631,3.13453006744385,25.2112007141113
2008,MDG,18.3,23.1087553718629,1.649999976,0.787862075030205,4.612936088,9.417539597,3.23572993278503,27.4633598327637
2009,MDG,17.4,29.162840971111,1.629999995,0.86391414600822,4.658642496,9.907520294,3.44889998435974,28.5682106018066
2010,MDG,12.3,34.7635703189871,1.700000048,0.64041303067978,4.704348905,9.911525249,3.61032855425362,31.34400939941405
2011,MDG,14.3,38.0363591750174,1.899999976,0.606082647235379,4.750055313,9.915530205,3.99246757065153,34.1198081970215
2012,MDG,18.7,37.4155490576043,2.299999952,0.61045233236205,4.795761721,10.08837032,4.04987583552392,35.3920151133501
2013,MDG,12.9,35.0948534776429,3.0,0.604629999473232,4.84146813,10.14561033,4.186720053214,35.6034426731957
2014,MDG,23.0,39.2252725571455,3.700000048,0.599874464694164,4.887174538,10.20285034,4.68533144082284,35.8148702330413
2015,MDG,23.8,42.0572239372609,4.173999786,0.58456263812743,4.932880947,10.31361961,4.65904652237845,36.1207695007324
2016,MDG,22.9,30.6447038676546,4.713699818,0.569292234713688,4.978587355,10.13768959,4.6583858057243,36.0765113830566
2017,MDG,24.1,32.5906255978573,6.406000137,0.256797958069498,5.024293763,10.29353046,5.07525058069797,34.7709486382629
2018,MDG,36.5,38.7515500132643,7.747799873,0.251122698057089,5.070000172,9.880470276,5.11877849200791,34.6266095687665
2019,MDG,31.0,46.077978411707,9.379400253,0.261070745483788,4.910840193,9.36977005,5.28586006164551,32.8161749019587
2020,MDG,32.0,54.8084663590199,11.35470009,0.171464258138102,4.751680215,9.214897332,5.17336117275841,33.47410544107555
2021,MDG,35.1,53.9177233784298,13.74590015,0.121299044564996,4.592520237,9.062584503,5.3135678666922,34.1320359801924
2022,MDG,36.1,64.7494924066919,17.81170082,0.129177195017646,4.592520237,9.062584503,5.87562673022926,
2023,MDG,39.4,75.4562966735535,18.24080086,0.0109405290407736,4.592520237,9.062584503,6.1466638463036,
2024,MDG,42.5,,18.67790031,,,,,
1990,MLI,,0.0,0.0,0.122,0.844299708,1.942090034,0.615209996700287,6.28541994094849
1991,MLI,,0.0,0.00034333333333333335,0.133,0.881824139,2.014780045,0.595889985561371,6.69352006912231
1992,MLI,,0.0,0.0006866666666666667,0.134,0.919348571,2.152940035,0.759490013122559,7.59688997268677
1993,MLI,,0.0,0.00103,0.142,0.956873002,2.360039949,0.879809975624084,7.64638996124268
1994,MLI,,0.0,0.0013733333333333334,0.153,0.994397434,2.593649983,0.8899900019168849,8.70135021209717
1995,MLI,,0.0,0.0017166666666666667,0.169,1.031921865,2.827260017,0.900170028209686,9.73880958557129
1996,MLI,6.2,0.011715466,0.00206,0.205,1.062410466,3.064179897,1.00970995426178,10.2479295730591
1997,MLI,4.28854084014893,0.027434281,0.0101,0.227,1.092899066,3.414890051,1.38881003856659,11.1060304641724
1998,MLI,6.06686353683472,0.042116764,0.0198,0.248,1.123387667,3.705430031,1.35441994667053,12.0371999740601
1999,MLI,7.84034395217896,0.058505121,0.0609,0.301,1.153876267,4.100180149,1.75006997585297,13.5656700134277
2000,MLI,9.6,0.089953621718981,0.142545755049184,0.339320148555837,1.184364868,4.327819824,1.77691996097565,15.6529197692871
2001,MLI,10.8,0.201449644976166,0.185897413256084,0.428730042029328,1.219544022,4.64327985,1.89023995399475,17.02459971110027
2002,MLI,13.0,0.374135847429006,0.2270455784917,0.460634518902511,1.254723177,4.958739877,1.88522005081177,18.396279652913435
2003,MLI,14.7,1.94894660643258,0.310364443230575,0.480293386929634,1.289902331,5.274199903,2.36936672528585,19.7679595947266
2004,MLI,16.4,3.10523812834724,0.432819639900985,0.502457219889869,1.325081486,5.589659929,2.85351339975993,21.5015201568604
2005,MLI,18.2,5.62822858148233,0.507099986,0.560646865229591,1.36026064,5.905119956,3.3376600742340097,23.2651901245117
2006,MLI,16.6,10.8143886204419,0.729600012,0.589851180177695,1.440000057,6.220579982,3.82180674870809,25.1828804016113
2007,MLI,21.7,17.5053976147782,0.81,0.553370072504241,1.556000042,6.536040008,4.30595342318217,27.6904392242432
2008,MLI,23.4,23.0146454181582,1.57,0.542648972456729,1.672000027,6.851500034,4.79010009765625,31.0381298065186
2009,MLI,24.0,28.8978765173021,1.799999952,0.549355613691236,1.788000011,7.125589848,5.29625988006592,34.0355415344238
2010,MLI,27.0,46.6622176783255,2.0,0.718373017381158,1.903999996,7.305920124,5.50589495885227,36.7189206176726
2011,MLI,28.8,65.7107159010821,2.2,0.63571369542953,2.019999981,7.442359924,4.96896888641169,38.7492137225876
2012,MLI,25.6,86.1756593856956,2.799999952,0.660369063385086,1.972499996,7.254854918,6.41861745428738,39.01251293114875
2013,MLI,32.4,113.114584714497,3.5,0.723738753689586,1.925000012,7.067349911,5.94123501789155,39.2758121397099
2014,MLI,34.2,130.439571178385,7.0,0.856907392104679,1.877500027,7.218820095,5.53504882678079,41.2349114693214
2015,MLI,37.6,122.082978226993,10.32999992,0.908975420993962,1.830000043,7.026150227,5.12750941173932,38.9892238642006
2016,MLI,38.8,105.348301513254,14.0,1.04637056948077,1.529999971,7.073800087,,40.0999948578594
2017,MLI,34.8,111.210305187838,18.89999962,1.08460546456064,1.699999988,7.115580082,,38.5485805738327
2018,MLI,50.9,107.404034726492,21.39999962,1.1158236241704,1.870000005,7.089373522,,37.9832691019192
2019,MLI,47.9,108.814511587375,24.96030045,1.14978328924283,2.041840076,7.063263481,,38.17440469994626
2020,MLI,50.6,116.587405376001,29.11300087,1.29704396772638,1.629999995,7.037249603,,38.36554029797332
2021,MLI,53.4,108.693122357196,33.95650101,1.34467807990038,1.629999995,7.011331533,,38.55667589600038
2022,MLI,53.0,112.119852778009,35.19919968,1.33014687526005,1.629999995,7.011331533,,38.74781149402744
2023,MLI,54.5,,36.03879929,,1.629999995,7.011331533,,38.9389470920545
2024,MLI,49.5,,36.80149841,,,,,
1990,MOZ,,0.0,0.0,0.362,1.599835197,3.871253902,,7.79364013671875
1991,MOZ,,0.0,0.0005066666666666667,0.396,1.588270123,3.898401763,,7.75373983383179
1992,MOZ,,0.0,0.0010133333333333333,0.412,1.576705049,3.925740004,0.368429988622665,7.39231014251709
1993,MOZ,,0.0,0.00152,0.395,1.565139976,3.953269958,0.408349990844727,7.42799997329712
1994,MOZ,,0.0,0.0020266666666666666,0.382,1.553574902,4.043809891,0.453289985656738,7.3242301940918
1995,MOZ,,0.0,0.002533333333333333,0.375,1.542009828,4.153170109,0.450109988451004,7.30357980728149
1996,MOZ,,0.0,0.00304,0.371,1.584415098,4.507280111,0.470349997282028,6.74500489234924
1997,MOZ,6.6,0.015131593,0.0118,0.387,1.626820369,4.861390114,0.5143499970436093,6.18642997741699
1998,MOZ,3.66317558288574,0.039738359,0.0202,0.435,1.669225639,5.215500116,0.5583499968051907,5.62785506248474
1999,MOZ,4.87912368774414,0.070614117,0.0563,0.44,1.711630909,5.569610119,0.602349996566772,5.06928014755249
2000,MOZ,6.1,0.281665622612854,0.109592530041641,0.472783455921633,1.754036179,6.018149853,0.613489985466003,5.94095993041992
2001,MOZ,5.7,0.823466563784593,0.160031946644069,0.470882922066667,1.831136671,6.493030071,0.602580010890961,6.66658020019531
2002,MOZ,8.4,1.34378340548628,0.259612611253739,0.46083680964017,1.908237162,6.955689907,0.682079970836639,8.2307596206665
2003,MOZ,8.1,2.2470417004534,0.419538843913707,0.400031455500136,1.985337654,7.360409975,0.928529977798462,9.3952798843384
2004,MOZ,10.7,3.56849208981733,0.679447835392438,0.379308532078098,2.062438145,7.765130043,1.15550994873047,10.5598001480103
2005,MOZ,11.8,7.40691910278913,0.854399979,0.325010592443504,2.139538637,8.379469872,1.43202996253967,12.95458984375
2006,MOZ,13.0,11.2537028396523,0.842954488044236,0.338253262710643,2.189653956,8.693770409,2.12770009040833,15.2163000106812
2007,MOZ,12.4,14.4674737235959,0.91,0.366409890060591,2.239769275,9.341190338,3.03946995735169,17.9137401580811
2008,MOZ,13.6,20.1888204410131,1.56,0.358970946287453,2.289884595,9.815670013,3.51939988136292,20.1720008850098
2009,MOZ,15.0,26.6650991246997,2.68,0.368202656827326,2.339999914,9.987150192,3.82146000862122,22.9890193939209
2010,MOZ,18.9,31.4105056102953,4.17,0.382890996157046,2.4799999,10.19349003,4.6029332896014,25.1208838457009
2011,MOZ,20.2,33.216339150187,4.599999905,0.372615563786757,2.619999886,9.928839684,4.903703492415,26.0157578808472
2012,MOZ,21.2,36.1781646576283,5.0,0.362152016246631,2.762499928,9.804129601,5.19951373358179,25.6446165136399
2013,MOZ,22.4,49.5029641007918,5.5,0.309632781700147,2.904999971,10.39083958,5.59344755668074,34.4439086914062
2014,MOZ,24.8,71.6701472266196,6.0,0.336801613899232,3.047500014,10.34068966,6.25049132527997,33.95458984375
2015,MOZ,24.0,75.8447213176406,6.5,0.336347143158704,3.190000057,10.35270023,6.73181717702859,34.5285606384277
2016,MOZ,26.2,54.9641156223382,7.0,0.301498640766826,3.125,10.35868502,7.34197304077013,35.8848762512207
2017,MOZ,24.3,42.1619694080105,7.7963266079129,0.285961358275445,3.059999943,10.3646698,7.24573099191356,37.2411918640137
2018,MOZ,31.1,48.5007087167822,10.89999962,0.217122481670749,3.326666594,10.48351964,7.4630510423433,
2019,MOZ,29.7,49.4350694242276,12.47929955,0.270345243903337,3.593333244,10.60373232,,
2020,MOZ,30.6,50.2318825476662,14.28740025,0.28916613240103,3.859999895,10.72532345,,
2021,MOZ,31.5,43.1636190464176,16.35759926,0.188224979342622,4.22524488,10.84830885,,
2022,MOZ,33.2,45.8178199662019,18.96220016,0.0890488147351658,4.590489864,10.84830885,,
2023,MOZ,36.0,47.5003032540948,19.94560051,0.0899386237496715,4.590489864,10.84830885,,
2024,MOZ,36.9,49.5047696961223,20.52729988,0.0818006220069747,,,,
1990,MRT,,0.0,0.0,0.301,2.266610354,3.684839964,3.07737994194031,13.6398897171021
1991,MRT,,0.0,,0.318,2.343858061,3.783710003,2.74047994613648,13.3553495407104
1992,MRT,,0.0,,0.323,2.421105768,4.091469765,2.9126501083374,13.7204504013062
1993,MRT,,0.0,,0.345,2.498353475,4.563419819,3.51754999160767,14.2717399597168
1994,MRT,,0.0,,0.375,2.575601182,5.220449924,3.48554992675781,14.7440795898438
1995,MRT,,0.0,,0.4,2.652848889,5.381599903,3.42460989952087,15.3250598907471
1996,MRT,,0.0,,0.433,2.726030928,5.645699978,3.70655989646912,15.831000328064
1997,MRT,,0.0,0.00417,0.541,2.799212966,5.710609913,3.99486994743347,15.694299697876
1998,MRT,,0.0,0.0406,0.607,2.872395004,6.089719772,3.90360999107361,16.4638500213623
1999,MRT,,0.0,0.118,0.65,2.945577043,6.27229023,4.19634008407593,17.4429798126221
2000,MRT,19.1,0.585435064346201,0.192031462434805,0.725824688600202,3.018759081,6.303480148,3.8377400636673,18.0476703643799
2001,MRT,22.2,4.12366169421673,0.261448551967195,0.927892009735848,3.096006788,6.334670067,3.47914004325867,20.5369300842285
2002,MRT,21.7,9.02771615993982,0.363229414608579,1.15125855575091,3.173254495,6.359389782,3.0836501121521,20.5889301300049
2003,MRT,23.0,12.524919291118,0.424004895843197,1.36250439857162,3.250502202,6.434689999,3.29281997680664,21.539270401001
2004,MRT,24.3,18.2105677067792,0.481470438230954,1.35951788010028,3.327749909,6.906650066,3.34153008460998,22.1136894226074
2005,MRT,18.2,25.3691742833335,0.670000017,1.39500431940972,3.404997617,6.956550121,3.07908010482788,22.4629497528076
2006,MRT,27.0,35.1772263626288,0.979700029,1.15706483146739,3.490376661,7.18103981,3.48698997497559,23.1758899688721
2007,MRT,33.0,45.7141942652888,1.433599949,1.30185036884198,3.575755706,7.077354908,3.95002007484436,20.878105163574247
2008,MRT,30.0,65.7183543081028,1.870000005,2.39860344821628,3.661134751,6.973670006,4.07179021835327,18.5803203582764
2009,MRT,31.1,66.4418800358538,2.279999971,2.26716939954598,3.746513795,7.516419888,4.12409019470215,20.0069904327393
2010,MRT,34.2,81.8660764708571,4.0,2.11066761231685,3.83189284,7.665470123,4.66769636853479,20.4244003295898
2011,MRT,35.3,94.6316258570616,4.5,2.06388526243637,3.957928573,7.815979958,5.06647175812938,22.7523097991943
2012,MRT,36.4,111.230731736701,5.0,1.79796597655617,4.083964305,8.192480087,5.49335070425997,27.0638964405956
2013,MRT,37.6,106.798483685642,6.199999809,1.44585972592586,4.210000038,8.485039711,5.79601450584933,30.2620419125702
2014,MRT,38.8,97.5267336951353,11.80000019,1.33641192418684,4.213114977,8.559849739,5.84013225928984,30.6988232872483
2015,MRT,39.5,91.8941169084199,17.60000038,1.29335678961885,4.216229916,8.634659767,5.88425001273035,31.196307538775
2016,MRT,41.2,88.4383494871236,19.23279953,1.30157730389411,4.323796601,8.175000191,5.56245834327609,32.187587041888
2017,MRT,42.9,96.7595354581295,21.01720047,1.35508003609937,4.431363287,8.076979637,5.15614020144375,31.7565696757394
2018,MRT,43.6,105.275094895088,22.96699905,1.38228110155532,4.538929973,8.510789871,5.13275480775448,35.5293425627344
2019,MRT,44.9,105.441089704161,25.0977993,1.38455780906004,4.646496659,8.722080231,5.88823986461851,37.5793709898761
2020,MRT,45.4,126.277034284458,29.90649986,1.3499398169313,4.754063344,8.051850319,5.97194330025359,36.0277030077074
2021,MRT,47.7,137.540323142707,35.63660049,1.2269386682729,4.852025862,7.949540636,,
2022,MRT,49.0,109.883898247552,42.46450043,0.974293205175037,4.852025862,7.949540636,,
2023,MRT,50.3,90.7724948884417,44.95629883,0.601560078057662,4.852025862,7.949540636,,
2024,MRT,52.2,92.0748946443443,45.77939987,0.309455942136362,,,,
1990,MUS,99.0415649414063,0.201781177,0.0,5.1,5.860000134,9.971670151,3.39674997329712,52.7595405578613
1991,MUS,99.0706787109375,0.226396162,0.030666666666666665,5.8,5.904000139,10.10330677,4.01713991165161,53.861545562744155
1992,MUS,99.0996780395508,0.260298879,0.06133333333333333,7.11,5.948000145,10.23494339,5.00635004043579,54.963550567627
1993,MUS,99.1280059814453,0.356231447,0.092,9.44,5.992000151,10.36658001,5.99556016921997,56.7935132980347
1994,MUS,99.1549682617188,0.497401847,0.12266666666666666,11.3,6.036000156,10.49821663,5.4636402130127,58.6234760284424
1995,MUS,99.1798858642578,1.011457438,0.15333333333333332,12.8,6.080000162,10.62985325,5.95722007751465,60.4534387588501
1996,MUS,99.2020950317383,1.777590909,0.184,15.7,6.124000168,10.76148987,6.69427013397217,62.2834014892578
1997,MUS,99.2208938598633,3.590014667,0.476,18.8,6.168000174,10.96531963,6.51308012008667,64.6921310424805
1998,MUS,99.2356185913086,5.05891805,2.57,20.5,6.212000179,11.3348999,8.034020185470581,69.0977325439453
1999,MUS,99.2455062866211,8.47170223,4.65,21.3,6.256000185,11.70448017,9.55496025085449,72.422721862793
2000,MUS,99.0,14.7949785842685,7.28153511499385,23.0871531091237,6.300000191,11.92842007,10.6760301589966,74.3924789428711
2001,MUS,99.2,22.2235093624495,8.78090401892036,25.0263297223611,6.501818397,12.61357975,16.4485702514648,80.2969284057617
2002,MUS,99.4,28.161107217088,10.252624671916,25.751224591499,6.703636603,12.68655014,15.1241102218628,82.4172286987305
2003,MUS,99.1,37.2277089024305,12.1871062041308,28.0333532190268,6.905454809,12.90540981,15.7577295303345,85.5775909423828
2004,MUS,99.0,43.8266122579613,13.6890885885342,28.3091694671147,7.107273015,13.00905037,17.2851009368896,86.3435287475586
2005,MUS,99.0,52.2446836857658,15.1722002,28.4350727600291,7.309091221,13.34138966,21.0529594421387,88.6331024169922
2006,MUS,99.0,61.1177886041965,16.7,28.2754686136285,7.510909427,13.36184025,23.6054592132568,86.6944198608398
2007,MUS,99.0,73.1476040513014,20.22,28.4172418193362,7.712727633,13.36754036,24.5238494873047,86.7215270996094
2008,MUS,99.0,81.0663444829304,21.81,28.5258132720347,7.914545839,13.4484396,27.0272006988525,86.2219161987305
2009,MUS,99.0,84.9704293760927,22.51,29.3329330118251,8.116364046,13.6677103,31.3993797302246,86.6567001342773
2010,MUS,99.4,92.8425699047874,28.33,30.225093922316,8.318182252,13.76875019,33.0799908955061,86.9073104858398
2011,MUS,99.6,100.608971543233,34.95000076,29.1230358860174,8.520000458,13.91994953,34.2265053809565,88.7222900390625
2012,MUS,99.4,115.252449250293,35.42,27.0794387086265,8.748793246,14.59700012,40.3749497386409,92.1094389658945
2013,MUS,99.4,118.793106653529,40.116825135,28.1180866687736,8.977586034,14.48069,41.4023953525386,93.7982864379883
2014,MUS,99.5,127.86328226284,44.8032753683379,28.8079380497754,9.206378822,14.87034035,40.0382004235695,97.075353264043
2015,MUS,99.6,136.371902265385,50.1393184766711,29.4055057940454,9.43517161,14.52624035,37.760738643162,93.9681984718368
2016,MUS,99.7,140.423888162514,52.19129944,30.1516562509918,9.546530931,14.50298023,38.4107692617261,94.4362545563892
2017,MUS,99.6,142.524532117413,55.4032403002657,32.0070041955441,9.657890253,14.46068954,39.6618786560902,92.5403344955972
2018,MUS,99.8,148.816797831837,58.596169704299,33.6971508333508,9.769249574,14.45730019,40.4078098261963,91.4171358592572
2019,MUS,100.0,145.117277088014,61.7299551453346,35.6612530806129,9.880608896,14.57091045,42.9878710798151,93.1354968676317
2020,MUS,99.5,149.06995900167,67.73290684,37.3045059198596,9.991968217,14.22208023,42.5378418595105,89.5019998431496
2021,MUS,99.6,154.053185977432,71.59999847,36.6592347902468,10.10332754,14.16282114,43.9577226373808,89.80766454135966
2022,MUS,100.0,164.309278835228,75.5,36.2110443293395,10.10332754,14.16282114,44.2026816403629,90.11332923956971
2023,MUS,100.0,165.257524411348,79.5,36.4168004095516,10.10332754,14.16282114,43.3386887794765,90.41899393777975
2024,MUS,100.0,172.68356921857,73.30793533,36.8794393192408,,,45.7771156388358,90.7246586359898
1990,MWI,,0.0,0.0,0.279,2.278483217,5.295790195,0.516950011253357,17.3963298797607
1991,MWI,,0.0,,0.29,2.32684286,5.38188982,0.53711998462677,17.5205307006836
1992,MWI,3.2,0.0,,0.304,2.375202504,6.293459892,0.540430009365082,19.5548591613769
1993,MWI,1.55355584621429,0.0,,0.319,2.423562148,6.444399834,0.539810001850128,17.8164806365967
1994,MWI,2.01366138458252,0.0,,0.325,2.471921792,6.838300228,0.574460029602051,15.6898698806763
1995,MWI,2.47172713279724,0.003777385,,0.338,2.520281436,10.48311996,0.589349985122681,23.3880996704102
1996,MWI,2.92707347869873,0.03588565,,0.343,2.58352097,10.50319004,0.597699999809265,24.1506099700928
1997,MWI,3.37902021408081,0.066586269,0.00467,0.348,2.646760504,10.73113664,0.5015133321285247,27.90505504608155
1998,MWI,3.82688760757446,0.097834084,0.0181,0.346,2.710000038,10.95908324,0.4053266644477843,31.6595001220703
1999,MWI,4.26991271972656,0.205030893,0.0873,0.376,2.861965909,11.18702984,0.309139996767044,36.4167785644531
2000,MWI,4.8,0.43301741914195,0.126780944756387,0.410429816625076,3.013931779,10.67986965,0.331539988517761,31.0989303588867
2001,MWI,5.2,0.480718719771781,0.164020725330811,0.471031888221382,3.16589765,11.06842041,0.364780008792877,32.2248115539551
2002,MWI,5.6,0.724274521819057,0.21509472652259,0.615297076539253,3.31786352,11.12308025,0.385289996862411,31.3253707885742
2003,MWI,6.2,1.10916700912378,0.278815116302304,0.697775180777131,3.469829391,10.79578495,0.391519993543625,30.1199550628662
2004,MWI,6.9,1.77697522954047,0.347505334967577,0.743956136346201,3.621795262,10.46848965,0.462709993124008,28.9145393371582
2005,MWI,6.6,3.2800777505911,0.384499997,0.800029221113251,3.773761132,10.32409,0.45329999923706,28.7130393981934
2006,MWI,3.7,4.6986669369963,0.425099999,0.984945412431117,3.925727003,10.40538025,0.479409992694855,30.5642108917236
2007,MWI,7.4,7.74031710895931,0.965864736553132,1.29054635699761,4.077692873,10.2425499,0.477120012044907,30.2626094818115
2008,MWI,7.8,10.787342707362,0.7,0.796577549167287,4.229658744,10.40590668,0.7388329741369647,32.6917381286621
2009,MWI,8.3,17.2664810012484,1.07,0.773372044656395,4.381624614,10.56926346,1.0005459362290223,33.3515281677246
2010,MWI,8.7,21.025675510066,2.26,1.02592236597495,4.533590485,10.73262024,1.26225889832108,33.6619814891638
2011,MWI,7.6,25.8864481164849,3.33,1.13646085803217,4.685556356,10.78287029,1.55183037174754,34.7371599213107
2012,MWI,7.4,29.5800071510519,4.350599766,1.44685627117777,4.837522226,10.69484243,0.838820281170415,34.8210140987042
2013,MWI,9.0,32.7317425220037,5.050000191,0.207705619220018,4.989488097,10.60681458,0.833299074195788,37.847295845447
2014,MWI,11.9,33.8868400746068,5.829999924,0.114086915422628,5.141453967,10.51878672,0.827777867221161,39.5435659506335
2015,MWI,10.8,38.4341901744435,6.0,0.0846444432959781,5.293419838,10.43075886,0.809801002249246,39.7291461793841
2016,MWI,11.0,40.8844441758703,6.300000191,0.0639831814335547,5.283483887,10.342731,1.104614117690564,38.1843681335449
2017,MWI,12.7,43.0855088342582,7.0,0.0961046224954219,5.273547935,10.25470314,1.399427233131882,39.6154222954854
2018,MWI,18.0,38.1955692011493,8.798299789,0.0809150175887077,5.263611984,10.16667528,1.6942403485732,38.8324397802949
2019,MWI,11.2,46.7841008334388,11.05860043,0.0688593018557164,5.253676033,10.07864742,2.04820707794727,35.5212672502146
2020,MWI,11.5,51.2170439392301,13.89949989,0.063812181169463,5.243740082,9.990619564,2.40217380732134,41.4565075090498
2021,MWI,14.2,59.5599408158462,15.30300045,0.0619037276818605,5.243740082,9.902591705,2.39798041885226,35.8885917563293
2022,MWI,14.0,59.6495709408963,16.84830093,0.0459727018608054,5.243740082,9.902591705,2.70813684546823,35.5084899925617
2023,MWI,15.6,61.0866071008045,17.98810346,0.0227818905955616,5.243740082,9.902591705,,36.644092994481
2024,MWI,15.6,69.260530662121,18.96159935,0.0224841177345799,,,,
1990,NAM,,0.0,0.0,3.87,5.701014186,11.65740713,,38.9285697937012
1991,NAM,,0.0,0.001234,4.02,5.710000038,12.05757999,2.84932994842529,44.7891693115234
1992,NAM,26.4,0.0,0.002468,4.17,5.719000053,12.47148991,3.972589969635006,50.7220191955566
1993,NAM,27.0,0.0,0.0037020000000000004,4.42,5.728000069,12.88539982,5.095849990844723,54.5001983642578
1994,NAM,28.9325885772705,0.0,0.004936,4.48,5.737000084,13.29930973,6.21911001205444,58.8795013427734
1995,NAM,29.9521484375,0.218018276,0.00617,4.9,5.746000099,13.08613968,7.09803009033203,58.562629699707
1996,NAM,30.9689884185791,0.402650561,0.00903,5.2,5.755000114,12.81157494,6.20951509475708,58.3823509216309
1997,NAM,31.9824295043945,0.738228794,0.0588,5.91,5.76400013,12.53701019,5.32100009918213,59.9309501647949
1998,NAM,32.9917907714844,1.123302301,0.287,6.11,5.773000145,12.44921017,6.53711986541748,59.6171989440918
1999,NAM,33.9963111877441,1.687026262,0.336,6.09,5.78200016,12.01422024,6.82564655939738,61.3067893981934
2000,NAM,36.5,4.50884641164558,1.64473954726899,6.05813002743248,5.791000175,12.02659512,7.11417325337728,63.7193412780762
2001,NAM,36.0,5.74029319651404,2.41697944170998,6.32175366495643,5.800000191,12.03896999,7.40269994735718,67.4832611083984
2002,NAM,36.9,7.93663391482404,2.63369976876116,6.42407022333688,5.880241414,11.75957012,6.05016994476318,66.1111907958984
2003,NAM,37.8,11.6649386898528,3.35983988553801,6.64314949328905,5.960482637,11.81025982,6.39102983474731,65.2594223022461
2004,NAM,38.7,14.7313553186735,3.8047156152631,6.58751793178661,6.04072386,11.70338488,6.7490398883819545,64.5331420898438
2005,NAM,39.6,22.8242198901444,4.010000229,7.06794834896282,6.120965082,11.59650993,7.1070499420166,63.1600494384766
2006,NAM,40.5,30.566276818777,4.39887064732726,6.83587631433093,6.176516698,11.37924957,6.75277996063232,62.1227416992188
2007,NAM,43.7,39.6448033290399,4.83561077833704,6.8448924997523,6.232068314,11.43864167,8.12323474884033,62.7577209472656
2008,NAM,42.4,51.3908754816673,5.32900377208954,7.10092933461517,6.28761993,11.46318987,9.49368953704834,64.53842735861537
2009,NAM,44.1,78.5395548461197,6.5,7.15665877536953,6.343171546,11.48773807,11.34648223045333,66.31913376996513
2010,NAM,44.4,92.4287530968414,11.6,7.44441089746902,6.398723162,11.51228626,13.19927492385832,68.0998401813149
2011,NAM,42.3,102.24430130572,12.0,7.41076025299058,6.515998795,11.53683446,15.052067617263312,72.4541177178611
2012,NAM,46.4,97.8210232683603,12.94139957,7.80300676097462,6.633274429,11.56138265,16.9048603106683,74.2465574610051
2013,NAM,47.4,121.105585418565,13.89999962,8.14789559015995,6.750550062,11.58593085,17.4603999838663,76.142480002464
2014,NAM,48.4,115.5200011764,14.84000015,7.89714632208531,6.867825696,11.6106363,18.4653069281067,76.7595646559311
2015,NAM,51.6,107.392368276966,25.68790054,7.68677083772059,6.985101329,11.63539444,19.6551504993361,78.2608012276393
2016,NAM,49.7,109.049558197665,31.0333004,7.7013774524816,7.036538011,11.66020537,21.4367036193,79.2606097203135
2017,NAM,52.5,106.914765245509,36.83739853,7.70069086619758,7.087974692,11.68506921,22.4801755471009,79.5334606379175
2018,NAM,52.3,107.060260494691,42.8207016,5.50069897998973,7.139411373,11.70998606,23.7001690404035,78.8626899009705
2019,NAM,53.3,106.53315947895,49.77590179,5.28082689491091,7.190848055,11.73495605,25.8966511201824,79.0125016773938
2020,NAM,52.3,106.206587456143,57.8608017,5.14409098338367,7.242284736,11.75997928,25.9870484145026,82.8872992484077
2021,NAM,55.2,103.727351391971,60.25999832,3.2687219716582,7.273146745,11.78505588,26.6057345682932,83.3329528489539
2022,NAM,56.2,100.557816104444,62.99720001,2.96968988068501,7.273146745,11.78505588,26.1092654658031,81.8163691171532
2023,NAM,56.7,87.6760954339972,63.69549942,2.73747551124753,7.273146745,11.78505588,,81.6173009252032
2024,NAM,59.3,85.1648988113055,64.87460327,2.55401499143106,,,,81.9566828199727
1990,NER,,0.0,0.0,0.112,0.728185322,1.964450002,0.630980014801025,5.59699010848999
1991,NER,,0.0,0.0001733333333333333,0.115,0.768288282,1.994314969,0.615215003490448,6.08835983276367
1992,NER,4.4,0.0,0.0003466666666666666,0.116,0.808391241,2.024179935,0.599449992179871,5.89923000335693
1993,NER,4.01213979721069,0.0,0.00052,0.115,0.848494201,2.110269937,,5.92972993850708
1994,NER,4.57177639007568,0.0,0.0006933333333333332,0.133,0.888597161,2.196359938,,6.017566680908203
1995,NER,6.2,0.0,0.0008666666666666665,0.141,0.928700121,2.282449939,,6.105403423309327
1996,NER,7.0,0.0,0.00104,0.153,0.975135127,2.36853994,,6.19324016571045
1997,NER,6.23572778701782,0.000933849,0.00201,0.158,1.021570133,2.454629941,,6.3285698890686
1998,NER,6.7,0.012427544,0.00291,0.169,1.068005139,2.540719943,,6.22143983840942
1999,NER,7.32568216323853,0.01951659,0.0281,0.17,1.114440145,2.626809944,,6.40421009063721
2000,NER,6.5,0.017863302295556,0.0362612938065891,0.173689336668511,1.160875151,2.712899945,,6.30063009262085
2001,NER,8.4,0.0178346024339115,0.10518543139701,0.181777046162008,1.203088793,2.798989946,,6.231369972229
2002,NER,8.8,0.465951324237534,0.127152468779619,0.181380992885013,1.245302434,2.885079947,,6.28120994567871
2003,NER,9.3,0.643628217398725,0.155698703668983,0.17953449031428,1.287516076,2.971169949,0.827859997749329,6.86678981781006
2004,NER,9.7,1.29973715942214,0.189933733703092,0.181217376726201,1.329729718,3.304039955,0.796029984951019,8.35079956054688
2005,NER,7.1,2.35423436951156,0.221300006,0.174132492480477,1.37194336,3.529139996,0.951579988002777,9.26323986053467
2006,NER,9.3,3.38505980377446,0.294,0.209726531320809,1.403603591,3.674469948,0.960169970989227,10.6787004470825
2007,NER,11.2,6.07959815207237,0.390399992,0.281593476185876,1.435263823,3.802350044,0.905510008335114,10.3014001846313
2008,NER,11.8,12.3528088783202,0.7,0.421418813995521,1.466924054,4.03937006,1.03770005702972,10.6592998504639
2009,NER,12.3,16.3011350896202,0.76,0.478785474490668,1.498584286,4.281970024,1.25635004043579,11.1999397277832
2010,NER,13.6,22.1684789291814,0.829999983,0.503860241521533,1.530244517,4.609570026,1.30152108043912,12.8063202484136
2011,NER,14.3,27.612953279822,0.9,0.496929399684437,1.585122251,4.890210152,1.34816649944538,13.6643213754076
2012,NER,14.4,30.2495367855019,1.049999952,0.563650288906023,1.639999986,5.121349812,1.54284142561837,14.8037867184503
2013,NER,15.2,37.8312018781097,1.149999976,0.54265957620285,1.574318329,5.468043168,2.10942035845772,15.9596510320284
2014,NER,15.7,42.8624011489646,1.24867568902241,0.547983444342914,1.508636673,5.814736525,2.67599929129707,17.8459505465436
2015,NER,16.6,44.9309205276883,2.476200104,0.551668853448567,1.442955017,6.161429882,3.24257822413642,19.6922012498743
2016,NER,17.0,36.120522177752,4.322800159,0.777578655222268,1.377273361,6.485660076,3.45043638449437,22.6700395113082
2017,NER,17.6,40.9549864276209,10.2243115586561,0.533471521889491,1.311591705,6.700009823,3.66741981878978,23.7611505662509
2018,NER,17.6,46.88312405607535,10.74180031,0.3932357609447455,1.245910048,7.07037944,4.33801956751366,23.394377813600666
2019,NER,18.5,52.8112616845298,11.28549957,0.253,1.293631241,7.461222707,4.15170730347346,23.027605060950435
2020,NER,18.7,60.0355524816093,11.85680008,0.245,1.341352433,7.873671385,,22.6608323083002
2021,NER,18.6,61.5063092448251,12.45689964,0.237,1.412289341,8.308919801,,22.294059555649966
2022,NER,19.5,63.3770548032743,13.08749962,0.249,1.412289341,8.308919801,,21.927286802999735
2023,NER,20.1,65.735032215569,12.98079967,0.655637889902116,1.412289341,8.308919801,,21.5605140503495
2024,NER,21.3,60.5939862118112,15.55760002,0.434896449491817,,,,19.8664761204349
1990,NGA,27.3,0.0,0.0,0.298,2.751935383,5.83456407,,23.9810009002686
1991,NGA,35.2346000671387,0.0,0.0014716666666666665,0.295,2.92814402,6.015241351,,
1992,NGA,36.0994606018066,0.0,0.002943333333333333,0.313,3.104352656,6.201513613,,
1993,NGA,36.9636459350586,0.008804631,0.004415,0.326,3.280561292,6.393554115,,
1994,NGA,37.8264694213867,0.01213775,0.005886666666666666,0.342,3.456769929,6.59154148,,
1995,NGA,38.6872520446777,0.012016163,0.007358333333333332,0.366,3.632978565,6.795659864,,
1996,NGA,39.5453186035156,0.012617593,0.00883,0.363,3.809187201,7.006099123,,
1997,NGA,40.3999824523926,0.013182041,0.0172,0.346,3.985395838,7.223054995,,
1998,NGA,41.2505683898926,0.017139352,0.0252,0.366,4.161604474,7.446729277,,
1999,NGA,44.9,0.020886321,0.041,0.385,4.33781311,7.677330017,5.80225992202759,22.8324108123779
2000,NGA,43.2,0.0237374647789432,0.0640808079494101,0.43785652781943,4.514021747,8.045780182,6.6724249124526995,23.9613494873047
2001,NGA,43.9,0.205186874634686,0.089901370457273,0.462273990443515,4.690230383,7.727389812,7.542589902877809,26.3999805450439
2002,NGA,44.6,1.17556500937436,0.320461975542327,0.525953052216821,4.866439019,8.028120041,8.41275489330292,28.8738098144531
2003,NGA,52.2,2.29549001985705,0.558576244860521,0.647607053403431,5.042647656,8.471205235,9.28291988372803,31.4109649658203
2004,NGA,46.1,6.48475870170114,1.28613764134527,0.728442170329032,5.265448095,8.914290428,9.52007961273193,33.9481201171875
2005,NGA,46.8,12.8170956320625,3.54915571796492,0.843525838956555,5.488248534,8.961859703,10.0968999862671,33.7729187011719
2006,NGA,47.6,21.6814998851536,5.54503608300536,1.13227943826793,5.711048974,8.805881691,9.919895085213948,33.1262817382812
2007,NGA,50.1,26.3563208061766,6.769999981,1.03065977019058,5.933849413,8.649903679,9.742890184160796,30.4232006072998
2008,NGA,50.3,39.9685817471357,8.0,0.829737544869281,6.156649852,8.493925667,9.565885283107644,33.6112785339355
2009,NGA,50.0,45.9848876760246,9.300000191,0.914535576618754,6.194740673,8.337947655,9.388880382054491,37.1381416320801
2010,NGA,48.0,52.3861480651505,11.5,0.630232124040387,6.232831494,8.181969643,9.21187548100134,41.7837982177734
2011,NGA,55.9,55.5301267540609,13.80000019,0.419773420171052,6.270922315,8.470709801,9.74153350922586,43.0239906311035
2012,NGA,53.0,64.0053263148187,16.10000038,0.237323789288489,6.309013136,8.680361611,,44.4557914733887
2013,NGA,55.6,70.282509513161,19.10000038,0.199137315213944,6.347103957,8.890013422,,52.7967300415039
2014,NGA,54.2,74.7512781478918,21.0,0.0985976555877756,6.563105983,9.099665233,,42.7821502685547
2015,NGA,52.5,79.1045279367312,22.51420021,0.0981555339796884,6.779108009,9.309317044,,43.8246917724609
2016,NGA,59.3,78.970142296733,24.13750076,0.0790575495654247,6.995110035,9.518968854,,39.3068084716797
2017,NGA,54.4,72.3679681751497,25.87789917,0.0695834276029214,6.957065105,9.728620665,,39.897668838501005
2018,NGA,56.5,84.2840110939485,27.74370003,0.0685526756518063,6.919020176,9.938272476,,40.4885292053223
2019,NGA,55.4,88.1169010528984,29.74410057,0.051150999891205,7.191969872,10.13020498,,42.3053092956543
2020,NGA,55.4,95.4356648074949,31.88879967,0.0500153785454704,7.388969898,10.32213749,,44.1220893859863
2021,NGA,59.5,89.2915858426408,35.50979996,0.0486822622026047,7.585969925,10.51407,,45.444938659668
2022,NGA,60.5,99.5852151989567,39.14720154,0.0434665518887273,7.585969925,10.51407,,46.1690444946289
2023,NGA,61.2,98.4772822731425,40.06399918,0.0491353137462744,7.585969925,10.51407,,46.8931503295898
2024,NGA,62.5,70.7619057835431,41.21139908,0.0441439876360733,,,,
1990,RWA,,0.0,0.0,0.141,1.904477602,,0.576889991760254,16.0649795532227
1991,RWA,,0.0,0.00014716666666666668,0.15,1.949925363,,,15.881799697876
1992,RWA,2.3,0.0,0.00029433333333333335,0.153,1.995373124,,,14.6486597061157
1993,RWA,2.045567193031312,0.0,0.00044150000000000005,0.138,2.040820885,,,
1994,RWA,1.7911343860626239,0.0,0.0005886666666666667,0.147,2.086268646,,,
1995,RWA,1.5367015790939358,0.0,0.0007358333333333333,0.122,2.131716407,5.644849777,,
1996,RWA,1.282268772125248,0.0,0.000883,0.153,2.19664178,5.644849777,,
1997,RWA,1.02783596515656,0.0,0.00163,0.15,2.261567153,5.644849777,,
1998,RWA,2.17412757873535,0.063174027,0.0118,0.134,2.326492526,5.644849777,,
1999,RWA,3.31557703018188,0.137335421,0.0672,0.155,2.391417898,5.644849777,0.705209970474243,7.50258016586304
2000,RWA,6.2,0.474803111932642,0.0628314595107164,0.213880540267504,2.456343271,6.472990036,1.12785005569458,10.2389402389526
2001,RWA,4.7,0.784352150464324,0.240672409832383,0.259439557461277,2.573208942,8.06289959,1.54308998584747,11.1507501602173
2002,RWA,6.0,0.980824220433372,0.292784718792575,0.298862643419546,2.690074613,8.104120255,1.87186002731323,12.1046600341797
2003,RWA,7.4,1.52232331319601,0.356918467272361,0.297721813814688,2.806940284,8.314789772,2.34143996238708,13.584939956665
2004,RWA,8.7,1.55691764536154,0.43085424337006,0.260546744390623,2.923805955,8.930410385,2.73148989677429,15.3283996582031
2005,RWA,4.8,2.46261318094107,0.555999994,0.260654116923599,3.040671626,9.417039871,2.85111999511719,16.4831008911133
2006,RWA,11.4,3.37877931178506,1.335700035,0.251224669182856,3.185671626,10.20623016,3.64229989051819,18.1992893218994
2007,RWA,12.8,6.650695873992,2.115400076,0.242127353144781,3.330671625,10.71080017,3.88545989990234,20.3850002288818
2008,RWA,6.0,13.4904193265199,4.5,0.171047938403159,3.475671624,10.81871033,4.18300008773804,22.1014308929443
2009,RWA,15.6,24.1465972832976,7.7,0.332500632179612,3.620671623,11.39603996,5.0719199180603,26.5538196563721
2010,RWA,9.7,34.395374562166,8.0,0.384432238923318,3.765671623,11.67043018,5.77316665562353,32.4029083251953
2011,RWA,10.8,42.049425685328,7.0,0.367902234716916,3.767835802,11.8947897,6.83723020553589,36.6210098266602
2012,RWA,17.5,52.5466576287262,8.023900032,0.409634400166724,3.769999981,12.10725975,6.70938666027303,39.662769317627
2013,RWA,15.2,60.2988640030865,9.0,0.408695667851161,3.914999962,9.685420036,6.23149117030345,30.2092864949597
2014,RWA,19.8,68.1670448387062,10.60000038,0.436542549919897,4.059999943,11.57287025,7.35861774339014,41.8218654918977
2015,RWA,22.8,75.2543165296423,12.45600033,0.145901786096281,4.095149994,11.08055973,7.53124856448318,39.4099042857311
2016,RWA,29.4,74.8502057565523,14.63710022,0.11244898245123,4.173433304,11.58388996,7.57807264441764,38.506238583342
2017,RWA,34.1,72.2764598764471,17.2,0.101073097493374,4.251716614,11.70065022,7.34488296090452,39.6912128982215
2018,RWA,38.0,77.679469147812,19.16659927,0.103779661684709,4.329999924,11.40342045,6.76094647714264,41.1796940634956
2019,RWA,46.6,75.5985451901883,21.3579998,0.0891742967319534,4.604155064,11.51772976,6.3142892660234,44.0779032495009
2020,RWA,45.2,81.2378724761376,23.8,0.0893245492041574,4.878310204,11.76366997,7.56709586345553,44.12999365226615
2021,RWA,48.7,81.6381635400584,24.4416008,0.0890510555391658,4.879155159,12.00961018,7.49017735539702,44.1820840550314
2022,RWA,50.6,80.5952224850433,28.01679993,0.0756499692697181,4.880000114,12.25555038,7.41325884733851,44.1547093958443
2023,RWA,63.9,91.4622704078141,28.80579948,0.05991628059566,4.880000114,12.59045029,8.88624308383425,45.1251505756161
2024,RWA,72.0,93.201462876722,31.70330048,0.0649174517259309,,,9.41173924647801,48.790277194547
1990,SDN,32.8,0.0,0.0,0.282,1.5,3.575123192,,
1991,SDN,26.9192943572998,0.0,0.0,0.283,1.594,3.716464477,,
1992,SDN,27.4086132049561,0.0,0.0,0.279,1.688,3.863393641,,
1993,SDN,27.897253036499,0.0,0.0,0.273,1.782,4.0161316,,
1994,SDN,28.3845348358154,0.0,0.0,0.266,1.876,4.174908003,,
1995,SDN,28.8697834014893,0.0,0.0,0.304,1.97,4.339961577,,
1996,SDN,29.35231590271,0.00921958,0.0,0.392,2.064,4.511540488,,
1997,SDN,29.8314571380615,0.015539144,0.00123,0.436,2.158,4.689902714,,
1998,SDN,30.3065280914307,0.034359945,0.00481,0.613,2.252,4.875316429,,
1999,SDN,30.7767562866211,0.050713575,0.00879,0.927,2.346,5.068060413,6.56864023208618,
2000,SDN,23.0,0.0826840092181885,0.0257850324762484,1.39043946371152,2.44,5.268424466,6.69480991363525,
2001,SDN,29.4,0.364157651795768,0.140185224494161,1.57100541190324,2.538,5.476709843,8.25726985931396,32.2981796264648
2002,SDN,29.7,0.652707180849854,0.439477639075583,2.29856743333365,2.636,5.597040176,9.31309986114502,32.1063385009766
2003,SDN,29.9,1.76355493295348,0.538471703150458,3.13337872396791,2.734,5.778049946,8.65738010406494,33.3529090881348
2004,SDN,30.2,3.43152291268178,0.791561615446385,3.36718664426324,2.832,6.159719944,10.5490598678589,36.5913009643555
2005,SDN,30.5,5.84707964610828,3.41437441029759,1.82327395772384,2.93,6.340129852,11.823320388794,36.3686599731445
2006,SDN,30.8,14.6382324446389,6.037187205148795,1.55974373316692,2.97,6.644569874,13.3374099731445,34.6569290161133
2007,SDN,31.1,25.0825849667632,8.66,1.05357275569766,3.01,6.608520031,13.0165500640869,33.9691314697266
2008,SDN,20.0,35.6634431735922,,1.08910366946447,3.05,7.160170078,14.3921899795532,35.8935012817383
2009,SDN,29.0,44.3745692867503,,1.07154325886233,3.09,7.38876009,14.6098203659058,39.4921493530273
2010,SDN,36.0,51.0900410875249,,1.53887688451243,3.13,7.41782999,14.8035297393799,39.6667785644531
2011,SDN,38.3,69.3293475524591,,1.3381466921352,3.228,7.157400131,14.5120697021484,35.2129783630371
2012,SDN,40.7,74.908489729676,,1.14991726876814,3.326,7.529759884,14.8181400299072,38.7272605895996
2013,SDN,43.1,73.1963836514564,,1.09980590882052,3.424,7.8261199,16.6676292419434,40.9434089660645
2014,SDN,44.9,71.597721245773,,1.06921824662179,3.522,7.872330189,15.958589553833,42.046989440918
2015,SDN,48.0,69.8036331859409,12.0,0.297203475547223,3.62,7.932330132,15.8645696640015,42.5230712890625
2016,SDN,50.5,67.3954575547604,14.0999999446534,0.330761893414554,3.67,8.043066338,,40.9556007385254
2017,SDN,53.0,67.0598253428254,18.60000038,0.335437967785313,3.72,8.155348435,,43.0903282165527
2018,SDN,55.3,68.0533719238149,,0.309566255901232,3.77,8.269198002,,42.1366996765137
2019,SDN,57.6,72.4818502607404,,0.302629029593392,3.82,8.384636922,,43.5378608703613
2020,SDN,59.7,75.2207425678785,,0.276576462647997,3.87,8.501687381,,
2021,SDN,61.8,71.767230205952,,0.273545692251911,3.962,8.620371878,,
2022,SDN,63.2,70.2084038614961,,0.315495025387709,3.962,8.620371878,,
2023,SDN,66.0,,,,3.962,8.620371878,,
2024,SDN,66.0,,,,,,,
1990,SEN,,0.0,0.0,0.574,1.99764146,4.31622616,,14.357439994812
1991,SEN,,0.0,0.0001386,0.61,1.972216932,4.406959376,,14.53448009490965
1992,SEN,,0.0,0.0002772,0.711,1.946792405,4.499599934,3.05016994476318,14.7115201950073
1993,SEN,26.0,0.0,0.0004158,0.761,1.921367877,4.594187927,3.06218395233154,14.550375223159774
1994,SEN,27.190486907959,0.001164311,0.0005544,0.836,1.895943349,4.688775921,3.0741979598999,14.389230251312249
1995,SEN,28.8571910858154,0.001413234,0.000693,0.927,1.870518822,4.783363914,3.08621196746826,14.228085279464725
1996,SEN,30.5211772918701,0.01596667,0.0112,1.05,1.839646181,4.877951908,3.09822597503662,14.0669403076172
1997,SEN,32.2,0.076694149,0.0273,1.25,1.80877354,4.972539902,3.11023998260498,13.8685998916626
1998,SEN,33.8382682800293,0.296786944,0.0799,1.47,1.777900899,5.093080044,3.1579350233078003,13.8054399490356
1999,SEN,36.2,0.92713411,0.311,1.7,1.747028259,5.213620186,3.20563006401062,14.6024398803711
2000,SEN,37.7,2.51047825799086,0.403967485868965,2.06543569288923,1.716155618,5.490004158,3.51491003036499,15.2092504501343
2001,SEN,38.9,2.9551817683876,0.983794058848003,2.3221516385778,1.648962223,5.76638813,3.82418999671936,15.5517797470093
2002,SEN,36.8,5.28795799512603,1.00645453672323,2.1461724363748,1.581768829,6.042772102,4.13346996307373,16.9281692504883
2003,SEN,41.9,7.29792142205295,2.10143642986685,2.13450464762448,1.514575434,6.319156075,4.4427499294281,18.446959495544448
2004,SEN,36.8,10.2163287202352,4.38602398008563,2.23172928132902,1.44738204,6.595540047,4.75202989578247,19.9657497406006
2005,SEN,47.1,15.3986054168441,4.78668408310535,2.37294881781558,1.380188645,6.874909878,5.26141023635864,22.2482490539551
2006,SEN,49.9,25.9356401782455,5.61173865217952,2.45713643731956,1.539999962,7.001580238,5.46575021743774,24.2208805084229
2007,SEN,48.1,30.8470508593462,6.889999866,2.28615238433133,1.70999999,7.388890028,6.1223201751709,27.4614706039429
2008,SEN,49.7,44.7269593995631,7.119999886,1.97321610937509,1.880000019,7.776199818,7.75537014007568,30.7020606994629
2009,SEN,53.5,55.9396481702895,7.5,2.25970016832573,2.050000048,7.958699942,7.9150800704956,33.9143810272217
2010,SEN,56.5,66.0343828887904,8.0,2.70554670433012,2.220000076,8.141200066,7.62979751289774,37.1267013549805
2011,SEN,56.5,72.1733338879073,9.800000191,2.67311330586237,2.390000105,8.799389839,10.121109956384,42.6368983156004
2012,SEN,56.5,86.1774562103062,10.80000019,2.55451807013939,2.585000038,9.017259598,10.2635537254668,46.4158677062967
2013,SEN,57.0,95.7910921489982,13.10000038,2.50690529813289,2.779999971,9.055959702,10.5725397458545,49.0776594909389
2014,SEN,61.0,101.608432443463,17.70000076,2.2042308626662,2.65593493,9.293149948,10.8787568632408,50.546931380439
2015,SEN,60.5,102.508995376039,21.70000076,2.05723422568843,2.531869888,9.290579796,10.8409366679467,50.5380516052246
2016,SEN,64.5,101.010767153806,25.66480064,1.90184309829359,2.891940117,9.196184874,10.8875992426245,49.019152517918755
2017,SEN,61.7,101.831108002442,29.64310074,1.87809991882392,2.829999924,9.101789951,11.3494415127099,47.5002534306129
2018,SEN,66.0,104.055698143919,35.29999924,1.89916766460368,2.998349905,9.007395029,12.4178375059947,45.981354343307046
2019,SEN,70.4,109.341890091569,43.37969971,1.26944897064879,2.84145999,8.913000107,12.60825139125,44.4624552560012
2020,SEN,64.3,113.638091206029,53.30879974,1.36262443178566,2.887631869,9.053489685,13.3136624860931,44.7866297761573
2021,SEN,68.0,115.325093678501,55.04040146,1.51815817403386,2.934554012,9.067919731,14.6823561354842,45.1726204964815
2022,SEN,67.9,118.150293497239,56.82830048,1.68287500220241,2.934554012,9.144550323,15.6478973478986,45.3756792066535
2023,SEN,74.2,123.911572643075,59.18740082,2.20738148865448,2.934554012,9.142709732,16.0710053721835,44.0673682244069
2024,SEN,82.9,123.894453697506,60.11780167,1.6054818769706,,,15.3302400879779,
1990,SLE,,0.0,0.0,0.316,1.905222798,4.661960125,1.40813994407654,16.6202907562256
1991,SLE,,0.0,0.0,0.319,1.996866426,4.208509922,1.24685001373291,15.7828102111816
1992,SLE,,0.0,0.0,0.332,2.088510054,4.427687931,,
1993,SLE,,0.0,0.0,0.348,2.180153683,4.64686594,,
1994,SLE,,0.0,0.0,0.378,2.271797311,4.866043949,,
1995,SLE,,0.0,0.0,0.398,2.363440939,5.085221958,,
1996,SLE,,0.0,0.00251,0.409,2.44543787,5.304399967,,
1997,SLE,,0.0,0.00499,0.409,2.5274348,5.523577976,,
1998,SLE,,0.0,0.0148,0.405,2.609431731,5.742755985,,
1999,SLE,,0.0,0.0485,0.422,2.691428661,5.961933994,,
2000,SLE,7.7,0.269915234409174,0.118254245682183,0.429061235266844,2.773425592,6.181112003,1.67453002929688,
2001,SLE,8.5,0.573122260115464,0.160264445493032,0.484687332453104,2.86506922,6.400290012,2.11300992965698,25.5431499481201
2002,SLE,9.2,1.34769940671054,0.176198956814076,0.482757996433625,2.956712848,6.614043395,1.98783004283905,
2003,SLE,9.9,2.18657481612929,0.190173281668183,0.488635176286245,3.048356477,6.834935596,,
2004,SLE,16.8,5.014224423760618,0.203007680592588,0.49479836219875,3.140000105,7.063205033,,
2005,SLE,11.3,7.841874031391946,0.215399995,0.50529726019828,3.168450099,7.299098089,,
2006,SLE,12.2,10.669523639023273,0.227699995,0.515604503609765,3.196900093,7.542869371,,
2007,SLE,13.0,13.4971732466546,0.239800006,0.527015914141281,3.225350087,7.794781994,,
2008,SLE,12.1,17.113614518208,0.25,0.534376345483298,3.25380008,8.046694616,,
2009,SLE,14.6,19.1556771977754,0.25999999,0.541643286281926,3.282250074,8.298607239,,
2010,SLE,11.5,32.1403169099528,0.579999983,0.22498221836967,3.310700068,8.550519861,,
2011,SLE,14.2,33.4572729332228,0.899999976,0.250499001839759,3.339150062,8.596806296,,40.4235687255859
2012,SLE,17.2,33.7348956202641,2.5,0.274763855730658,3.367600056,8.64309273,,44.5522918701172
2013,SLE,13.5,59.5765507292095,4.0,0.238306202916838,3.39605005,8.689379165,,39.2237892150879
2014,SLE,18.8,69.1758823858757,6.057300091,0.239951660647273,3.424500044,8.735665599,,39.5350799560547
2015,SLE,19.7,80.3818885694169,6.344399929,0.241557734785237,3.452950037,8.781952034,,39.8463706970215
2016,SLE,20.3,87.1475941136892,7.680099964,0.235936518087726,3.481400031,8.828238468,,42.1386795043945
2017,SLE,23.4,89.7781754066341,9.297100067,0.230374185949099,3.509850025,8.874524903,,41.5312194824219
2018,SLE,26.1,84.1233437327877,14.42230034,0.0576075677706308,3.50654006,8.921549732,,43.119270324707
2019,SLE,22.7,87.0384355077496,15.71370029,0.0061562409992458,3.503230095,8.968823739,,61.1980781555176
2020,SLE,26.3,87.0034823125467,17.12080002,0.0023886080835047,3.519227327,9.016348244,,62.5606803894043
2021,SLE,27.5,101.636782141976,18.65390015,0.0033232023019785,3.535297609,9.064124575,,73.4251403808594
2022,SLE,29.4,107.882000873042,21.50880051,0.0032500455791708,3.535297609,9.064124575,,80.16654586791995
2023,SLE,35.5,,23.71360016,,3.535297609,9.064124575,,86.9079513549805
2024,SLE,39.2,,25.10499954,,,,,
1990,SOM,,0.0,0.0,0.212,,,,
1991,SOM,,0.0,0.0,0.22,,,,
1992,SOM,,0.0,0.0,0.231,,,,
1993,SOM,,0.0,0.0,0.225,,,,
1994,SOM,,0.0,0.0,0.213,,,,
1995,SOM,,0.0,0.0,0.206,,,,
1996,SOM,,0.0,0.00151,0.199,,,,
1997,SOM,,0.0,0.00295,0.192,,,,
1998,SOM,,0.0,0.00716,0.282,,,,
1999,SOM,,0.0,0.0139,0.283,,,,
2000,SOM,2.1,0.905109148809335,0.02,0.282846609002917,,,,
2001,SOM,4.7,0.924064409246167,0.0790391786670095,0.380497109689598,,,,
2002,SOM,7.4,1.04711351118836,0.115614213354469,0.366489728915924,,,,
2003,SOM,9.8,2.01833516211319,0.376198002539086,1.00916758105659,,,,
2004,SOM,12.4,4.86334108809281,1.05345474358422,0.972668217618562,,,,
2005,SOM,15.0,4.6973815292194,1.077299953,0.939476305843881,,,,
2006,SOM,15.2,5.01116030956944,1.100200057,0.911120056285353,,,,
2007,SOM,20.2,5.29914466505961,1.122200012,0.883190777509935,,,,6.01468992233276
2008,SOM,22.9,5.37593658761268,1.142699957,0.857406154324191,,,,
2009,SOM,25.5,5.35899363283001,1.160599947,0.836036448179409,,,,
2010,SOM,52.3,5.28635539640489,1.2052999734999998,0.815543874792485,,,,
2011,SOM,52.0,14.5762796961332,1.25,0.728813984806658,,,,
2012,SOM,51.8,18.457350680033,1.376700044,0.561745455479265,,,,
2013,SOM,51.5,40.2732207402969,1.5,0.4972961851011,,,,
2014,SOM,51.4,41.2309585125849,1.629999995,0.428801968530883,,,,
2015,SOM,51.2,42.2685278435236,1.75999999,0.369378841675754,,,,
2016,SOM,51.1,46.366719307758,1.879999995,0.33452414637104,,,,
2017,SOM,52.1,47.725260177752,2.163800001,0.4092943104558055,,,,
2018,SOM,50.7,49.5262671956948,2.447600007,0.484064474540571,,,,
2019,SOM,49.2,51.3194116563494,2.731400013,0.567651204658782,,,,
2020,SOM,49.9,53.1133178401473,15.02369976,0.546507454031366,,,,
2021,SOM,49.3,51.2059481348129,23.87479973,0.526881646344185,,,,
2022,SOM,48.9,49.6800986995936,27.6,0.511181476895412,1.899999976,7.486165162,,
2023,SOM,50.3,53.9579646939598,26.12010002,0.299614104876648,1.899999976,7.486165162,,3.34785008430481
2024,SOM,54.4,,27.94020081,,,,,
1990,SSD,,,,,,,,
1991,SSD,,,,,,,,
1992,SSD,,,,,,,,
1993,SSD,,,,,,,,
1994,SSD,,,,,,,,
1995,SSD,,,,,,,,
1996,SSD,,,,,,,,
1997,SSD,,,,,,,,
1998,SSD,,,,,,,,
1999,SSD,,,,,,,,
2000,SSD,,,,,,,,
2001,SSD,,,,,,,,
2002,SSD,,,,,,,,
2003,SSD,,,,,,,,
2004,SSD,,,,,,,,
2005,SSD,,,,,,,,
2006,SSD,,,,,,,,
2007,SSD,0.8,,,,,,,
2008,SSD,1.3,,,,5.730000019,,,
2009,SSD,3.0,,,,5.730000019,,,
2010,SSD,1.5,15.3910038351303,,0.0246256061362085,5.730000019,4.983324,,
2011,SSD,2.8,17.4959266080871,,0.0213839102987731,5.730000019,5.113613228,,10.8023195266724
2012,SSD,3.3,21.3829367883201,1.5,0.00139453935576,5.730000019,5.243902457,,10.985442161560076
2013,SSD,3.8,25.5521917559795,2.200000048,0.0,5.730000019,5.374191685,,11.16856479644775
2014,SSD,4.3,25.599272919722,2.599999905,0.0,5.730000019,5.504480913,,11.351687431335424
2015,SSD,4.8,26.0993389998038,3.0,0.0,5.730000019,5.634770141,,11.5348100662231
2016,SSD,5.3,24.930513119821,3.5,0.0,5.730000019,5.634770141,,
2017,SSD,4.2,27.1848244017002,4.1,0.0,5.730000019,5.634770141,,
2018,SSD,6.3,18.9297575209348,4.800000191,0.0,5.730000019,5.634770141,,
2019,SSD,6.8,21.3171365460584,6.671000004,0.0,5.730000019,5.634770141,,
2020,SSD,7.3,25.7340897726362,,0.0,5.730000019,5.634770141,,
2021,SSD,7.7,30.151042999214,,0.0,5.730000019,5.634770141,,
2022,SSD,8.4,48.4888320004297,,0.0,5.730000019,5.634770141,,
2023,SSD,5.4,46.6152369503945,,0.0,5.730000019,5.634770141,,
2024,SSD,5.4,,,,,,,122.120628356934
1990,STP,,0.0,0.0,1.79,4.099278683,,,
1991,STP,,0.0,,1.76,4.149901176,,,
1992,STP,,0.0,,1.84,4.201148812,,,
1993,STP,,0.0,,1.83,4.253029312,,,
1994,STP,,0.0,,1.85,4.30555049,,,
1995,STP,,0.0,,1.85,4.358720258,,,
1996,STP,,0.0,,1.9,4.412546627,,,
1997,STP,,0.0,,3.1,4.467037703,,,
1998,STP,,0.0,0.296,3.05,4.522201697,,,
1999,STP,,0.0,0.363,3.18,4.578046918,,,
2000,STP,52.9,0.0,4.6385168164075,3.20376619589218,4.634581778,,,
2001,STP,51.5,0.0,6.31091788794615,3.71716481639624,4.691814794,,,
2002,STP,52.5,1.3206867571137,7.580665168911,4.24620802817465,4.749754587,,,
2003,STP,53.6,3.13300479800278,10.1618443069961,4.53144707243814,4.808409887,,,36.1393585205078
2004,STP,54.7,4.91106813354047,13.3228526892178,4.4703718968961,4.867789527,,,39.6760902404785
2005,STP,55.8,7.39487376190152,13.75949955,4.39992823514127,4.927902454,9.380213026,,43.0029182434082
2006,STP,56.9,11.1230514736957,14.18200016,4.5840930221326,4.988757723,9.60411237,,44.73871421813965
2007,STP,58.0,17.736593989393,14.5904831987414,4.5103123158515,5.050364501,9.833356039,,46.4745101928711
2008,STP,59.1,29.0869022342672,15.47999954,4.39776055422255,5.112732068,10.0680716,,43.6149482727051
2009,STP,56.9,45.4470827031312,16.40999985,4.326044542403,5.175869821,10.30838966,3.92682003974915,49.2131805419922
2010,STP,61.4,56.5065290810882,18.75,4.29258203980154,5.239787269,10.17840004,4.22901010513306,50.2788581848145
2011,STP,62.6,61.9653216553819,20.16119957,4.28766112394896,5.304494041,10.396595,6.032345056533815,48.8370208740234
2012,STP,57.9,64.4914721889368,21.57239914,4.24147086925079,5.369999886,10.61478996,7.83568000793457,56.3386497497559
2013,STP,65.0,64.8875473729989,23.0,3.6117381489842,5.43797275,11.10060501,8.539824962615965,63.3046607971191
2014,STP,68.6,65.3056660923834,24.40999985,3.45586404224286,5.505945614,11.58642006,9.24396991729736,74.2815475463867
2015,STP,67.3,92.3511291071491,25.81999969,3.21582098047341,5.573918479,12.4100399,12.8210802078247,82.4009170532227
2016,STP,69.4,87.4112004084658,28.0,2.8145849800431,5.641891343,12.4259358,,83.8791198730469
2017,STP,74.3,84.0522781079383,32.61640167,2.69072812484901,5.709864208,12.44183169,,90.4435729980469
2018,STP,71.0,77.3644421396185,37.99380112,2.52108836417095,5.777837072,12.45772759,,
2019,STP,75.1,77.6791069955762,44.25790024,2.24188348204244,5.845809937,12.47362348,,
2020,STP,76.8,80.1172764274381,51.55469894,1.28314208844022,5.916260045,12.6637182,,
2021,STP,78.5,85.2577705092336,54.94950104,1.17993701596226,5.987559175,12.8567099,,
2022,STP,78.0,86.7784626941517,58.56779861,1.10514571043503,5.987559175,12.8567099,,
2023,STP,81.3,63.4540500972405,58.70130157,0.847659515487003,5.987559175,12.8567099,,
2024,STP,77.7,62.4367400312479,59.11759949,0.75614768018477,,,,
1990,SWZ,,0.0,0.0,1.56,6.29047933,9.644469458,3.92527008056641,
1991,SWZ,,0.0,0.00020600000000000002,1.58,6.258665412,9.572581933,3.75163006782532,
1992,SWZ,,0.0,0.00041200000000000004,1.61,6.226851493,9.50123024,3.34717011451721,47.7011184692383
1993,SWZ,,0.0,0.0006180000000000001,1.68,6.195037575,9.430410385,4.43348979949951,44.7079582214355
1994,SWZ,,0.0,0.0008240000000000001,1.87,6.163223657,9.520150185,4.936149915059406,45.2933082580566
1995,SWZ,,0.0,0.00103,2.18,6.131409738,9.609889984,5.438810030619304,46.7922706604004
1996,SWZ,,0.0,0.0504,2.28,6.021507111,9.699629784,5.9414701461792,46.7752113342285
1997,SWZ,,0.0,0.0885,2.49,5.911604483,9.702963193,5.476160049438477,46.05525588989255
1998,SWZ,,0.46758818,0.0961,2.84,5.801701856,9.706296603,5.010849952697754,45.3353004455566
1999,SWZ,,1.374745917,0.471,3.04,5.691799229,9.709630013,4.54553985595703,44.860279083252
2000,SWZ,20.4,3.16876861651562,0.926191777269401,3.0591100177259,5.581896601,9.558130264,4.26582002639771,43.3038711547852
2001,SWZ,26.9,5.23279267485139,1.28159005046719,3.20998531012384,5.37076787,9.475719929,4.341569900512701,43.7772598266602
2002,SWZ,25.9,6.41847917911427,1.81620380712642,3.30929235323156,5.159639138,9.393309593,4.41731977462769,44.738208770752
2003,SWZ,28.7,7.96850098434424,2.43707385055863,4.3310209055967,4.948510407,9.7072649,4.90459990501404,44.4690589904785
2004,SWZ,31.4,13.511511341749,3.22868507316111,4.14728851922222,4.737381675,10.02122021,5.39188003540039,48.3460006713867
2005,SWZ,34.2,18.5353032653644,3.697000027,4.0862002813659,4.526252943,10.31523991,4.7824501991272,50.5027885437012
2006,SWZ,35.2,23.0534582031581,3.69653878906882,4.08387401377306,4.783656466,10.95755959,4.6042799949646,54.4987907409668
2007,SWZ,39.8,34.8398512888453,4.1,4.11192760645637,5.041059988,11.26955566,5.089104181627554,58.3698616027832
2008,SWZ,42.6,48.4152042043874,6.85,4.11277389578824,5.29846351,11.58155174,5.573928368290508,58.97041511535645
2009,SWZ,38.6,60.1212682768811,8.94,4.08649300142152,5.555867032,11.89354782,6.058752554953462,59.5709686279297
2010,SWZ,45.6,65.2905141006612,11.04,4.76462915485989,5.813270554,12.2055439,6.543576741616416,64.5977020263672
2011,SWZ,51.2,68.5737493883254,18.13,6.78321359272807,6.114056692,12.51753998,7.02840092827937,67.2353363037109
2012,SWZ,54.3,71.6279475345304,20.78179932,4.05431978808805,6.41484283,12.69502497,6.7319293234574005,69.2019271850586
2013,SWZ,57.5,79.0272480287436,24.70000076,4.07083248524323,6.715628968,12.87250996,6.43545771863543,70.8080825805664
2014,SWZ,65.0,80.6829892484285,25.0,3.90742225417782,7.016415106,13.1477058,,73.7052383422852
2015,SWZ,64.1,82.3406804087808,25.64299965,3.76264533217596,7.317201244,13.42878494,,76.2872772216797
2016,SWZ,63.4,86.5588465316001,28.56999969,3.65374025560523,7.510976929,13.71587316,,82.023935767308
2017,SWZ,73.5,88.7130405501664,35.33160019,3.18020713265037,7.704752614,14.0090989,,
2018,SWZ,74.0,89.2003705956478,39.38100052,3.77567842016068,7.898528299,14.3085934,,
2019,SWZ,77.0,91.0519258836113,43.93389893,3.60267282777653,8.092303985,14.61449065,,
2020,SWZ,80.0,104.747264466614,49.01300049,3.93769246828072,8.28607967,14.92692756,,
2021,SWZ,82.9,118.627490794327,53.99530029,3.31893190164372,8.485639704,15.24604391,,
2022,SWZ,82.3,121.491701239707,57.34370041,3.1815127691221,8.685199738,15.24604391,,
2023,SWZ,86.4,128.399211381334,61.33330154,3.4082726943225,8.685199738,15.24604391,,
2024,SWZ,89.3,139.833459658744,63.40309906,2.86774775470663,,,,
1990,SYC,,0.0,0.0,11.7,,,,
1991,SYC,,0.0,0.1085,12.5,,,,116.71842956543
1992,SYC,,0.0,0.217,13.3,,,,118.86083984375
1993,SYC,,0.0,0.3255,14.3,,,,118.033416748047
1994,SYC,90.0,0.0,0.434,15.7,,,,119.788307189941
1995,SYC,92.1736526489258,0.066903057,0.5425,16.8,,,,115.11988067627
1996,SYC,92.552490234375,1.380542687,0.651,19.9,,,,117.119323730469
1997,SYC,92.0,2.936065124,1.28,22.4,,,,109.9884185791015
1998,SYC,93.2992935180664,6.68263288,2.53,23.2,,,,102.857513427734
1999,SYC,93.6658096313477,20.69691627,6.23,23.9,,,,75.9474029541016
2000,SYC,94.1,31.1589332437168,7.39562918315276,24.7497539547277,10.27393787,,,86.0170364379883
2001,SYC,94.4,43.3574450984564,11.0151029300174,25.1128761553554,10.32185713,,,78.5736694335938
2002,SYC,96.1,52.0994211304844,14.3041708309972,24.7492924281072,10.36999989,,,74.4553298950195
2003,SYC,94.9,56.5629524094032,14.5925043169492,24.3479559712296,10.41882048,,,77.5321578979492
2004,SYC,95.2,61.6736240301284,24.2721392249906,24.1254140387495,10.46764108,,,77.4061813354492
2005,SYC,95.5,65.8772657002666,25.4132681462836,23.9777742925638,10.51646167,,,84.5365982055664
2006,SYC,99.0,77.8329810894847,34.95197117065,22.8818341761367,10.56528227,,,77.854362487793
2007,SYC,96.1,84.4863777495955,38.38,24.8414746140727,10.61410286,,,84.6312103271484
2008,SYC,96.5,101.003814278151,40.44,24.119636509017,10.66292346,,,81.1551132202148
2009,SYC,96.8,118.199683855257,40.72,27.8527790831802,10.71174405,,,80.9706115722656
2010,SYC,97.0,123.813585199693,41.0,23.2123490328627,10.76056465,11.19475894,,76.172233581543
2011,SYC,98.1,130.476995382586,43.16400146,28.7681398416887,10.80938524,12.07450962,2.91756715035505,74.46608040201
2012,SYC,98.3,137.106577057151,47.07600021,21.044171865425,10.85820584,14.0287199,1.55593589544111,84.5009231567383
2013,SYC,98.0,133.985679723389,50.40000153,21.3060640788301,10.90702643,14.36818027,3.50154479917611,84.6974263853466
2014,SYC,100.0,144.60603512527,51.25469971,20.2648728190036,10.95584703,16.03841019,7.29119296649992,89.3980343980344
2015,SYC,100.0,138.248624452112,54.25960159,19.9020796418913,11.00466762,16.14831924,16.4973007303906,92.0911695105244
2016,SYC,100.0,138.276832299833,56.51470184,18.9726919259522,11.05348822,17.50135994,25.6358902463449,101.712798026857
2017,SYC,100.0,148.791660366282,62.55310059,17.4797868839336,11.10230881,19.69411087,42.2082018927445,112.311212814645
2018,SYC,100.0,155.551112656467,69.23660278,17.6373435326843,11.15112941,19.19938087,38.8581314878893,108.274060095805
2019,SYC,100.0,164.617084572886,76.63420105,17.1032724181895,11.19995,18.67684937,41.2970430107527,100.825877494838
2020,SYC,100.0,152.5450781854,79.25170135,15.696934932788,11.19995,17.85103989,26.934264107039,102.18818380744
2021,SYC,100.0,149.479213250181,81.99530029,15.2601494466895,11.19995,18.22489929,26.8701526144608,102.952278242114
2022,SYC,100.0,163.429518331448,84.83380127,15.1582989436115,11.19995,18.22489929,13.930414075936,76.8818747010999
2023,SYC,100.0,129.24400747161,86.001297,14.4148932013036,11.19995,18.22489929,14.0341370902195,74.2514404458298
2024,SYC,100.0,125.616862703001,87.81800079,12.3955282246316,,,14.5342502593994,70.824577331543
1990,TCD,,0.0,0.0,0.0673,,2.534906066,,6.07534980773926
1991,TCD,,0.0,,0.0664,,2.705789648,,6.330559849739077
1992,TCD,,0.0,,0.0649,,2.888192867,,6.585769891738895
1993,TCD,,0.0,,0.069,,3.082892287,,6.840979933738712
1994,TCD,,0.0,,0.0698,,3.290716823,,7.09618997573853
1995,TCD,,0.0,,0.0752,,3.512551267,,8.12324047088623
1996,TCD,,0.0,,0.081,,3.749340057,0.503790020942688,8.40592956542969
1997,TCD,2.3,0.0,0.000658,0.0974,,4.067180157,0.543320000171661,8.73291015625
1998,TCD,2.42038726806641,0.0,0.00427,0.109,,4.540239811,0.672879993915558,9.62382984161377
1999,TCD,2.80621337890625,0.0,0.0123,0.118,,4.717639923,0.732924997806549,10.2139501571655
2000,TCD,3.1,0.0646139556980874,0.03570707628555,0.120546145348741,1.280210316,4.895040035,0.79297000169754,10.964280128479
2001,TCD,3.4,0.249882895788383,0.0459341343557353,0.121409012412819,1.330157742,5.185319901,0.816110014915466,12.6534004211426
2002,TCD,3.8,0.375156644353256,0.166069664674347,0.129823944032772,1.380105167,5.484519958,0.8791249990463255,13.4368200302124
2003,TCD,4.1,0.685087943685349,0.320308555366775,0.13122069075204,1.430052593,5.634170055,0.942139983177185,14.8295497894287
2004,TCD,3.5,1.2399148551477,0.360920107034467,0.131047911519676,1.480000019,5.705689907,1.20975995063782,15.217809677124
2005,TCD,4.8,2.03328940137249,0.399257700084004,0.12587029627544,1.536000013,5.545400143,1.4159699678421,15.5320997238159
2006,TCD,5.1,4.35334898001424,0.581045764229641,0.18680373577583,1.592000008,5.810443401,1.5941433111826566,15.8697900772095
2007,TCD,5.5,8.28716997272972,0.847224520710968,0.28876540157341,1.648000002,6.07548666,1.7723166545232134,18.2909908294678
2008,TCD,5.9,13.9417805187318,1.19,0.392112577089333,1.703999996,6.340529919,1.95048999786377,20.7904891967773
2009,TCD,6.3,19.1808238172742,1.5,0.48989578899984,1.75999999,6.76913023,2.01651000976562,22.7542705535889
2010,TCD,6.4,23.3525805934177,1.700000048,0.416054318450852,1.807276988,6.771590233,2.0962732183809,22.369271805704
2011,TCD,9.0,28.7390189115685,1.899999976,0.249619815669106,1.854553986,7.39041996,2.21312898390939,22.8224817551818
2012,TCD,7.8,33.3228572133612,2.099999905,0.211467748310915,1.901830983,7.583830039,2.60482141214508,22.1087903431339
2013,TCD,8.1,33.3154384690936,2.5,0.228784013298002,1.949107981,7.777240117,2.99651384038077,24.5326035474767
2014,TCD,8.4,37.0123277165075,2.900000095,0.166188844372957,1.996384978,7.970650196,3.38820626861646,22.8485794067383
2015,TCD,7.7,37.3152541289811,3.5,0.116257786844703,2.043661976,7.421199799,3.22750677590433,22.2454248795188
2016,TCD,9.2,36.9555838356879,5.800000191,0.0882057843860809,2.090938973,7.568130703,3.4613373552575943,22.530490847167
2017,TCD,10.9,40.7648866631048,6.351900101,0.0554575539442169,2.138215971,7.717970663,3.695167934610858,20.5855678473561
2018,TCD,10.1,43.2279057924006,6.956299782,0.0559278473825848,2.185492969,7.870777277,3.9289985139641224,20.0021180694774
2019,TCD,8.4,45.9378876746208,7.618199825,0.0391004663228055,2.232769966,8.026609279,4.162829093317386,20.192877474143
2020,TCD,10.9,50.434327397335,8.343099594,0.0310020291234455,2.283305529,8.185526568,4.39665967267065,21.67352712381135
2021,TCD,11.3,58.0323175441615,9.653699875,0.0296944073046223,2.334984892,8.347590231,,23.1541767734797
2022,TCD,11.7,65.4377795535985,11.17029953,0.0100946524025923,2.334984892,8.347590231,,23.67417078680565
2023,TCD,12.0,70.1873962423852,12.03590012,0.0,2.334984892,8.347590231,,24.1941648001316
2024,TCD,13.4,72.9289782617702,12.62689972,0.0,,,,23.49298947746
1990,TGO,,0.0,0.0,0.263,2.317076507,7.330160141,2.16568994522095,19.9296493530273
1991,TGO,,0.0,0.0,0.261,2.40077024,7.685070038,2.39435005187988,18.9681396484375
1992,TGO,,0.0,0.0,0.362,2.484463973,7.212769985,2.63255000114441,18.7232894897461
1993,TGO,,0.0,0.0,0.411,2.568157707,7.488199949,2.21612000465393,19.32207012176515
1994,TGO,,0.0,0.0,0.507,2.65185144,7.763629913,2.38979005813599,19.9208507537842
1995,TGO,,0.0,0.0,0.492,2.735545173,8.474849701,2.71031999588013,21.6522598266602
1996,TGO,,0.0,0.0109,0.525,2.805289951,8.817979813,2.69524002075195,23.0392093658447
1997,TGO,,0.065214314,0.211,0.532,2.875034729,8.984359741,2.884055018424985,23.4432792663574
1998,TGO,15.3,0.158619478,0.306,0.646,2.944779507,9.15073967,3.07287001609802,26.239474296569803
1999,TGO,16.0729999542236,0.349223553,0.59,0.763,3.014524284,9.317119598,,29.0356693267822
2000,TGO,17.0,0.97275564358778,0.8,0.831958991734884,3.084269062,9.483499527,,31.6074600219727
2001,TGO,19.6,1.80013499117555,0.9,0.916818225400397,3.123016161,9.763460159,,34.4402694702148
2002,TGO,21.3,3.05061225424761,1.0,0.945010357872149,3.16176326,9.872050285,,38.4870300292969
2003,TGO,23.0,4.38771023998378,1.2,1.10045321043117,3.200510359,9.980640411,,40.5968894958496
2004,TGO,24.8,5.83805025815816,1.5,1.15770924924533,3.239257457,10.07437992,,41.9863700866699
2005,TGO,26.5,7.41937343863111,1.799999952,1.07502081825183,3.278004556,10.11639977,,44.2280082702637
2006,TGO,27.9,11.7790568369439,2.0,1.36518935998461,3.293503396,10.50580025,4.9507098197937,46.0299682617188
2007,TGO,30.0,19.2348550759298,2.200000048,1.60758677927407,3.309002235,9.94299984,5.5628399848938,42.7597885131836
2008,TGO,31.8,24.3301576494957,2.400000095,2.21264185534131,3.324501075,10.41026235,6.677487559747463,45.26249885559083
2009,TGO,33.7,33.384906435038,2.599999905,2.72766609202113,3.339999914,10.87752485,7.792135134601127,47.76520919799805
2010,TGO,30.8,38.6520343582485,3.0,0.891350876854227,3.49000001,11.34478736,8.90678270945479,50.26791954040527
2011,TGO,39.7,38.9697843149559,3.5,0.87144114183036,3.640000105,11.81204987,9.66968081043628,52.7706298828125
2012,TGO,39.1,46.6464180614517,4.0,0.867374874942541,3.843096773,11.93809986,10.7079137745625,54.10377027238175
2013,TGO,41.0,58.5138554393817,4.5,0.858383060355158,4.046193441,12.06414986,10.8397865677878,55.436910661951
2014,TGO,45.7,60.4368580586019,5.699999809,0.713434014279119,4.249290109,12.19019985,10.5384945175632,56.770051051520255
2015,TGO,44.7,63.3574638254671,7.119999886,0.687572220203192,4.452386777,12.31624985,10.8146472215817,58.1031914410895
2016,TGO,46.8,70.0588130571426,11.31000042,0.43033540761863,4.655483445,12.44229984,12.0913340463942,59.43633183065875
2017,TGO,48.0,75.3357270694068,12.3602249692905,0.448186329144088,4.858580112,12.56834984,12.3068653432672,60.769472220228
2018,TGO,50.0,74.3997114343066,15.5,0.456375023036096,5.091867333,12.69833781,12.9031599603185,61.34383831151608
2019,TGO,52.5,73.7224727486533,20.72730064,0.515238681764107,5.336355959,12.82967018,13.1551472123617,61.91820440280415
2020,TGO,54.1,75.164019137873,29.02370071,0.536337967085442,5.592583833,12.96236085,14.9029897765252,62.49257049409222
2021,TGO,55.7,70.4496733018494,30.33839989,0.613501631322565,5.861114619,13.09642387,,63.0669365853803
2022,TGO,57.2,72.2147547047011,35.60749817,0.721835986911834,5.861114619,13.09642387,,63.24309405414955
2023,TGO,59.2,75.7906769713952,37.57020187,0.750273770178359,5.861114619,13.09642387,,63.4192515229188
2024,TGO,61.1,80.8035554767112,39.48320007,0.825791393928643,,,,
1990,TZA,,0.0,0.0,0.28,3.331898555,5.407980348,,
1991,TZA,,0.0,0.00027,0.285,3.422600238,5.409420013,0.33186000585556,5.12444019317627
1992,TZA,6.8,0.0,0.00054,0.296,3.513301921,5.410860062,0.338530004024506,5.15000009536743
1993,TZA,2.33018779754639,0.0,0.00081,0.3,3.604003604,5.497560024,0.378969997167587,5.16552019119263
1994,TZA,3.30064725875854,0.001253449,0.00108,0.3,3.694705287,5.371089935,0.394089996814728,5.10563993453979
1995,TZA,4.26906728744507,0.011452853,0.00135,0.297,3.785406969,5.269070148,0.448469996452331,5.09504985809326
1996,TZA,9.4,0.02902308,0.00162,0.3,3.874257598,5.242219925,0.505940020084381,5.0444598197937
1997,TZA,6.1970682144165,0.063550298,0.0079,0.333,3.963108226,5.394370079,0.603569984436035,5.5465898513794
1998,TZA,7.15528964996338,0.116285848,0.00924,0.376,4.051958854,5.699363929,0.521799981594086,
1999,TZA,8.0,0.152090587,0.0751,0.449,4.140809482,6.004357778,0.602710008621216,
2000,TZA,8.7,0.322584797452223,0.11719444010825,0.506685042929919,4.22966011,6.309351628,0.64341002702713,
2001,TZA,9.7,0.782878740816424,0.171300350668948,0.50514372867848,4.26483015,6.614345477,0.662460029125214,
2002,TZA,10.7,1.68005839434811,0.222484413923909,0.447353727872061,4.300000191,6.919339327,0.697420001029968,
2003,TZA,11.1,3.49963756642537,0.676962856510303,0.396354175724136,4.415000153,7.224333176,0.897960007190704,
2004,TZA,11.4,5.09581977990467,0.87757497099259,0.389297539931337,4.530000114,7.529327026,1.21524000167847,
2005,TZA,13.8,7.56468340268647,1.100000024,0.393955644412511,4.645000076,7.834320875,1.42771995067596,
2006,TZA,14.9,13.9198750253816,1.299999952,0.377218934544127,4.760000038,8.139314725,1.445414960384365,
2007,TZA,15.9,19.9152842614808,1.6,0.394031573689737,4.875,8.444308574,1.46310997009277,
2008,TZA,11.5,30.5533722608643,1.899999976,0.290831296096228,4.989999962,8.749302424,1.68845205257327,
2009,TZA,11.2,40.036423904653,2.400000095,0.396301213123295,5.104999924,9.054296273,1.91379413505377,
2010,TZA,14.8,46.8823991552172,2.900000095,0.389894761413746,5.219999886,9.359290123,2.13913621753427,31.8920497894287
2011,TZA,14.2,55.7610427273527,3.200000048,0.349913567136389,5.334999847,9.131336848,3.0518778445738,32.05661473291207
2012,TZA,15.3,57.4558483868666,3.950000048,0.372284443070984,5.449999809,8.903383573,3.96461947161333,32.22117967639544
2013,TZA,16.4,56.2075025692215,4.400000095,0.337945615741463,5.464523156,8.675430298,3.67337417645482,32.3857446198788
2014,TZA,23.5,63.2804353521698,7.0,0.300435863773068,5.479046504,8.297380209,3.828492473889915,29.6310806274414
2015,TZA,26.2,76.2492627491202,10.0,0.274541251274823,5.493569851,7.91933012,3.98361077132501,26.090669631958
2016,TZA,32.8,74.3983656514054,13.5042328468919,0.240779148147129,5.525429885,7.666830063,3.72893939925404,25.6429992626308
2017,TZA,32.1,71.7911684370749,14.46339989,0.228369092782064,5.557289918,7.961319923,4.78205361153138,26.3711632016128
2018,TZA,34.9,75.7301934140355,15.49069977,0.216302533839382,5.589149952,8.330985069,4.27996511118124,28.5933897410534
2019,TZA,37.7,80.5835569684446,16.59090042,0.128919544608878,5.708199978,8.700650215,2.85588898826608,30.1824263288684
2020,TZA,39.9,84.0050558283384,19.48139954,0.118854640720277,5.827250004,9.075323105,7.18188265775187,30.9205938581875
2021,TZA,42.7,86.0162814148027,22.87540054,0.114329984021114,5.94630003,8.585740089,3.59164319762461,28.231330871582
2022,TZA,45.8,93.0159746238635,26.86059952,0.13088180596865,6.065350056,8.585740089,5.32159018874409,
2023,TZA,48.3,105.40028112088,28.43190002,0.113681659470021,6.065350056,8.585740089,5.16887784940301,
2024,TZA,52.4,126.559163217786,31.16209984,0.114204814320947,,,4.01880979537964,
1990,UGA,,0.0,0.0,0.159,3.174521866,5.745009899,1.05559003353119,11.0182104110718
1991,UGA,5.6,0.0,0.000572,0.156,3.25,5.766660213,1.23331999778748,10.3139801025391
1992,UGA,3.911299510796865,0.0,0.001144,0.16,3.327272719,5.242869854,1.20323002338409,10.0910997390747
1993,UGA,2.2225990215937297,0.0,0.001716,0.107,3.404545437,5.566840172,1.30781996250153,10.0285797119141
1994,UGA,0.533898532390594,0.0,0.002288,0.151,3.481818156,5.590559959,1.45316004753113,10.2928104400635
1995,UGA,6.8,0.008447436,0.00286,0.189,3.559090874,5.621990204,1.5566600561142,10.6459398269653
1996,UGA,2.81110429763794,0.018823909,0.00463,0.226,3.636363593,6.179591285,1.78656005859375,10.4126200675964
1997,UGA,3.94494771957397,0.022855121,0.0103,0.247,3.713636312,6.737192366,1.8415067195892334,10.1793003082275
1998,UGA,5.07471179962158,0.133110548,0.0653,0.253,3.79090903,7.294793447,1.8964533805847166,
1999,UGA,6.19963407516479,0.24209546,0.106,0.246,3.868181749,7.852394528,1.9514000415802,
2000,UGA,7.4,0.528800861661281,0.163714063074854,0.256990060478789,3.945454467,8.409995609,2.61231994628906,
2001,UGA,8.6,1.14573552163214,0.237945087191408,0.226904288248177,4.022727186,8.96759669,2.85116004943848,
2002,UGA,7.8,1.54040654262525,0.384093504951945,0.215314612105885,4.099999905,9.525197771,3.54375004768372,
2003,UGA,10.5,2.94537548472374,0.464849840113968,0.23146141844202,4.274999936,10.08279885,3.77904009819031,
2004,UGA,11.6,4.29039148738249,0.719970679914031,0.263558380622891,4.449999968,10.64039993,3.65948009490967,19.1225490570068
2005,UGA,8.9,4.70366701141629,1.742200017,0.312956748399661,4.625,10.60913023,3.610475063323975,20.778736114501935
2006,UGA,9.0,6.97651521394924,2.52940011,0.375564314555361,4.800000032,10.57786053,3.56147003173828,22.434923171997067
2007,UGA,14.8,14.147698933985,3.67196535074744,0.559085407657731,4.975000064,10.64166284,3.6834499835968,24.0911102294922
2008,UGA,15.9,28.0124073852685,3.880000114,0.551681290161647,5.150000095,10.70546516,3.80542993545532,
2009,UGA,10.0,29.8359001233373,4.099999905,0.742526084339489,5.1450001,10.76926747,4.19193983078003,
2010,UGA,12.1,39.6046507276973,4.300000191,1.00989780987825,5.140000105,10.83306978,3.9166100025177,
2011,UGA,14.6,50.0591238800663,4.599999905,1.39366022793357,5.13500011,10.8968721,4.37658023834229,
2012,UGA,20.5,47.6342672974029,4.800000191,0.917237913906099,5.130000114,10.96181977,3.74987006187439,
2013,UGA,13.9,51.1323160552035,5.099999905,0.772118956646117,5.319962621,11.02715455,4.18443500995636,
2014,UGA,20.4,55.9572451997482,5.400000095,0.891433425398646,5.509925127,11.09287873,4.61899995803833,
2015,UGA,18.5,53.8755501186925,5.699999809,0.876094675382345,5.699887633,11.15899464,,
2016,UGA,26.7,58.8633638178484,5.9,0.949100640137702,5.88985014,11.22550462,,
2017,UGA,32.4,62.0968142578109,7.417900085,0.652819939414678,5.974164,11.29241102,,
2018,UGA,41.9,58.8753608703264,9.326299667,0.197436206676585,6.059684822,11.35971618,,
2019,UGA,41.3,59.0598078769828,11.72579956,0.199327264088299,6.146429885,11.42742251,,
2020,UGA,42.1,62.2824129624858,7.4,0.20418311996234,6.234416713,11.49553237,,
2021,UGA,45.2,65.6220730009172,10.0,0.228891028781164,6.323663082,11.56404819,,
2022,UGA,47.1,70.1401117953081,9.636899948,0.247208366950967,6.323663082,11.56404819,,
2023,UGA,51.5,76.2966796632588,9.286999702,0.269527663882646,6.323663082,11.56404819,,
2024,UGA,55.3,83.165031466902,8.949831061,0.391831729510765,,,,
1990,ZAF,,0.014243596,0.0,8.14,6.699636675,11.99145985,11.43630027771,67.8069534301758
1991,ZAF,,0.017354763,0.0133,8.24,7.056812991,12.4724102,11.8450698852539,72.5068588256836
1992,ZAF,,0.029956355,0.0389,8.15,7.413989307,12.7001435,12.3273200988769,77.33665974934897
1993,ZAF,,0.094061343,0.114,8.3,7.771165622,12.92787679,13.6232995986938,82.16646067301433
1994,ZAF,,0.785800456,0.247,8.58,8.128341938,13.15561008,15.7045001983643,86.9962615966797
1995,ZAF,,1.216293771,0.677,8.99,8.485518254,12.95232761,,85.936279296875
1996,ZAF,57.6,2.133823992,0.842,9.44,8.281122559,12.74904513,,84.8762969970703
1997,ZAF,69.4833526611328,4.054318326,1.63,10.2,8.076726864,12.54576266,,83.8163146972656
1998,ZAF,64.9,7.27773689,2.91,11.0,7.872331168,12.34248018,,82.7563323974609
1999,ZAF,71.331787109375,11.18955156,4.12,11.8,7.667935473,12.13919771,,79.1032485961914
2000,ZAF,72.4,17.6824632903347,5.34855973203537,10.5211462349892,7.463539778,11.93591523,,74.3193817138672
2001,ZAF,70.2,22.6775818427979,6.34661931839768,10.3527208052675,7.670000076,11.73263276,,73.9493103027344
2002,ZAF,76.7,28.5342918067619,6.71032243705404,10.2396082917712,8.520000458,11.52935028,,74.4450225830078
2003,ZAF,78.8,34.762637167057,7.00769172611251,10.1236387004893,8.760000229,11.64111042,,75.5357818603516
2004,ZAF,80.6,42.5360187041727,8.4251186825406,10.0078746440117,8.819999695,11.85159969,,78.2966613769531
2005,ZAF,80.8,68.6197925954101,7.48854252992921,9.89290106151273,8.899999619,11.85476017,,80.4203414916992
2006,ZAF,80.7,79.3267335992398,7.60713967477381,9.77833696149169,8.949999809,11.96778965,,83.7833480834961
2007,ZAF,82.0,83.7149918944889,8.06537517355504,9.6618579297611,9.079999924,12.31620979,,85.5366287231445
2008,ZAF,81.9,88.0374704690533,8.43,9.53739263414744,9.220000267,12.47587967,,84.0473480224609
2009,ZAF,82.6,89.7686684071896,10.0,9.41067012245238,9.600000381,12.63554955,,85.9605407714844
2010,ZAF,82.8,96.2325212467793,24.0,9.28663316486529,9.670000076,12.8413496,,86.5922045596808
2011,ZAF,83.6,120.765642853915,33.97,9.1593192252016,9.68999958,13.10684967,,88.9442291259766
2012,ZAF,85.2,127.16760060932,41.0,9.01221393913757,9.930000305,13.54292011,17.9447234835981,92.1625137329102
2013,ZAF,85.2,140.576037974212,46.5,7.08790726554287,10.03999996,13.91226006,18.6088225305342,96.66285705566409
2014,ZAF,85.9,142.60448245213,49.0,6.56134657681708,10.14999962,14.2816,18.4813356370067,101.163200378418
2015,ZAF,85.3,155.137526067883,51.91910172,7.28278809553078,10.22999954,14.60560989,19.0332949537661,104.622812990742
2016,ZAF,83.9,143.92861725374,54.0,7.89885690860552,10.18499994,14.24452019,18.9292980324153,103.855987548828
2017,ZAF,84.4,153.547950468153,56.16740036,8.34572825526195,10.14000034,14.26511002,21.0902909603212,105.623168945312
2018,ZAF,84.7,157.691905248121,62.40000153,5.7076756742075,10.75500011,14.0805397,22.3515425184231,101.399612936693
2019,ZAF,85.0,162.73854828041,69.69689941,3.39788868156673,11.36999989,14.21393013,22.2442465104023,103.78912033531
2020,ZAF,90.0,158.447269436121,72.1128006,3.46552094773156,10.55465984,13.98349953,22.6148742572009,103.501178102472
2021,ZAF,89.3,163.12806305125,74.96859741,2.39370519000635,11.60999966,14.11433983,22.3431289991291,106.443303990911
2022,ZAF,86.5,160.728511675754,78.29319763,2.09942831181494,11.60999966,13.79325008,23.7271036201865,104.535066506498
2023,ZAF,87.7,171.508619260428,78.33670044,2.14060112018556,11.60999966,13.79325008,23.493768799339,104.133480684239
2024,ZAF,90.2,179.336329840585,78.35759735,1.58269570571817,,,,
1990,ZMB,13.9,0.0,0.0,0.836,4.480000019,7.79542017,2.08488011360169,20.5650405883789
1991,ZMB,12.7527027130127,0.0,0.001695,0.864,4.571048226,7.854483475,,20.4994330406189
1992,ZMB,19.2,0.0,0.00339,0.928,4.662096432,7.91354678,,20.4338254928589
1993,ZMB,14.213207244873,0.0,0.005084999999999999,0.931,4.753144639,7.972610085,,20.3682179450989
1994,ZMB,14.9417591094971,0.0,0.00678,0.93,4.844192845,8.03167339,,20.3026103973389
1995,ZMB,15.6682720184326,0.017814096,0.00878,0.874,4.935241052,8.090736695,,
1996,ZMB,17.3,0.0305661,0.00907,0.866,5.026289259,8.1498,,
1997,ZMB,17.1124591827393,0.049818486,0.00933,0.838,5.117337465,8.252778915,,
1998,ZMB,19.0,0.088130826,0.0302,0.819,5.208385672,8.355757831,2.3989999294281,
1999,ZMB,18.5402450561523,0.292997637,0.147,0.853,5.299433878,8.458736746,2.38265991210938,
2000,ZMB,16.7,0.986790190215631,0.191071642503428,0.831793464941961,5.390482085,8.561715661,,
2001,ZMB,20.2,1.17382884665021,0.233129556342332,0.829641309090346,5.481530292,8.664694577,,
2002,ZMB,17.4,1.30627973518656,0.477750906947484,0.823388616906411,5.572578498,8.767673492,,
2003,ZMB,18.5,2.19418141328044,0.980483039426114,0.80507338444289,5.663626705,9.21109085,,
2004,ZMB,20.3,4.095483250513,1.1,0.808938069347528,5.754674911,9.654508207,,
2005,ZMB,23.3,8.10285575705197,1.299999952,0.807803243654501,5.845723118,10.09792556,,
2006,ZMB,24.1,13.7130197625584,1.600000024,0.770242728647956,5.936771325,10.54134292,,
2007,ZMB,18.5,21.0028503587521,1.899999976,0.730508388920568,6.027819531,10.98476028,,
2008,ZMB,25.7,27.1785188664379,2.200000048,0.695781780716001,6.118867738,10.9873134,,
2009,ZMB,26.6,32.6653441943001,2.5,0.669669347562921,6.209915945,10.98986653,,
2010,ZMB,22.0,39.0029310604332,3.0,0.847711883934189,6.300964151,10.99241965,,
2011,ZMB,28.3,56.5498570557445,3.5,0.593767913052657,6.392012358,10.99497277,3.99062158481189,
2012,ZMB,29.2,70.5708583739075,4.099999905,0.553466899303986,6.483060564,10.99752589,3.96159738763825,
2013,ZMB,30.1,67.5095981900639,4.8,0.751750260098109,6.574108771,11.00007902,,
2014,ZMB,27.9,63.6342658198343,6.5,0.719834743759403,6.665156978,11.00263214,,
2015,ZMB,31.1,70.4778478853307,8.8,0.708362519405804,6.756205184,11.00518704,,
2016,ZMB,35.4,71.0460770668914,10.30000019,0.599529762262656,6.847253391,11.00774254,,
2017,ZMB,40.3,77.0500111230113,12.19999981,0.581630289450569,6.938301597,11.01029863,,
2018,ZMB,40.2,86.0723321005416,14.2999970950012,0.558842820810936,7.029349804,11.01285531,,
2019,ZMB,43.0,93.0147820773422,14.47189999,0.522414611037722,7.157121491,11.01541258,,
2020,ZMB,44.6,100.235122888213,14.64579964,0.376947956637658,7.284893177,11.01797045,,
2021,ZMB,46.7,103.28257957834,14.82190037,0.336228939908865,7.397408543,11.02052892,,
2022,ZMB,47.8,98.4372601156219,15.0,0.477766566840031,7.397408543,11.02052892,,
2023,ZMB,51.1,102.06156495632,16.45070076,0.392125734626554,7.397408543,11.02052892,,
2024,ZMB,53.6,108.704779873813,17.10099983,0.345710307823296,,,,56.7889289855957
1990,ZWE,,0.0,0.0,1.22,5.026712187,9.529560089,5.23507022857666,45.1692810058594
1991,ZWE,,0.0,0.000435,1.21,5.171277376,9.931150436,5.29875993728638,46.4788589477539
1992,ZWE,28.2,0.0,0.00087,1.19,5.320000172,9.542510033,6.0151801109314,41.2138786315918
1993,ZWE,31.163667678833,0.0,0.001305,1.18,5.473000145,9.644214358,,38.7120895385742
1994,ZWE,28.1,0.0,0.00174,1.24,5.626000118,9.745918683,,38.8840713500977
1995,ZWE,31.948579788208,0.0,0.00768,1.39,5.779000092,9.847623008,,40.1783218383789
1996,ZWE,32.3372955322266,0.0,0.0168,1.57,5.932000065,9.949327333,,40.5330085754395
1997,ZWE,32.7226104736328,0.050464682,0.0331,1.86,6.085000038,10.05103166,,41.5819091796875
1998,ZWE,33.1038475036621,0.164525469,0.0816,2.04,6.238000011,10.15273598,,40.87236976623535
1999,ZWE,38.4,1.485090967,0.162,2.03,6.390999985,10.25444031,,40.1628303527832
2000,ZWE,33.7,2.24049586047155,0.401433535211582,2.09719850774319,6.543999958,10.41816044,,40.0179290771484
2001,ZWE,34.2,2.62282489639699,0.799846045633137,2.11944619321526,6.696999931,10.91864014,,42.1351890563965
2002,ZWE,34.2,2.80268634448722,1.1,2.38138867818261,6.849999905,10.52871037,,41.4578285217285
2003,ZWE,35.1,2.97286950320066,1.8,2.46004785844847,6.951999903,10.28876972,,39.1011009216309
2004,ZWE,35.6,3.44289649532877,2.1,2.56350207053334,7.053999901,10.3613898,,
2005,ZWE,36.1,5.18375075059487,2.400000095,2.62748257049824,7.155999899,10.43400987,,
2006,ZWE,37.2,6.71981716376718,2.400000095,2.65550160666232,7.257999897,10.50662994,,
2007,ZWE,37.2,9.57238712914296,3.0,2.69445827252579,7.359999895,10.57925002,,
2008,ZWE,37.7,12.7687473922863,3.5,2.68536151563656,7.461999893,10.65187009,,
2009,ZWE,43.4,30.3664594808256,4.0,2.93024540451457,7.563999891,10.72449017,,
2010,ZWE,38.9,57.6496262357609,6.400000095,2.83755952511083,7.665999889,10.79711024,6.9457720142893,
2011,ZWE,36.9,67.6698277302716,8.399999619,2.61852811651921,7.767999887,10.86973031,7.111226643716,
2012,ZWE,44.0,91.2870035773198,12.0,2.18303999735994,7.869999886,10.94235039,7.12874147164551,75.8648109767885
2013,ZWE,40.6,97.2838146490947,15.5,2.1704450353537,7.989999771,10.80508041,7.31873655658947,52.4158515930176
2014,ZWE,32.3,83.0460608477621,16.3647399572904,2.31904465847593,8.109999657,10.83630927,9.183819296798536,
2015,ZWE,33.7,88.5991977366782,22.74279976,2.31753384763247,8.38904953,10.86762838,11.0489020370076,
2016,ZWE,42.5,88.2100456333277,23.12000084,2.09393043729119,8.424524784,10.89903801,,
2017,ZWE,44.0,95.136682697741,24.39999962,1.78329330628047,8.460000038,10.93053842,,
2018,ZWE,45.4,85.8627371320218,25.0,1.78821948415546,8.573729992,10.96212987,,
2019,ZWE,46.7,86.4094297249598,26.5883007,1.74007986710817,8.687459946,10.99381263,,
2020,ZWE,52.7,84.9604118996672,29.29856532,1.62342254288174,8.808312975,11.02558696,,
2021,ZWE,49.0,90.2538486226365,32.5923996,1.54091133814136,8.930847216,11.05745312,,
2022,ZWE,50.1,88.9958314912836,36.25650024,1.81295030647724,8.930847216,11.05745312,,
2023,ZWE,62.0,91.6344110473757,38.67480087,1.89491691421643,8.930847216,11.05745312,,
2024,ZWE,62.0,94.2451753366358,41.64279938,1.79175373787759,,,7.74912957845971,
