year,iso3,INFRA,INFRA_PC,INFRA_k,HCR,HCR_PC,HCR_k
1990,AGO,-0.14199546408942607,-0.14147389540116304,2,-0.866682575472589,-0.858139302287836,3
1990,BDI,-0.447879523259452,-0.45940497031314687,2,-0.9128808903500463,-0.9135942957415483,4
1990,BEN,-0.34478395118542216,-0.3522490559542919,2,-0.44921835286548045,-0.4696167968289491,3
1990,BFA,-0.4205982456639058,-0.43104923992805017,2,-1.024920508816529,-1.029318643991541,3
1990,BWA,0.43096732817585703,0.45405460949623616,2,1.4178912924552842,1.4167060656024113,3
1990,CAF,-0.42290463855650917,-0.43344646838612794,2,-0.49820063126442554,-0.503079991942579,4
1990,CIV,-0.14482047772019435,-0.14441017008872994,2,-0.47577142528389793,-0.4750973683314165,2
1990,CMR,-0.2933248264704285,-0.29876325195698783,2,0.24906460108222084,0.2398668992100088,4
1990,COD,-0.48776020658021013,-0.5008563246295391,2,0.11963031103198385,0.11953629712807601,3
1990,COG,-0.10659427202252011,-0.10467845376377836,2,1.5302551051735076,1.5393748094708015,4
1990,COM,-0.07044060603656066,-0.06710090258274165,2,-0.2820232780133425,-0.2371946313790559,2
1990,CPV,0.48328733945851743,0.5084352054371879,2,,,1
1990,DJI,0.051731677687906735,0.0598830454999573,2,,,1
1990,ERI,,,1,,,0
1990,ETH,-0.35686691460063913,-0.36480789788003865,2,-0.9558330074147079,-0.9633103817130317,2
1990,GAB,0.45750590765251153,0.48163839115044765,2,1.2600140064008214,1.2556440717363417,3
1990,GHA,-0.3398551911134199,-0.3471261803395024,2,0.40494561822436287,0.40981316178012644,3
1990,GIN,-0.4213663894624443,-0.4318476364977143,2,-0.8959709221417096,-0.9029601272200699,4
1990,GMB,-0.1516367598737834,-0.15149490643580893,2,-0.7411451711291651,-0.7358600280137884,3
1990,GNB,-0.13637179239797387,-0.1356287395906026,2,,,1
1990,GNQ,-0.3490301036699519,-0.3566624399904189,2,,,0
1990,KEN,-0.054426837584402504,-0.050456443792699666,2,0.5031133509866376,0.5034304270624202,2
1990,LBR,-0.24970864494829256,-0.25342927962605005,2,,,1
1990,LSO,-0.09741935946598806,-0.09514219411286182,2,0.3103024884588529,0.33054052621628166,4
1990,MDG,-0.357582733350596,-0.3655519086180727,2,0.14655184599697912,0.11680798398650949,3
1990,MLI,-0.4638467429400853,-0.4760010470429831,2,-1.18981936060653,-1.1920595583887748,4
1990,MOZ,-0.28866817437706527,-0.29392320109081577,2,-0.8482335670168256,-0.8484311333356792,3
1990,MRT,-0.3300775874338243,-0.3369634930247337,2,-0.29613518444922976,-0.32646883066225346,4
1990,MUS,3.5062115487678995,3.4203256944495735,3,1.4126608236619285,1.4361400070270016,4
1990,MWI,-0.3454902592515209,-0.352983181437271,2,-0.5481196214648575,-0.5278912066803167,4
1990,NAM,0.8627988147081254,0.9028934573478326,2,1.4883603945794173,1.4822843397988268,3
1990,NER,-0.47193740686677343,-0.4844103557396935,2,-1.2112303787618552,-1.2147890883649137,4
1990,NGA,-0.36135360001144895,-0.36673493205657637,3,-0.06254005320520686,-0.059223408825276096,3
1990,RWA,-0.44867121943323063,-0.46022784685080004,2,-0.7155966380406152,-0.6964356478590498,3
1990,SDN,-0.32061256378658204,-0.3248611381644897,3,-0.9170814993326357,-0.9169225049852552,2
1990,SEN,-0.15793050634350198,-0.15803652742047383,2,-0.5832296754081426,-0.5812452385909603,3
1990,SLE,-0.31971765979051847,-0.32619554735086065,2,-0.45870117348242256,-0.46162900276329594,4
1990,SOM,-0.39411645189757705,-0.40352448044705197,2,,,0
1990,SSD,,,0,,,0
1990,STP,0.35937884641823203,0.3796466687284978,2,,,1
1990,SWZ,0.2816277983239165,0.2988334535409135,2,1.3535775306925057,1.3661813958117355,3
1990,SYC,1.7290227933219011,1.8032330218954964,2,,,0
1990,TCD,-0.5090153683426754,-0.5229486050998085,2,-1.0997502036536633,-1.0970960428800083,2
1990,TGO,-0.35686691460063913,-0.36480789788003865,2,0.006001389446326631,-0.0004756896944908687,4
1990,TZA,-0.34478395118542216,-0.3522490559542919,2,-0.06704780641161538,-0.0675827424092264,2
1990,UGA,-0.4345257304252339,-0.44552524829868584,2,-0.33969649156730636,-0.33696360870592074,4
1990,ZAF,1.697949338192202,1.749967740191812,2,2.4165779782585544,2.41402210363584,4
1990,ZMB,-0.26990081453331927,-0.2732457816756252,3,0.36065727694991834,0.3609646646924064,4
1990,ZWE,0.15284748149292463,0.16498121989174272,2,1.2933996196381778,1.2912703094388354,4
1991,AGO,-0.18456848412089097,-0.18572559742585235,3,-0.8043656652253363,-0.7970782860463301,3
1991,BDI,-0.36412298289065576,-0.36856071424666187,3,-0.7955515284448672,-0.7965848490334793,4
1991,BEN,-0.3127444243791984,-0.31613336330089653,3,-0.356053379162763,-0.3820859594169961,3
1991,BFA,-0.355634684932707,-0.3598480212283634,3,-0.9262739740650233,-0.9276148713004406,3
1991,BWA,0.02636676071608446,0.027902399095153706,4,1.30930698075994,1.3100555671587448,4
1991,CAF,-0.344322771095844,-0.3479666890164043,3,-0.4699431495236151,-0.478435659289087,4
1991,CIV,-0.17122760387108213,-0.1721854807038435,3,-0.462329993746223,-0.4616479072516242,2
1991,CMR,-0.22259717976844884,-0.22420192595437982,3,0.24514398753379726,0.22883409606518446,4
1991,COD,-0.408157871617997,-0.413377790457919,3,0.22609058153588216,0.22008171960401451,3
1991,COG,-0.14354761147105735,-0.14376208944381372,3,1.3288973679834108,1.325254701411643,4
1991,COM,-0.05427005176661797,-0.05025436262565535,2,-0.24712201299827843,-0.20516513219130586,2
1991,CPV,0.4902263333404832,0.5156866068792822,2,,,1
1991,DJI,0.0008541240234989644,0.004404029402523456,3,-1.485170964535639,-1.4693642391389996,2
1991,ERI,-0.2017238574458728,-0.20402932147903619,2,,,0
1991,ETH,-0.32176879332138436,-0.3254448270910908,3,-0.7775948732100407,-0.7743336578638306,3
1991,GAB,0.2845016586640616,0.2917046744990607,3,1.1909415468990765,1.1924090417741902,2
1991,GHA,-0.3082496719912633,-0.3116533416532692,3,0.060121918527450205,0.0823503128315654,4
1991,GIN,-0.3664215233489702,-0.370884984060389,3,-0.8622791216306605,-0.8663157301510941,4
1991,GMB,-0.04761776131726547,-0.04554633487630376,3,-0.7033071533325191,-0.6981180902818783,3
1991,GNB,-0.14507991706022827,-0.14464070679719604,2,,,1
1991,GNQ,-0.3619004846650027,-0.37000059089398496,2,,,1
1991,KEN,-0.1007924710891186,-0.10043884389643301,3,0.516975712410195,0.5172260427659532,2
1991,LBR,-0.4300007618670988,-0.44078294676899854,2,,,1
1991,LSO,-0.15404557336970137,-0.15449942068227376,3,0.2825426550706354,0.2963054491099155,4
1991,MDG,-0.29903862605510984,-0.30203093249430246,3,0.35820124389582986,0.33778294581190255,2
1991,MLI,-0.38062035824190893,-0.3851997173928563,3,-1.1080490375629375,-1.1090192099673752,4
1991,MOZ,-0.2561753498237646,-0.2584478608380932,3,-0.8082851655858213,-0.8064920475386194,3
1991,MRT,-0.3254379060210231,-0.33210196076007725,2,-0.30663685706267424,-0.3340034819197943,4
1991,MUS,3.1893598248805946,3.1104796210309953,4,1.2833312094357476,1.2877039911722814,4
1991,MWI,-0.34415393275695605,-0.351555104262822,2,-0.5217917692915275,-0.5055837307547465,4
1991,NAM,0.5015141481328339,0.5131667117738818,3,1.2102978059921499,1.222832916452281,4
1991,NER,-0.39320725762457726,-0.3980889789562457,3,-1.1270261332742997,-1.1291684432604072,4
1991,NGA,-0.17954305990279484,-0.17971990057880619,4,-0.11824040611692596,-0.1180389921000805,2
1991,RWA,-0.37575307073229,-0.380333316118964,3,-0.557531596082848,-0.5528859187164883,2
1991,SDN,-0.27016305644119276,-0.27214174068575453,4,-0.8885639139311052,-0.8883761144302603,2
1991,SEN,-0.1804059560162781,-0.18148419645271255,3,-0.5844551135282257,-0.5818385157096951,3
1991,SLE,-0.2989231927630452,-0.30219079547274696,3,-0.5193171615828702,-0.5231378985580779,4
1991,SOM,-0.34425969377916665,-0.34834094233739554,3,,,0
1991,SSD,,,0,,,0
1991,STP,0.3187739140233869,0.337481661784562,2,,,1
1991,SWZ,0.09489970872924498,0.09879264812992201,3,1.2888808322165823,1.2998021089309504,3
1991,SYC,3.0413204943678918,3.1443453417667695,3,,,1
1991,TCD,-0.5100659781887309,-0.5240014719751378,2,-0.9666410027628475,-0.9622476656149914,2
1991,TGO,-0.32505303158880333,-0.3287895817118863,3,0.04548365233972988,0.03259855617639838,4
1991,TZA,-0.30888557301342484,-0.3122105055108392,3,-0.5529294374260229,-0.5367295256907285,4
1991,UGA,-0.4746469859070285,-0.4794298598012597,4,-0.2672233721346157,-0.26948002344278527,4
1991,ZAF,1.2816748729114116,1.2977246224568668,3,2.2532550435032928,2.235862718659689,4
1991,ZMB,-0.19405413594723783,-0.19473357756552012,4,0.3821718205485954,0.37317909294305474,3
1991,ZWE,0.009372476468883265,0.011833474056794614,3,1.1873799088386119,1.1753630152507106,4
1992,AGO,-0.293164623824944,-0.29542388022707883,3,-0.8274054868502513,-0.8186906986414295,3
1992,BDI,-0.3714009682563552,-0.375124783142676,3,-0.8172342229029831,-0.8191962020297355,4
1992,BEN,-0.3380703307717419,-0.34106430366620843,3,-0.38850084528108453,-0.41009807501603585,3
1992,BFA,-0.3752065493458285,-0.3789237843828635,3,-0.8722665737414395,-0.8804919350290528,3
1992,BWA,0.18192430792662787,0.1889686943634368,4,1.2919700826660323,1.2915450329818499,4
1992,CAF,-0.36170775778077857,-0.36480216882977134,3,-0.6034128113739785,-0.6127539573698472,4
1992,CIV,-0.20448533743360175,-0.20519484593525977,3,-0.17952990025757096,-0.19974641402812093,3
1992,CMR,-0.04032657409247629,-0.035945678846962155,3,0.04270848537352079,0.04467958068400789,3
1992,COD,-0.38558858691093495,-0.3932954035328285,3,0.12574137655844164,0.11752152762172771,4
1992,COG,-0.1677128675495014,-0.16750620138632674,3,1.311224724312111,1.3071906146429382,4
1992,COM,-0.07770827818975146,-0.07304476962191082,2,-0.22218729080533794,-0.19099943962377103,3
1992,CPV,0.5801427562383692,0.6107152376017279,2,,,1
1992,DJI,-0.004712318362152172,-0.00036376756872986526,3,-1.3960888122438395,-1.385000650197483,2
1992,ERI,-0.17554548226048639,-0.17575431474807407,3,,,0
1992,ETH,-0.3598224026477923,-0.3633367826396191,3,-0.8696711703942656,-0.8673944910388658,3
1992,GAB,0.5153051692655604,0.5071738471788299,3,1.2103713661633972,1.2117961456295245,2
1992,GHA,-0.31182682197493733,-0.31632585872483926,3,0.07588296115911283,0.09520168595687041,4
1992,GIN,-0.4012800201195736,-0.40552393808040976,3,-0.8802171131089462,-0.882269027623793,4
1992,GMB,0.18258971640140578,0.1759822621981633,3,-0.6873455341980854,-0.6829246612534269,3
1992,GNB,-0.17683817159559753,-0.17607882001324737,2,,,1
1992,GNQ,-0.39776294649696914,-0.4057045525527741,2,,,0
1992,KEN,-0.08794258844714904,-0.08990795541032447,3,0.5401435031418804,0.5403631719077044,2
1992,LBR,-0.4239288236030059,-0.4329009532312188,2,,,1
1992,LSO,-0.20556182041363116,-0.20608735797777197,3,0.39926408941935554,0.40015823235989617,4
1992,MDG,-0.3738417686142511,-0.376512577342451,4,0.3630968566824936,0.3452280077167168,2
1992,MLI,-0.4059869609315581,-0.41017100532806483,3,-1.0665535601135723,-1.0711310989226837,4
1992,MOZ,-0.2783194903553544,-0.28013600442908104,3,-0.9309539631640951,-0.9212949391722796,4
1992,MRT,-0.3528581528427333,-0.3590312170611186,2,-0.2972216618561264,-0.32416762058631604,4
1992,MUS,3.4548944244704747,3.381789204766831,4,1.3179252380369457,1.3177798176187367,4
1992,MWI,-0.49198212687983395,-0.4998336535960912,3,-0.4449653179216012,-0.4266081698029494,4
1992,NAM,0.39778783593039146,0.4056160922150881,4,1.3526912996768354,1.36067130169594,4
1992,NER,-0.4883739640804635,-0.49277511941549856,4,-1.1500193247345716,-1.152273926261733,4
1992,NGA,-0.08577089274442684,-0.0838551227856495,4,-0.06819688290765755,-0.06799518205154702,2
1992,RWA,-0.4956858026318458,-0.5002360573199902,4,-0.6127472313463489,-0.6091808520407528,2
1992,SDN,-0.20511529277860954,-0.2054352389135573,4,-0.8611052112532622,-0.8608936070402025,2
1992,SEN,-0.17673004131413858,-0.17689533597098528,3,-0.30490443060764594,-0.332803475077536,4
1992,SLE,-0.3215709426208074,-0.3244004671983999,3,-0.6532493616515089,-0.6530914780261061,2
1992,SOM,-0.3663085157673884,-0.3699409373451476,3,,,0
1992,SSD,,,0,,,0
1992,STP,0.2972321704306086,0.31666242918177767,2,,,1
1992,SWZ,0.06419448806538165,0.06838452533185622,3,1.086460742390486,1.0939180071213015,4
1992,SYC,2.995292175699428,3.097903019186312,3,,,1
1992,TCD,-0.5375457342426005,-0.5509925812351042,2,-0.9611656070343311,-0.9576598409262539,2
1992,TGO,-0.30893474782343483,-0.3115374929361894,3,-0.004306890105985908,-0.019618356215526624,4
1992,TZA,-0.399525611047199,-0.4026996968319434,4,-0.5655857432967262,-0.5504456321057792,4
1992,UGA,-0.47076483575486805,-0.4748116466638934,4,-0.34832911734618716,-0.3507666940257826,4
1992,ZAF,1.446547390785268,1.4618495300746472,3,2.2923880964658854,2.2815825944497967,4
1992,ZMB,-0.08631286242203215,-0.08469735360113485,4,0.36183322214907115,0.35237395207029437,3
1992,ZWE,0.038112253647558984,0.04108404515919893,4,1.094711632522577,1.0767907804820371,4
1993,AGO,-0.2599574859263532,-0.2647657708836451,3,-0.8572873779710033,-0.8488097397246352,3
1993,BDI,-0.33388263238054333,-0.33896405875654395,3,-0.8119292995362495,-0.8137981384473454,4
1993,BEN,-0.34209154665674074,-0.3437746817214568,3,-0.4422687940130708,-0.45866461922369434,3
1993,BFA,-0.4612227578608192,-0.46422279924083265,4,-0.8636883704196836,-0.8749535245662671,3
1993,BWA,0.24188503779689768,0.25168464233819077,4,1.3130415130331283,1.3149091920339402,4
1993,CAF,-0.38456825874773554,-0.3866900713874,3,-0.7371721347390204,-0.7371287494933115,2
1993,CIV,-0.2361578369329723,-0.23605276595178384,3,-0.14183748389148929,-0.16465977883466323,3
1993,CMR,-0.012827658726671224,-0.00606232743940177,3,-0.005013368320789323,-0.0035307014001770215,3
1993,COD,-0.3942276254493446,-0.40223567085272816,3,0.11690294122455096,0.11143411483466281,4
1993,COG,-0.19883611918286662,-0.19780504224605341,3,1.2938751504982202,1.2890815697700486,4
1993,COM,-0.12028607276574693,-0.11490191088273116,2,-0.23606241392598612,-0.20491702933279585,3
1993,CPV,0.6492456284945403,0.6849372230177947,2,,,1
1993,DJI,-0.020129552708336367,-0.014676748025360837,3,-1.3945381615840784,-1.3846502879148352,2
1993,ERI,-0.21717342498256564,-0.21674635009657753,3,,,1
1993,ETH,-0.3895983386367367,-0.39226410512427573,3,-0.9695529339356491,-0.9674049109228671,3
1993,GAB,0.9558544766268661,0.9198096585439789,3,1.2198380130611468,1.221197302946887,2
1993,GHA,-0.11343794438803283,-0.11558978391803411,4,0.08678328645746092,0.1029334045494101,4
1993,GIN,-0.42281879200301026,-0.42638742944619934,3,-0.8320815766414249,-0.8394150764872423,4
1993,GMB,0.16123341299324134,0.15166339266644327,4,-0.6540114407733156,-0.6494332715523334,3
1993,GNB,-0.22121093964450395,-0.21980162843969092,2,,,1
1993,GNQ,-0.438790266458292,-0.44595015491155376,2,,,1
1993,KEN,-0.21574669791171147,-0.2173186884922373,4,0.551191825078226,0.5513500501959705,2
1993,LBR,-0.4624842141490615,-0.4705772710766606,2,,,1
1993,LSO,-0.19189909750240766,-0.19079644178546534,3,0.35250238581910914,0.352992369220589,4
1993,MDG,-0.3962799781897802,-0.39818862704606717,4,0.3495355467713699,0.33384887432108445,2
1993,MLI,-0.4301340019768127,-0.4333684059026418,3,-1.0568976743526064,-1.0635576036052312,4
1993,MOZ,-0.31913115793667624,-0.32029712470827537,3,-0.9545255699314217,-0.946365303625731,4
1993,MRT,-0.37640320829399004,-0.38110602894895235,2,-0.2425933031518593,-0.27237795791955505,4
1993,MUS,3.4726813781443155,3.4101041388854108,4,1.3377375649851335,1.3351882079945425,4
1993,MWI,-0.5462973908201479,-0.5540198829992626,3,-0.4834733807358898,-0.4661776978355843,4
1993,NAM,0.38819453144264005,0.39698756564215265,4,1.43767796355248,1.4426685014725877,4
1993,NER,-0.5211839638088349,-0.5250005595083829,4,-1.242293200820731,-1.2365104571858019,3
1993,NGA,-0.020238241772619486,-0.0198868739870581,4,-0.03060149016879534,-0.030431789943122893,2
1993,RWA,-0.5351496714578771,-0.5392030512677236,4,,,1
1993,SDN,-0.20531968146983592,-0.20455421529932277,4,-0.8467950260916666,-0.8466016655058571,2
1993,SEN,-0.09326001348886949,-0.09105417553718091,4,-0.3585517651408716,-0.38503461519137944,4
1993,SLE,-0.34774189504160735,-0.3496581084824865,3,-0.6300972792657068,-0.6299106943863492,2
1993,SOM,-0.39925094519499443,-0.4020915820889315,3,,,0
1993,SSD,,,0,,,0
1993,STP,0.22429009165969935,0.24324512901886866,2,,,1
1993,SWZ,0.02633581527137252,0.031229416853115925,3,1.0626848204993988,1.0607472594269018,4
1993,SYC,2.8450799563642537,2.9443933289352997,3,,,1
1993,TCD,-0.5618645173558244,-0.5738715934723311,2,-0.9684194565957485,-0.9655151713651122,2
1993,TGO,-0.32315229786770516,-0.3246272063289524,3,-0.06753535195821372,-0.07579726299960406,4
1993,TZA,-0.4764079996654308,-0.47965739052654605,4,-0.5744321072596963,-0.5606520589612601,4
1993,UGA,-0.5379494276157006,-0.5418862933155175,4,-0.3422443132359887,-0.34546358192310705,4
1993,ZAF,2.042258462397941,2.0516137008309543,3,2.3509433132845228,2.3441113453360822,4
1993,ZMB,-0.16344438397568356,-0.16188775732130964,4,0.3340403078124428,0.32421737653867866,3
1993,ZWE,0.05465866149503515,0.05899386821633738,4,0.904754753349908,0.8978797739331553,3
1994,AGO,-0.2993075965171249,-0.3033210322831263,3,-0.8767167685734539,-0.8694462851758316,3
1994,BDI,-0.37134470320611657,-0.3750530671177142,3,-0.8079117668374312,-0.809252440593515,3
1994,BEN,-0.34199962093756514,-0.3433919866723824,3,-0.4519688515977987,-0.4665823831357239,3
1994,BFA,-0.4735156651204867,-0.47648494099870753,4,-0.888005876846457,-0.8989007940320428,3
1994,BWA,0.25940573561193114,0.2699081987410296,4,1.2732084636859045,1.2710907360940307,4
1994,CAF,-0.39489519320323435,-0.3969266261060941,3,-0.7397433497490141,-0.7397154889480616,2
1994,CIV,-0.06697481916842724,-0.06412970404794685,4,-0.06926816135418146,-0.09748181123015721,3
1994,CMR,-0.05375734797185328,-0.050844583862503186,3,-0.05839104850127886,-0.05745277549994191,3
1994,COD,-0.43012528799168753,-0.43682298854723844,3,0.1163592918825086,0.11204941619794367,4
1994,COG,-0.21221853126756549,-0.211144412270363,3,1.2276980539404452,1.22557394120359,4
1994,COM,-0.1321755015710715,-0.12665849228244686,2,-0.21879023759274377,-0.1913489447697381,3
1994,CPV,0.7001756983573545,0.7384742394315291,2,,,1
1994,DJI,-0.04927597853242116,-0.044114802274656806,3,-1.3828788801058494,-1.3744884335227583,2
1994,ERI,-0.2162547931593077,-0.21551672012769654,3,,,1
1994,ETH,-0.4043388233575613,-0.4069746897970097,3,-1.0429610364776885,-1.0410620331616878,3
1994,GAB,0.8596950783949397,0.8274891778171708,3,0.9132572695003405,0.9044961395017852,3
1994,GHA,-0.18924322230627427,-0.19165402563684864,4,0.0705838746610566,0.08562603665564708,4
1994,GIN,-0.42107010877875933,-0.42673449883359366,3,-0.8526316810405695,-0.8583590342161268,4
1994,GMB,0.08620727160976666,0.0792462738686615,4,-0.6493532723266092,-0.6455514574381118,3
1994,GNB,-0.24324125292018534,-0.2420984854881833,2,,,1
1994,GNQ,-0.3328800753667123,-0.3352676661627068,2,,,1
1994,KEN,-0.32413205604927525,-0.3266399142901914,4,0.55720481844673,0.557292256831865,2
1994,LBR,-0.4779856611078862,-0.48608812727336914,2,,,1
1994,LSO,-0.20108616783876918,-0.1998629901957571,3,0.37717050761270393,0.3775174807151623,4
1994,MDG,-0.4237614821380042,-0.4262570735378876,4,0.2143561054461737,0.2079848959234354,2
1994,MLI,-0.43885060655821934,-0.4419535108705643,3,-1.0492393300803182,-1.0556529894828979,4
1994,MOZ,-0.34178556549811306,-0.3430733166952693,3,-0.9659134360043901,-0.9599008762289817,4
1994,MRT,-0.37792824925351176,-0.38209002881054616,2,-0.2199703614354334,-0.24783724881866165,4
1994,MUS,2.673482553910746,2.6481916664103893,4,1.2735605307639482,1.2754147000839657,4
1994,MWI,-0.5578681908773535,-0.5654905953572495,3,-0.49039405932316926,-0.47566478384666,4
1994,NAM,0.3287290695507679,0.3368947961164582,4,1.5166950019170375,1.5186858188593213,4
1994,NER,-0.5292921013619823,-0.5330055370148877,4,-1.2589197203615032,-1.253523813245097,3
1994,NGA,-0.10210074261919669,-0.10142131747855804,4,0.004820684876968996,0.004957901418289767,2
1994,RWA,-0.5511293197305175,-0.5551900189273505,4,,,1
1994,SDN,-0.26396415365608167,-0.263831182460171,4,-0.8306545999750319,-0.8304747006166745,2
1994,SEN,-0.12589574397885112,-0.12418293094364104,4,-0.39707073070141824,-0.4236416410544365,4
1994,SLE,-0.3530316855807924,-0.35474832229075604,3,-0.6068352080571799,-0.6066204554698197,2
1994,SOM,-0.4191540782124643,-0.4220574013462504,3,,,0
1994,SSD,,,0,,,0
1994,STP,0.1889012348227451,0.20706361212501545,2,,,1
1994,SWZ,0.03131410279752237,0.0365876199099157,3,1.041225213803489,1.0362215871310183,4
1994,SYC,2.6214578242429725,2.690090341935236,4,,,1
1994,TCD,-0.5731138532793003,-0.5849628724090096,2,-0.9712741517867092,-0.9690524326864167,2
1994,TGO,-0.30663601086392206,-0.30751999292968235,3,-0.04965126574129698,-0.059217613268153835,4
1994,TZA,-0.48342311161045004,-0.48677244704391404,4,-0.6037680240877727,-0.5915950358906811,4
1994,UGA,-0.5555128617466052,-0.559514123595882,4,-0.34395779173317054,-0.3497325059558506,4
1994,ZAF,3.5682957774367616,3.5187071595585007,3,2.430484271905994,2.4231488258269382,4
1994,ZMB,-0.20244745827601038,-0.201240369641776,4,0.3015156413170545,0.2913076487884698,3
1994,ZWE,-0.03849438821203177,-0.03532720897194194,4,0.8838724645348529,0.8763619886296646,3
1995,AGO,-0.337078773081034,-0.3396326865449083,3,-0.9367298431543766,-0.9285937375166453,3
1995,BDI,-0.38713366445300607,-0.38985000226279376,3,-0.8258814334110255,-0.8264559512626184,3
1995,BEN,-0.30439016637364674,-0.30679267425740003,3,-0.39145545272387844,-0.4087065463203951,3
1995,BFA,-0.48420783371961884,-0.4864699840790205,4,-0.9115783998846055,-0.9246533617293464,3
1995,BWA,0.25744928754284885,0.2681948758687267,4,1.4121634365809164,1.4084961133363527,4
1995,CAF,-0.5194815855436672,-0.5222227084949602,4,-0.7328768970282237,-0.7329690035757926,2
1995,CIV,-0.005347739210714204,-0.0006978887096820685,4,0.006107137813834022,-0.02672319582512776,3
1995,CMR,-0.044986332974772975,-0.04110146306324566,3,-0.1032830662581664,-0.10324245051925482,3
1995,COD,-0.4518683212810288,-0.4573771508869671,3,0.1637979341914295,0.15723422649927266,4
1995,COG,-0.23487393044803828,-0.2330970420573168,3,1.2412967870465696,1.2326894347675024,4
1995,COM,-0.16975141429085344,-0.16401696057037143,2,-0.21328126568677933,-0.1872778327556554,3
1995,CPV,0.7162601628668899,0.7568895223452532,2,,,1
1995,DJI,-0.09116343060502163,-0.08588545857170157,3,-1.3914422288074906,-1.3819401419001103,3
1995,ERI,-0.18906936592707155,-0.18723485392130723,4,-0.13892191419710626,-0.14019276822357762,3
1995,ETH,-0.4214388994934066,-0.4232183534166765,3,-1.0657057968956984,-1.0643539720386417,3
1995,GAB,0.791047675610927,0.7610329710863886,3,0.9426390129573304,0.93404601685185,3
1995,GHA,-0.15821200139991995,-0.16003175054917412,4,0.22496214764764066,0.22264497214914344,3
1995,GIN,-0.4361814363407688,-0.44025150846667077,3,-0.8299016771840806,-0.8383332157340342,4
1995,GMB,0.09106002717871707,0.08347707736661014,4,-0.5312640250279156,-0.536220677998753,4
1995,GNB,-0.26943429400849384,-0.26762577622733646,2,,,1
1995,GNQ,-0.37493455755854543,-0.3772810890441487,2,,,1
1995,KEN,-0.3242877132389089,-0.3255594825659911,4,0.577161945739298,0.5771325322419079,2
1995,LBR,-0.507597680223602,-0.5151690499418994,2,,,1
1995,LSO,-0.20047576947616444,-0.19812182239067594,3,0.4003388959017385,0.39829525709857044,4
1995,MDG,-0.42886136533964225,-0.4313388464297151,4,0.15546040971262703,0.1532104855663198,2
1995,MLI,-0.4490138242326858,-0.4511671669855855,3,-1.047949889496531,-1.053751811657965,4
1995,MOZ,-0.3651947263685747,-0.36578570346276146,3,-1.014550197294965,-1.0067859208068415,4
1995,MRT,-0.39610808168498735,-0.3992885166409319,2,-0.1752058982728798,-0.2078342187600187,4
1995,MUS,2.7444075863019557,2.707624741295853,4,1.3861277099058946,1.3777692442520275,4
1995,MWI,-0.5752689494594243,-0.5828574268238838,3,-0.13560106946560385,-0.10894024883667705,4
1995,NAM,0.6404740097759098,0.6293065736685544,4,1.6051937012708934,1.592427794674448,4
1995,NER,-0.534018822939649,-0.5369261184874531,4,-1.2771337896289676,-1.2724622143098192,3
1995,NGA,-0.11720856111078226,-0.1151833476744489,4,0.05322637245442767,0.05326717910165648,2
1995,RWA,-0.5858886805413,-0.5895691805454822,4,-0.5361779866565359,-0.5355420673113894,2
1995,SDN,-0.2658037596847175,-0.2648259595917795,4,-0.8039837075568943,-0.8039196346479264,2
1995,SEN,-0.11532341485230889,-0.11254990614599188,4,-0.37594073481067924,-0.40811327426386307,4
1995,SLE,-0.36462037843792133,-0.36538136800915144,3,-0.5727569249832067,-0.5726098929274658,2
1995,SOM,-0.4386457579996414,-0.44073526744814706,3,,,0
1995,SSD,,,0,,,0
1995,STP,0.13817173471180508,0.1560335122078824,2,,,1
1995,SWZ,0.05032966118434079,0.05708907312631998,3,1.1313395263310957,1.1158284240577956,4
1995,SYC,2.428195956648425,2.4802488160356013,4,,,1
1995,TCD,-0.5945073313740495,-0.60550157294248,2,-0.9791084687615417,-0.9771399323008811,2
1995,TGO,-0.33201308505285465,-0.3321888775246211,3,0.08692296344285573,0.07167220920368228,4
1995,TZA,-0.48534068838409034,-0.48903221095174826,4,-0.6492220166123992,-0.6370867456192799,4
1995,UGA,-0.49473708031509867,-0.49805055337253007,4,-0.33347082785702525,-0.3427796586246191,4
1995,ZAF,3.893362267545721,3.8753812345883367,3,2.338520656883392,2.336849333421759,3
1995,ZMB,-0.20945170162135548,-0.20972993149838065,4,0.6158546577677013,0.6155390766039259,2
1995,ZWE,0.009310058464657767,0.014293004085747874,4,0.8950225910604921,0.8873497614782264,3
1996,AGO,-0.387744748350378,-0.38975715773945707,3,-0.9364641022770597,-0.930247457474842,3
1996,BDI,-0.4491147878668815,-0.45088825135831967,3,-0.8336688685624422,-0.8362143153465852,3
1996,BEN,-0.3647997736584337,-0.36754958972699303,4,-0.3766337891994694,-0.39452073784277336,3
1996,BFA,-0.5246104001774489,-0.5267595107224764,4,-0.9254672516439921,-0.9385554420368195,3
1996,BWA,0.3880885057254773,0.4048340874938883,4,1.501586493096077,1.4979645622113245,4
1996,CAF,-0.5370656481275943,-0.5412276884062873,4,-0.7441306978663635,-0.7442654553134274,2
1996,CIV,0.0610191871425746,0.06132150025315407,4,0.12729507106385793,0.08621394576673426,3
1996,CMR,-0.09371198848162754,-0.0884463757838596,3,-0.1466614268330855,-0.14700217572477287,3
1996,COD,-0.5120367232860746,-0.5156656247527837,3,0.22638425945065702,0.22837680082673692,3
1996,COG,-0.24055202270926446,-0.2409899252778427,3,1.181776225954699,1.1737936437758851,4
1996,COM,-0.10907523090112022,-0.10185530482855751,3,-0.1612901915908756,-0.13913771755610624,3
1996,CPV,0.7023731533625647,0.7451325301620529,2,,,1
1996,DJI,0.280260092477066,0.2900908973243387,4,-1.3710401672480241,-1.3651511031645407,3
1996,ERI,-0.2287333944499175,-0.2263694001356,4,-0.2040399514496339,-0.1993663906459398,3
1996,ETH,-0.4591102561668438,-0.46005798315431734,3,-1.018224374756932,-1.0180816802934713,3
1996,GAB,0.7041499495929723,0.6770804114683269,3,1.0463439646047723,1.0396116687385895,3
1996,GHA,-0.15114454431261493,-0.1525226054958642,4,0.2135037907970818,0.21061745470044152,3
1996,GIN,-0.458287048459401,-0.4604459188703809,3,-0.8433107533892585,-0.8506025359826125,4
1996,GMB,0.1407140091522669,0.13299538415470089,4,-0.5545196577287651,-0.5587286904414728,4
1996,GNB,-0.30641152076306727,-0.3033823766615902,2,,,1
1996,GNQ,-0.31839006185740054,-0.3174438302800638,2,,,1
1996,KEN,-0.3572305569188156,-0.35726587428395046,4,0.6006333787349927,0.6005399938574844,2
1996,LBR,-0.5515757892648568,-0.5582022571950122,2,,,1
1996,LSO,-0.197590742503422,-0.20009246052154378,3,0.3894981058853939,0.3854192122752184,4
1996,MDG,-0.47877915633393436,-0.48095037249627887,4,0.1344903585862693,0.13509970340802765,2
1996,MLI,-0.5576197788181294,-0.5606693972208794,4,-1.0152651045411172,-1.0241795275593155,4
1996,MOZ,-0.4115393598425747,-0.4115522310070861,3,-0.9929184802639407,-0.9869380386401839,4
1996,MRT,-0.4257542816465325,-0.42742536325460323,2,-0.1331450051351685,-0.16841679667498516,4
1996,MUS,2.620071370591498,2.5912992638842627,4,1.437963107726402,1.4253626333935796,4
1996,MWI,-0.5948470114605448,-0.604197520108244,3,-0.12254099292238327,-0.09699662538881897,4
1996,NAM,0.6078162293647009,0.5959635295476536,4,1.504960594474453,1.495679089450628,4
1996,NER,-0.5789224095692809,-0.5813963266572806,4,-1.2989942884783143,-1.2939862341236505,3
1996,NGA,-0.16983823599255152,-0.1669409061545861,4,0.09987006173146457,0.09988036782204664,2
1996,RWA,-0.6357561472048637,-0.6390921238521934,4,-0.562997717691418,-0.5624312769613666,2
1996,SDN,-0.2835419647120652,-0.28247250789939243,4,-0.7991675761422559,-0.7991207792492915,2
1996,SEN,-0.10515746475871884,-0.10177009871211334,4,-0.3962367424909961,-0.4294377283863403,4
1996,SLE,-0.39986932007872444,-0.3997048189237243,3,-0.5586270560486184,-0.5584511498553446,2
1996,SOM,-0.4794815758077548,-0.48080641253377804,3,,,0
1996,SSD,,,0,,,0
1996,STP,0.07882539774909189,0.09702681082820688,2,,,1
1996,SWZ,0.12482898573776542,0.13724141039878657,3,1.132906584463469,1.112975367768752,4
1996,SYC,3.1324080373222865,3.136746442035385,4,,,1
1996,TCD,-0.6275198545865477,-0.637137322939939,2,-1.0239179439696215,-1.0174107790936189,3
1996,TGO,-0.34041837838701655,-0.3386812625757344,3,0.12120693303786621,0.10676329912486669,4
1996,TZA,-0.4830285369904908,-0.48634861293502407,4,-0.6346770749613375,-0.6255682440543793,4
1996,UGA,-0.5730641600621215,-0.576798007486904,4,-0.25444342236425627,-0.2676731008441044,4
1996,ZAF,3.022138647975969,3.0085328486215084,4,2.225209026508752,2.222949848509308,3
1996,ZMB,-0.2596323733969807,-0.25968867673584634,4,0.6208618115913335,0.6205167277975582,2
1996,ZWE,-0.011064861536332904,-0.004985871763241506,4,0.9083636497921894,0.8998963203730745,3
1997,AGO,-0.38807590117731405,-0.3905314352499171,3,-0.9779175187896785,-0.9715958344830965,3
1997,BDI,-0.47104682862429015,-0.47242647515535685,3,-0.869182725106168,-0.871754260926874,3
1997,BEN,-0.30692419043452857,-0.30807793044485704,4,-0.29354145338561805,-0.3172661954504784,3
1997,BFA,-0.5083553625336172,-0.5098715718748105,4,-0.9905358970660844,-1.0010052077566491,3
1997,BWA,0.468470796822612,0.48806685290522833,4,1.5905563742438438,1.5888202748887574,4
1997,CAF,-0.5482741247621644,-0.5518073508737799,4,-0.7573500735923203,-0.7575365311871801,2
1997,CIV,0.11395648617790623,0.11113952013502501,4,0.23354492226146872,0.1852594118633893,3
1997,CMR,-0.16075587803496705,-0.15831763410458422,4,-0.19543969629610417,-0.1962069157523962,3
1997,COD,-0.5716756243954574,-0.5758132613428311,3,0.17860817593066491,0.18456569553095023,3
1997,COG,-0.2729654569363615,-0.2752612410005155,3,1.1154324180399453,1.1077682123520904,4
1997,COM,-0.14506845478781222,-0.14123341688854327,4,-0.11131175713060786,-0.09341965244777042,3
1997,CPV,0.7535288531162944,0.7829805556940891,3,,,1
1997,DJI,0.2333579048855284,0.2434427232821978,4,-1.3888225494327522,-1.3836042270197921,3
1997,ERI,-0.21070253349833729,-0.2075872955671999,4,-0.16355021393734936,-0.15635110546302658,3
1997,ETH,-0.48767698919973873,-0.48876175013708545,3,-0.9854842593925985,-0.9876232375905638,3
1997,GAB,0.6494905884205858,0.6298925259940765,3,1.0667296163907338,1.0593540322234638,3
1997,GHA,-0.08916773040965846,-0.089510973138875,4,0.20203154796344924,0.19863833484522175,3
1997,GIN,-0.4598414594428242,-0.4629443158190142,3,-0.8487600725754954,-0.8562995936237899,4
1997,GMB,0.13868440593745918,0.1317127363707873,4,-0.6371839537023237,-0.6435238636498994,3
1997,GNB,-0.3436319861612091,-0.3416716646590619,3,,,1
1997,GNQ,-0.26866343040568913,-0.26769119533549357,3,,,1
1997,KEN,-0.33361024575018045,-0.33288877282209817,4,0.6210793333853277,0.6209147222549478,2
1997,LBR,-0.48530009219331793,-0.4863616244506994,3,,,1
1997,LSO,-0.12491806220933686,-0.1307020202824771,3,0.35665117320763134,0.3548669821576729,4
1997,MDG,-0.4840189736285932,-0.4859842053371123,4,0.07147175479650747,0.07729987626162264,2
1997,MLI,-0.5708148713871573,-0.5741486418624737,4,-0.9413247845172685,-0.9570051164929301,4
1997,MOZ,-0.5127048473533733,-0.5145730186662034,4,-0.9971350490552504,-0.9919263553813619,4
1997,MRT,-0.39682542389367637,-0.3963120754063488,3,-0.1244264184700187,-0.16328140062961244,4
1997,MUS,2.794364978841023,2.770982761102933,4,1.4638083887506894,1.4530239204549344,4
1997,MWI,-0.5300855838639414,-0.5349993163688848,4,-0.11872373912297315,-0.08703059084922517,4
1997,NAM,0.6963433997191797,0.6843214348364972,4,1.4284691073417137,1.4245404660129797,4
1997,NER,-0.5992283868638331,-0.6017874549567771,4,-1.3346584915579758,-1.3296998065583359,3
1997,NGA,-0.18578095619720814,-0.18245723436289127,4,0.14639374093810548,0.14637275385684204,2
1997,RWA,-0.6537400241520315,-0.6570757103059656,4,-0.5927544288488691,-0.5922696054382508,2
1997,SDN,-0.2867358405866961,-0.2855373995758222,4,-0.7942991399492894,-0.7942730330837253,2
1997,SEN,-0.039441858773779315,-0.03723831488778439,4,-0.4288645855163431,-0.4631580094156231,4
1997,SLE,-0.4356371282380389,-0.43578713001583974,3,-0.5453782709226265,-0.5451788314032495,2
1997,SOM,-0.5143291123703774,-0.5159740207321146,3,,,0
1997,SSD,,,0,,,0
1997,STP,0.2529077167254021,0.2790505597579397,2,,,1
1997,SWZ,0.1112011989944444,0.12411149832366931,3,1.0640998056480393,1.0454348373849383,4
1997,SYC,3.246246575363888,3.2495944595418855,4,,,1
1997,TCD,-0.6583161888512519,-0.6617124450068536,4,-1.0211882518127693,-1.0148267959968384,3
1997,TGO,-0.016285152320429763,-0.005670916766022851,3,0.14480524898688515,0.12818742134626362,4
1997,TZA,-0.503934816399161,-0.5082078580953273,4,-0.6228996875643229,-0.6156576769838961,4
1997,UGA,-0.571462526601208,-0.5745768047656178,4,-0.22444815703787754,-0.23801513541903424,4
1997,ZAF,3.131343225705178,3.1242259853387813,4,2.1366677189967804,2.134824014419232,3
1997,ZMB,-0.29550718816804156,-0.296157123472131,4,0.6305460638129283,0.6301891891850745,2
1997,ZWE,0.03739795649961547,0.04203605790414163,4,0.9338590898958684,0.9250729790196233,3
1998,AGO,-0.4406885506998293,-0.44192757192752785,3,-1.032900978525517,-1.0290446326564895,3
1998,BDI,-0.6237435987025998,-0.625300965761944,4,-0.8999935632726582,-0.9031747019892558,3
1998,BEN,-0.33627361762634805,-0.3364045739881065,4,-0.24886396007410552,-0.2756325290231776,3
1998,BFA,-0.532192214763514,-0.5325005116744176,4,-1.0460897458219842,-1.0586684221491802,3
1998,BWA,0.8258891143769628,0.8265059970253938,4,1.6442221691246908,1.6457578023869397,4
1998,CAF,-0.5986057296541031,-0.6009778879187679,4,-0.7727212894900529,-0.7729690868112584,2
1998,CIV,0.21545712268693393,0.2089686463537172,4,0.22318049101830537,0.1765345246276274,3
1998,CMR,-0.1596018094221111,-0.15537539266386713,4,-0.2465918330059151,-0.24766734153661105,3
1998,COD,-0.6349654962007113,-0.6380028409063746,3,0.11850769342173288,0.1289923155290394,3
1998,COG,-0.3365080479334647,-0.33873244368443195,3,1.01210524861368,1.0055458020702785,4
1998,COM,-0.12121204641574121,-0.11482842450242765,4,-0.08688483061959346,-0.07451009313329052,3
1998,CPV,0.9036380849875211,0.9278450133695428,3,,,1
1998,DJI,0.13780417602565764,0.14773425422738473,4,-1.410979793606692,-1.4060885049899499,3
1998,ERI,-0.2402652487100298,-0.2361105343673052,4,-0.1355121235671489,-0.12638167490049906,3
1998,ETH,-0.5476497257999733,-0.5477597526023812,3,-0.9948226149971595,-0.9988951164538638,3
1998,GAB,0.5359459299704933,0.5279011843607304,3,1.0467891547227797,1.0377844567507069,3
1998,GHA,-0.030621919672633544,-0.03092270922151496,4,0.16844427917781465,0.16396800517718038,3
1998,GIN,-0.4136301569749517,-0.42399884127697074,3,-0.8634307156922164,-0.8729827419703148,4
1998,GMB,0.1415859005308028,0.14142426441979172,4,-0.6781809096030434,-0.6813861829435985,3
1998,GNB,-0.40628054659108975,-0.4035058395218197,3,,,1
1998,GNQ,-0.2581164134789317,-0.2534842407508109,3,,,1
1998,KEN,-0.33329723823404606,-0.33130250928436666,4,0.6350872351587238,0.6348341272562686,2
1998,LBR,-0.5590566128604352,-0.5595065275432479,3,,,1
1998,LSO,-0.058007314838719896,-0.070476854823972,3,0.28345389399982723,0.282770524720073,4
1998,MDG,-0.4630139382593076,-0.4642582795520607,4,0.12638159131505594,0.12970900618800404,2
1998,MLI,-0.5933678966932399,-0.5956347672712495,4,-0.9724042482030875,-0.9877580643381626,4
1998,MOZ,-0.5724683682358193,-0.5744234864395492,4,-1.0101447411081124,-1.0076980673531089,4
1998,MRT,-0.40896478699926647,-0.4058470072295205,3,-0.14556779659383326,-0.18305975221239437,4
1998,MUS,3.166509544910658,3.1683024699347286,4,1.5809714501352103,1.565911231202283,4
1998,MWI,-0.5656617586336435,-0.5697000402850699,4,-0.12531878676217775,-0.0891598834729907,4
1998,NAM,0.796791741254577,0.7892544931011146,4,1.4513680452953204,1.4394609391032622,4
1998,NER,-0.636462023027303,-0.6384373365575663,4,-1.3967465821701266,-1.3926665974656605,3
1998,NGA,-0.21854992534482395,-0.2141716118246771,4,0.1903474476454799,0.1902874934482372,2
1998,RWA,-0.6599206495492781,-0.6640585979254098,4,-0.6263998335462744,-0.6260118332681344,2
1998,SDN,-0.28105750606494456,-0.2787520477453014,4,-0.7895717634939825,-0.7895702737988671,2
1998,SEN,0.06704230051710103,0.0663267079127648,4,-0.48279282988180383,-0.5184450097427139,4
1998,SLE,-0.49422053851958636,-0.49324738217890934,3,-0.534062517348003,-0.533848134064839,2
1998,SOM,-0.5423182194948926,-0.5423932485321776,3,,,0
1998,SSD,,,0,,,0
1998,STP,0.22677233204036798,0.24667222557491822,3,,,1
1998,SWZ,0.2893267269220704,0.2860472508934538,3,0.9547315318534585,0.9386181704972583,4
1998,SYC,3.2584575289006574,3.251762720208727,4,,,1
1998,TCD,-0.7020233026900504,-0.7044254953919414,4,-0.9701322910789439,-0.9686928342410568,3
1998,TGO,-0.16049852328946873,-0.15664843666047712,4,0.16314147707113935,0.14589573852545026,4
1998,TZA,-0.5233378688577398,-0.5275733219187485,4,-0.5040875742517336,-0.47833633511501905,3
1998,UGA,-0.5247725793592376,-0.5286731548732445,4,0.036436008957477915,0.03876290535431959,3
1998,ZAF,2.8613569754744748,2.847867529577692,4,2.0263650659334935,2.0246665920019384,3
1998,ZMB,-0.3094981955353036,-0.30934525077700636,4,0.5121671906235411,0.5213914018193843,3
1998,ZWE,0.0740940564170106,0.07770873609389946,4,0.9127426378222157,0.9024164133489061,3
1999,AGO,-0.45140041266335906,-0.4528134789679934,3,-0.8730968050244287,-0.8643548236714849,4
1999,BDI,-0.6875856807595133,-0.6888468341054673,4,-0.9649381084813705,-0.9677741358405834,3
1999,BEN,-0.3384885522816967,-0.3359242359489089,4,-0.36621324868644894,-0.3894843288794945,4
1999,BFA,-0.5901997322650866,-0.5906476068148784,4,-1.1340065344919594,-1.1447842056507462,3
1999,BWA,1.2255946842454208,1.2075234548013105,4,1.7404570567253488,1.7557995748291144,4
1999,CAF,-0.6339870492818067,-0.6371133416298819,4,-0.5846516291046515,-0.6020104909738903,3
1999,CIV,0.3331256208615633,0.3211003711648587,4,-0.039787577934611185,-0.078692222754382,4
1999,CMR,-0.1667180245594422,-0.16009051763100549,4,0.05740796296130708,0.02789560470969289,4
1999,COD,-0.7046074294205819,-0.7074770650586558,3,0.016082548660075857,0.034782190882550544,3
1999,COG,-0.4046655088771443,-0.406644584783914,3,0.9257804685688318,0.92954482859474,4
1999,COM,-0.10610844006365835,-0.09744427616590932,4,-0.05827626537762681,-0.042578504534386025,3
1999,CPV,1.4066578192202968,1.418048775944322,3,0.39674616435262455,0.4645737850545827,2
1999,DJI,0.07286371868047319,0.08269189271265835,4,-1.4667586071735512,-1.461679180528725,3
1999,ERI,-0.2638562714949199,-0.2589189402498333,4,0.003999649083560967,0.016629740998912648,3
1999,ETH,-0.5991735926717049,-0.5993984634145709,3,-1.0077130141013853,-1.0109063119609336,3
1999,GAB,0.3066952111308439,0.30674293772172123,3,1.1911731876538505,1.1781765500280128,4
1999,GHA,-0.04579386103892464,-0.045425910802034425,4,0.19836758764184495,0.19453166428402457,3
1999,GIN,-0.4513747122981609,-0.456108280370892,4,-0.8834572190063024,-0.8931397775650554,4
1999,GMB,0.23207257074972848,0.24122393805548972,4,-0.7658946097738092,-0.7635821451667372,3
1999,GNB,-0.46528218151747053,-0.4609613727617855,3,,,1
1999,GNQ,-0.34375349962418045,-0.34084120398205114,3,,,1
1999,KEN,-0.37859449001968193,-0.3764813212096782,4,0.5494626165088803,0.5463938448816964,3
1999,LBR,-0.6267903452522393,-0.6271487158004622,3,0.4479952246054679,0.4084068010486266,4
1999,LSO,-0.1437850401357414,-0.15226361623434753,3,0.22015248576257646,0.22730640688060488,4
1999,MDG,-0.44015728125606735,-0.44177129186333053,4,0.0021001300832888628,0.008506116675147299,3
1999,MLI,-0.6018925003458824,-0.6028727302529491,4,-0.9458667883111369,-0.9633182936028116,4
1999,MOZ,-0.5971507664184115,-0.5985090410826097,4,-1.0504374188735777,-1.0487400531721245,4
1999,MRT,-0.42543692352027523,-0.42040101924494727,3,-0.1878865421892652,-0.22075596773819403,4
1999,MUS,2.97718771945416,2.985523807545969,4,1.7127745858877577,1.7090119775039418,4
1999,MWI,-0.5586222968107306,-0.5623985757746119,4,-0.07246989802272794,-0.026281537102559926,4
1999,NAM,0.6752935237932576,0.6684915770518177,4,1.4264026465938926,1.4260569954653664,4
1999,NER,-0.6727870166901188,-0.6740633567120313,4,-1.4699627625117146,-1.466117941794416,3
1999,NGA,-0.23478191143960325,-0.22947360935877087,4,0.30860999075419654,0.27409626534350345,4
1999,RWA,-0.6562099843589798,-0.6599029400712795,4,-0.8978329953253822,-0.895451337202264,4
1999,SDN,-0.27711976263987476,-0.27388385696345285,4,-0.07575630434632379,-0.13216261626279918,3
1999,SEN,0.25496214929349226,0.2517872905837066,4,-0.5714634186806817,-0.6020929676979394,4
1999,SLE,-0.5382856099647828,-0.5364143257381029,3,-0.5345075190551938,-0.534283351560431,2
1999,SOM,-0.6080871395368957,-0.6080642658728145,3,,,0
1999,SSD,,,0,,,0
1999,STP,0.1252783983134361,0.14371541490035578,3,,,1
1999,SWZ,0.5856613402079308,0.5815496706499136,3,0.8586841940696518,0.8552928988532467,4
1999,SYC,3.3974914821177387,3.391363752192304,4,,,1
1999,TCD,-0.7485115108648734,-0.7505290361521337,4,-1.0096014446002066,-1.007969553990032,3
1999,TGO,-0.10258214856432117,-0.09834400796047142,4,0.08251595156922889,0.08012896331869726,3
1999,TZA,-0.5273145184825955,-0.5295087810969936,4,-0.4866471940661567,-0.4600523226417,3
1999,UGA,-0.5506282357282197,-0.5548739229351862,4,0.037919193258482954,0.04666786524982382,3
1999,ZAF,2.5537423810139557,2.547717052726487,4,2.055973660191548,2.0576844877926805,3
1999,ZMB,-0.26381355533581446,-0.26473569552071524,4,0.44753743902056176,0.4629007180692552,3
1999,ZWE,0.33717563852249216,0.3264501453708254,4,0.9809830971213215,0.9711486257390235,3
2000,AGO,-0.48667903797787193,-0.4837939888002747,4,-0.8404808008730065,-0.8325808905551046,4
2000,BDI,-0.7183177237035259,-0.7208606457724989,4,-0.954704658277883,-0.9605356963494095,3
2000,BEN,-0.2818098042271756,-0.28460505532594577,4,-0.3440088270904469,-0.36801671743539544,4
2000,BFA,-0.628782678428065,-0.6293023532209405,4,-1.157209649674379,-1.1692985998675645,3
2000,BWA,1.4207122454961745,1.405810273849775,4,1.6536811685310233,1.6676516726062554,4
2000,CAF,-0.7379275324552965,-0.7385992412319112,4,-0.635609874913914,-0.6507684705978221,3
2000,CIV,0.3267703131310436,0.31632163017118614,4,-0.3878455472521952,-0.3878050846461392,2
2000,CMR,-0.10126241047160098,-0.10011064179767858,4,0.010010367885043892,-0.01390236771272717,4
2000,COD,-0.8425796294749501,-0.8430127772860825,4,0.17502348179944446,0.17385968102393648,2
2000,COG,-0.11114263681022639,-0.12664079445933568,4,0.8662679203349785,0.8579964200988129,4
2000,COM,-0.15404012024329702,-0.14181596121951093,4,-0.19496848765557814,-0.1850161347783673,4
2000,CPV,1.4367695181044282,1.4410566016120907,4,0.765413170501213,0.8057512708526108,4
2000,DJI,-0.003535407453404311,0.009669208101734522,4,-1.4491926770664705,-1.4450769241173589,3
2000,ERI,-0.2975663986408731,-0.28858247712852936,4,0.10153140011044852,0.12080147347488353,3
2000,ETH,-0.6897444543199981,-0.6879122477275593,4,-1.007494622278218,-1.013805767718414,4
2000,GAB,1.2980905714495679,1.2837546260604158,4,1.1249244906701177,1.1139786810094612,4
2000,GHA,-0.03842373972771908,-0.0368527051921407,4,0.14757493986073086,0.14396867802653282,3
2000,GIN,-0.5349136065351121,-0.5386220109126783,4,-0.825687433881725,-0.8353093672203727,4
2000,GMB,0.18751159221414587,0.20107924445188682,4,-0.7690664304093343,-0.7662182672038564,3
2000,GNB,-0.4552441950169012,-0.44519082132880844,3,-0.25325284157495553,-0.26295118849809107,2
2000,GNQ,0.14131273279950474,0.1448371478951382,4,-0.054824679695469086,-0.054624703911958096,4
2000,KEN,-0.3358069961901961,-0.3337757425166592,4,0.3847209251898367,0.390812918741605,4
2000,LBR,-0.7352234060240409,-0.7342994033566095,3,0.9108576543511531,0.851307236292381,4
2000,LSO,-0.34921925802346926,-0.35694451735033716,4,0.2398059432502414,0.24673262436572288,4
2000,MDG,-0.5346325355934304,-0.5356813219879601,4,-0.035243069267543774,-0.028081705903956047,3
2000,MLI,-0.6524435974160524,-0.6503083805878863,4,-0.9237589120867827,-0.9387260222644327,4
2000,MOZ,-0.6240636667117236,-0.6255222176023255,4,-1.0100845975083013,-1.0075700947033772,4
2000,MRT,-0.3478668563718363,-0.3494402715368539,4,-0.2721967439809691,-0.2996574978169573,4
2000,MUS,2.835406977033551,2.845805003073048,4,1.6425214328231197,1.6391127738236582,4
2000,MWI,-0.6121961183280642,-0.6158365858983634,4,-0.19518834152972805,-0.1560684913612144,4
2000,NAM,0.9941604739721965,0.9909572612945785,4,1.3308760976232143,1.332745214847029,4
2000,NER,-0.7895155859664614,-0.7887092991583966,4,-1.4714263296891097,-1.468092603264938,3
2000,NGA,-0.3376311429177157,-0.33004882724024504,4,0.31989919024042723,0.2850842567074135,4
2000,RWA,-0.6638437232744097,-0.6693543855911763,4,-0.727139408639057,-0.7299260023082843,4
2000,SDN,-0.38046739040261535,-0.37550536632705583,4,-0.11935631881766658,-0.17185586559037658,3
2000,SEN,0.3270524774873745,0.31870929523503333,4,-0.5648686164385017,-0.5954193186559541,4
2000,SLE,-0.6166253945750281,-0.6176686451445195,4,-0.49082163061336365,-0.4941451207286979,3
2000,SOM,-0.6325649280691091,-0.6438431205258148,4,,,0
2000,SSD,,,0,,,0
2000,STP,0.8418636458073901,0.8825700526647952,4,,,1
2000,SWZ,0.43151650313924284,0.42360097912878547,4,0.6677415097653966,0.6658809786530326,4
2000,SYC,3.017523334538949,3.0145959237665707,4,2.681147762398343,2.6736017638868796,2
2000,TCD,-0.8262784709049276,-0.827017630970103,4,-1.0785710990467687,-1.0792472927611285,4
2000,TGO,-0.1034300591911523,-0.10247535978706226,4,0.095573780121835,0.09405349515000243,3
2000,TZA,-0.5782366556156264,-0.5796713482870849,4,-0.4940032053598862,-0.4689133997692785,3
2000,UGA,-0.5896656373530096,-0.594052896317338,4,0.13924282559604528,0.1427477849171034,3
2000,ZAF,2.2581773569986012,2.254109975353582,4,1.7510636227654128,1.7526958595954314,3
2000,ZMB,-0.2886475283659843,-0.2945043503572513,4,0.551328095277984,0.5509672800930143,2
2000,ZWE,0.2658436843484662,0.25837228085563774,4,0.8912840379788065,0.8819579818003159,3
2001,AGO,-0.5494204905951746,-0.5474748355313591,4,-0.8134275927085011,-0.8035062644755185,4
2001,BDI,-0.7587983859652891,-0.7609477056989639,4,-1.0368812866153487,-1.04151265433152,4
2001,BEN,-0.22793945894921447,-0.23265561517321184,4,-0.22627653440806877,-0.2536346088539292,4
2001,BFA,-0.615815956386254,-0.6170663644531479,4,-1.1884789215765705,-1.2002996230852467,3
2001,BWA,1.3436422510045993,1.3287878585828874,4,1.6854555036838956,1.696516988050512,4
2001,CAF,-0.8024650523026371,-0.8020744097434823,4,-0.7662076197143293,-0.7817521310616581,4
2001,CIV,0.34823916158890145,0.33902588056257865,4,-0.4045822630542082,-0.4046250978053836,2
2001,CMR,0.06162883525323086,0.05385157643028194,4,0.18455363670186176,0.16650186233959888,4
2001,COD,-0.8712493454392233,-0.8724196991821948,4,0.1376733085173288,0.13643335326129774,2
2001,COG,-0.08203573237086054,-0.10223316039621415,4,0.7400117073242876,0.7369553259360918,4
2001,COM,-0.1430868630971025,-0.12566835005393306,4,-0.08753310846303686,-0.08301738664968845,4
2001,CPV,1.5143892233547604,1.520276797804431,4,0.6832205984673545,0.7275044553072354,4
2001,DJI,0.01554513307168447,0.027962875445688873,4,-1.360014616853392,-1.3653847031097488,3
2001,ERI,-0.38462524952443167,-0.3726197325309192,4,0.19747819090896954,0.20878717157663634,3
2001,ETH,-0.7844318556971921,-0.779825668813187,4,-0.9111728992146607,-0.9182494918113947,4
2001,GAB,1.199350165575725,1.1879680992455564,4,1.1856798372194854,1.1740881483762122,4
2001,GHA,-0.03193250032890357,-0.03087643344683016,4,0.05472576473841891,0.05164525910149078,3
2001,GIN,-0.5739807621629918,-0.5747979051670679,4,-0.7808006551632363,-0.7898153722301146,4
2001,GMB,0.4137411068114235,0.4110746439581168,4,-0.7922538516851981,-0.7877964166691371,3
2001,GNB,-0.5830358914109304,-0.5693901829084723,3,-0.19750106669436007,-0.20534666648625438,2
2001,GNQ,0.19686836841175093,0.1948047184189072,4,-0.0056771756174423356,-0.0175149706782855,3
2001,KEN,-0.15729671984972157,-0.16121180826328171,4,0.3946951500169784,0.4016432744947986,4
2001,LBR,-0.8409434828228436,-0.8365305292752482,3,0.41930776780586093,0.4213075651351661,2
2001,LSO,-0.32777035070859456,-0.34233591827285914,4,0.2932863563729048,0.3006200605605942,4
2001,MDG,-0.5315765691918348,-0.5340024144535976,4,-0.07084726922284511,-0.06071280130458023,3
2001,MLI,-0.6816278587511632,-0.6773885126252606,4,-0.9003839389516878,-0.9145468451246493,4
2001,MOZ,-0.6224147597152567,-0.6262304963405816,4,-1.0059398087543523,-0.999956466077271,4
2001,MRT,-0.061754456886706055,-0.07825796848350255,4,-0.29313131538389886,-0.31583335510142624,4
2001,MUS,2.7642771475646883,2.7740674493109596,4,1.9778820440786151,1.9638499164187326,4
2001,MWI,-0.6813186689991104,-0.6816303053199272,4,-0.16390855148960792,-0.12124350293395275,4
2001,NAM,0.9720705455602587,0.9728357038093315,4,1.392079145710172,1.3951833676981722,4
2001,NER,-0.8381686192764002,-0.8332715927662474,4,-1.5039011753602551,-1.5003074773989147,3
2001,NGA,-0.37118167416772074,-0.3630599703063059,4,0.36308879630822744,0.32435583387850114,4
2001,RWA,-0.6603419080720059,-0.6636003996236903,4,-0.5234514415447094,-0.5282251350753704,4
2001,SDN,-0.28938291534104377,-0.2826408626540043,4,-0.01154483878499838,-0.056741268066293815,4
2001,SEN,0.3925651607342634,0.39175242784937153,4,-0.5477911853171292,-0.5805830331675875,4
2001,SLE,-0.6301256248965641,-0.6309684217745944,4,-0.40336466402438687,-0.40805073509605494,4
2001,SOM,-0.6673762857328771,-0.6735584731393437,4,,,0
2001,SSD,,,0,,,0
2001,STP,0.7896908467042094,0.8343919228110932,4,,,1
2001,SWZ,0.5222026842103005,0.5148244169536703,4,0.6277946423141182,0.6253289226873947,4
2001,SYC,2.970780442857195,2.9718508499450818,4,2.5437014982567128,2.5335947775830787,2
2001,TCD,-0.8731210134691932,-0.873479688408081,4,-1.073568256631344,-1.0713457933163963,4
2001,TGO,-0.08594177916236924,-0.08670143349488876,4,0.15371448095897908,0.15384076217966883,3
2001,TZA,-0.5766172381822117,-0.5792066801576424,4,-0.5175476025876705,-0.490415937257872,3
2001,UGA,-0.5809513931153638,-0.5868786552322782,4,0.20957954495827014,0.21298253917244875,3
2001,ZAF,2.0982353031624483,2.095765402574388,4,1.7417920683410102,1.7444999158749186,3
2001,ZMB,-0.33513156799725163,-0.3379428714478326,4,0.5299795017431771,0.5295482969480508,2
2001,ZWE,0.26263921114455063,0.2609346984037112,4,0.9871637695491543,0.9786106933984149,3
2002,AGO,-0.5007598046780077,-0.4975673299225833,4,-0.8117250583668009,-0.7997416634028705,4
2002,BDI,-0.8237879962544064,-0.8259094648971397,4,-0.9506745501915936,-0.9623362787529985,4
2002,BEN,-0.15611436327683476,-0.16068928483779715,4,-0.14352970779365148,-0.1731153114279007,4
2002,BFA,-0.6743276801406747,-0.6749534359340813,4,-1.1988495528405403,-1.2129606609901389,3
2002,BWA,1.1870415338577989,1.1760831123953646,4,1.666537545489506,1.6766148031997354,4
2002,CAF,-0.8887414845711185,-0.8858253123813243,4,-0.8276835113136545,-0.8405723662538517,4
2002,CIV,0.34124392002082443,0.3322873735516478,4,-0.41267380705668677,-0.4127663571475463,2
2002,CMR,0.0350669017888325,0.02456823844802812,4,0.10243502366844076,0.07836345150263639,4
2002,COD,-0.8308627090161942,-0.8360571104046398,4,0.10444993695247409,0.10319357336656731,2
2002,COG,-0.08210232177146856,-0.10235566359989241,4,0.6115037997145222,0.611065355934636,4
2002,COM,-0.177142344026426,-0.15599629640344798,4,-0.009375687933560594,-0.008896800225225017,4
2002,CPV,1.5122067912774544,1.519602424048464,4,0.9729479644138852,0.99654801297406,4
2002,DJI,0.055344594863051946,0.05848994182964857,4,-1.3355125949800495,-1.3448774358053592,3
2002,ERI,-0.4364683764102557,-0.421064687799051,4,0.17159507646123964,0.18853045677550065,3
2002,ETH,-0.8394529359177311,-0.8322187696237979,4,-0.8877990131164393,-0.8945246849730822,4
2002,GAB,1.2443027438358052,1.2300162814557654,4,1.187658812355046,1.1768003206753288,4
2002,GHA,0.11215348809973372,0.11796448508104504,4,0.07228592596393472,0.06938916732369863,3
2002,GIN,-0.5554928203127307,-0.5547297385828431,4,-0.7505342624177793,-0.7578756362812289,4
2002,GMB,0.4945762049131991,0.48994822492117945,4,-0.8260282042085597,-0.8184227677906838,3
2002,GNB,-0.6478149847499415,-0.6313233337683911,4,-0.146071134054799,-0.15301507902013753,2
2002,GNQ,0.2797847098201206,0.274314238321708,4,-0.021573107791500123,-0.03413783454677153,3
2002,KEN,-0.025788599434119992,-0.030092120762654943,4,0.32712120649879206,0.3350951664068032,4
2002,LBR,-0.9592575959693016,-0.954407502468817,3,0.39311097267037876,0.3950580497862046,2
2002,LSO,-0.005469524400528568,-0.020819831701481096,4,0.2905356489437767,0.3011368699307693,4
2002,MDG,-0.616372183488965,-0.6157266765080179,4,-0.08750593872882466,-0.0746655949450213,3
2002,MLI,-0.719536555520127,-0.7144061715091977,4,-0.916626938515904,-0.9276438757263366,4
2002,MOZ,-0.620186752870024,-0.6240760006393591,4,-0.9811827408339915,-0.9726476040592675,4
2002,MRT,0.0370297628779311,0.014201757315549747,4,-0.3790374482237917,-0.39692212877015,4
2002,MUS,2.708792201358967,2.7201529014957764,4,1.9805834993952178,1.9712212622857483,4
2002,MWI,-0.7090699408429723,-0.7084924216290659,4,-0.20097861742470455,-0.15635838136300875,4
2002,NAM,0.931818485452603,0.9318881562014908,4,1.2513922389738954,1.2605964767496236,4
2002,NER,-0.8453768727137415,-0.8439834893536967,4,-1.5511036556092506,-1.5474867464378728,3
2002,NGA,-0.23959110111219398,-0.23590059593171106,4,0.43660875041974107,0.3965902319111832,4
2002,RWA,-0.7142268592609838,-0.7158578525664641,4,-0.5021750169010155,-0.5092080298710556,4
2002,SDN,-0.1849559525519197,-0.17475518300201098,4,0.004834449703884143,-0.044831266174742854,4
2002,SEN,0.34105026257759596,0.3350561837594541,4,-0.5417432252388537,-0.5749031383765366,4
2002,SLE,-0.6335361510924282,-0.6382276626819183,4,-0.47683392987114265,-0.4805547770296649,3
2002,SOM,-0.7328576381531701,-0.7366649137374371,4,,,0
2002,SSD,,,0,,,0
2002,STP,0.9713245757093213,1.006311851913585,4,,,1
2002,SWZ,0.5028752784418217,0.4985340054066188,4,0.5638570078565912,0.5618198892180911,4
2002,SYC,2.935066969554683,2.940320314865325,4,2.3878577004183574,2.375967447056829,2
2002,TCD,-0.9132697201801558,-0.9113065762904672,4,-1.0863638921540437,-1.082228857101323,4
2002,TGO,-0.08066168103986826,-0.08385955346104501,4,0.20549754832647985,0.20720507476710415,3
2002,TZA,-0.5772459329149628,-0.5834195008508961,4,-0.5455702815443143,-0.5154345131200581,3
2002,UGA,-0.6270773116294256,-0.6317940470537318,4,0.33447863384078746,0.33558899452362817,3
2002,ZAF,2.062269573021717,2.0611703874124174,4,1.8174337111246173,1.8183692460755612,3
2002,ZMB,-0.40125611474651235,-0.40038047517353564,4,0.5222434667557361,0.5218383872765285,2
2002,ZWE,0.22704191258340473,0.2297570772185264,4,0.9094174136823342,0.9008222517607645,3
2003,AGO,-0.47420066765636737,-0.4748325692776756,4,-0.5027058865911045,-0.5196205633511021,4
2003,BDI,-0.9102924921802715,-0.9093987315168931,4,-0.9350337809341898,-0.9477326961358189,4
2003,BEN,-0.22575046343842442,-0.22627859570383357,4,-0.12134509124635184,-0.15135612528511255,4
2003,BFA,-0.6396506589163591,-0.6418325681209633,4,-1.2342872456798788,-1.2491328365468428,3
2003,BWA,1.1270446511518655,1.113053782900872,4,1.6874194127946263,1.6937509580328252,4
2003,CAF,-0.9107579495985242,-0.910853152530065,4,-0.8291484644113124,-0.8364343384502383,3
2003,CIV,0.24510111579898172,0.23702323029652372,4,-0.4267804441082173,-0.4269454142012931,2
2003,CMR,0.03675696350538846,0.02505937099193536,4,0.07969260736755718,0.05796946144290002,4
2003,COD,-0.8268722815044072,-0.8360574513628034,4,0.06843038321961195,0.0671112805071774,2
2003,COG,-0.12993652850257598,-0.15129986597262954,4,0.5341427630320889,0.5351113262093435,4
2003,COM,-0.12319898399086236,-0.10052347347907468,4,0.07390035880093962,0.07345170497675699,4
2003,CPV,1.516377848542865,1.525055226204189,4,0.9788452605373781,0.999075283903146,4
2003,DJI,0.08215042264200487,0.08553035871737953,4,-1.3222454628874452,-1.3324757854915905,3
2003,ERI,-0.5717867320661816,-0.5523951131902254,4,0.09923748145885375,0.12455401694660528,3
2003,ETH,-0.9467022636213476,-0.9350599672304871,4,-0.8389775105115669,-0.8533820231519413,4
2003,GAB,1.2376732052621424,1.2274206077749874,4,1.3064050922137944,1.306703810953332,3
2003,GHA,0.1836914950470105,0.18647874282243432,4,0.027175831797725553,0.024917280932601347,3
2003,GIN,-0.6495379010450157,-0.646702699926916,4,-0.7494224264557174,-0.7559193456224357,4
2003,GMB,0.4882790676518858,0.48238072748005234,4,-0.8664800248873789,-0.8556026847205147,3
2003,GNB,-0.721456639048966,-0.7011361214986647,4,-0.11911286493808551,-0.1251493190091791,2
2003,GNQ,0.24007154956137683,0.23636023310051507,4,-0.03509780156697736,-0.04851194839423502,3
2003,KEN,0.07027174321470887,0.0721098376971996,4,0.3489816208442707,0.360564838071485,4
2003,LBR,-0.8729389795387651,-0.8801554757878339,3,0.3438248679817243,0.3456366270289375,2
2003,LSO,-0.031833591502760494,-0.040400013264861374,4,0.34823473140418876,0.35663838316867585,4
2003,MDG,-0.6001923387272572,-0.5994816957498448,4,-0.09204769601113551,-0.07823557600064861,3
2003,MLI,-0.6181075181520166,-0.6212497769695277,4,-0.8779982273980395,-0.8922829246971379,4
2003,MOZ,-0.6468530837231203,-0.6517660289630994,4,-0.938949720011278,-0.9324428982872206,4
2003,MRT,0.04276130408734166,0.018226471140111077,4,-0.40775781175805603,-0.42544722138233976,4
2003,MUS,2.6935142043958273,2.702972448979115,4,2.022020593387055,2.0149936991005926,4
2003,MWI,-0.7588220258715102,-0.7573983574364611,4,-0.30478223848293545,-0.25954436058132896,4
2003,NAM,0.9565382942905124,0.9550750879108817,4,1.2112668475362016,1.2193088848688616,4
2003,NER,-0.9438616414042241,-0.9405797059478136,4,-1.5328407953619159,-1.5361308698797722,4
2003,NGA,-0.11207080492474085,-0.1086213027710254,4,0.49993416582399297,0.46016794122274507,4
2003,RWA,-0.7607893828810917,-0.7624666236997484,4,-0.46084711970665587,-0.47090728608081983,4
2003,SDN,-0.10338176722758882,-0.0968746269653638,4,-0.05112775391985852,-0.09585640539929675,4
2003,SEN,0.483184252901103,0.4813349303612089,4,-0.5530235155544743,-0.5858543301813827,4
2003,SLE,-0.680350673916194,-0.6867981778580801,4,-0.5204493048622869,-0.5203715623271014,2
2003,SOM,-0.5484815338596122,-0.5508855835815619,4,,,0
2003,SSD,,,0,,,0
2003,STP,1.071817376951659,1.1029537333722033,4,0.15789407869926125,0.1553880287110749,2
2003,SWZ,0.5732920038847868,0.5716222853203745,4,0.5351051045684873,0.5308524807480492,4
2003,SYC,2.7792901277689372,2.782932571647411,4,2.4090361998875163,2.3987706329746494,2
2003,TCD,-0.953116451500915,-0.9494211927150923,4,-1.1173123138451593,-1.1113734838177651,4
2003,TGO,-0.07373360660169205,-0.07739855277613855,4,0.20596472866912566,0.2082322111615075,3
2003,TZA,-0.4692713952743066,-0.4769892192658367,4,-0.5115165704760157,-0.4819659612460485,3
2003,UGA,-0.599367546531153,-0.607282284682735,4,0.39404163299508554,0.3987781043343884,3
2003,ZAF,1.9872873289638973,1.98425550204647,4,1.8310758180678892,1.8316400974933376,3
2003,ZMB,-0.34306208864424415,-0.34062910240399935,4,0.5768954216298439,0.5766692732984583,2
2003,ZWE,0.21304029134351243,0.22157130841840308,4,0.797204756618784,0.7875094800081743,3
2004,AGO,-0.4440799276899945,-0.44783929504459785,4,-0.5940592962561808,-0.6002886743801108,4
2004,BDI,-0.9600566432922258,-0.9557235587066367,4,-0.8907204701150511,-0.9045111329667164,4
2004,BEN,-0.18767258119997063,-0.19118865500632232,4,-0.11110894332240269,-0.1390743559255949,4
2004,BFA,-0.6819021647157515,-0.6843985675539941,4,-1.1834176355301593,-1.2023912842091253,3
2004,BWA,1.0340525928624928,1.01942397654589,4,1.692393343861101,1.6983006404713887,4
2004,CAF,-0.9872607732703547,-0.9844823825009638,4,-0.8982006740382943,-0.9041605013748277,3
2004,CIV,0.19841095216482865,0.19129172690898993,4,-0.45539845388955624,-0.45568113410537603,2
2004,CMR,0.0705440595525332,0.060729689038002584,4,-0.0021281869753187604,-0.026111850102775076,4
2004,COD,-0.8632936142666299,-0.8722851769719278,4,0.019676132615355862,0.01824558636358948,2
2004,COG,-0.06093397915780717,-0.07538565987765394,4,0.585121659421907,0.5872819088710569,4
2004,COM,-0.005062837754982577,0.01631560990745807,4,0.12744920398203463,0.12844110804048658,4
2004,CPV,1.4792905396231226,1.4894151021184927,4,1.0171097528648922,1.0272155481543297,4
2004,DJI,0.06027989275818524,0.0643710432865114,4,-1.283147529178131,-1.2980666466954893,3
2004,ERI,-0.5649854821614009,-0.5488622964198773,4,0.031197787585288666,0.06282743269502557,3
2004,ETH,-1.033327557700953,-1.0162876113439587,4,-0.8006756689712844,-0.8166010050422293,4
2004,GAB,1.2525591275827488,1.2374719094749034,4,1.300755491398665,1.3013533541406417,2
2004,GHA,0.30584083341278806,0.3050145206852994,4,0.07005618619354347,0.06837971144586438,3
2004,GIN,-0.7370757422737605,-0.7314408190829602,4,-0.727480090701897,-0.7339087410147301,4
2004,GMB,0.512008237330556,0.5107308931315244,4,-0.8931269306248968,-0.8812841990019603,3
2004,GNB,-0.49521517634275597,-0.489844976351871,4,-0.08881958526912237,-0.0934917175709269,2
2004,GNQ,0.2504803350899078,0.24842167093420794,4,-0.045182212109844744,-0.05907030274625933,3
2004,KEN,0.056223187544550024,0.05574726426888703,4,0.4101724782576037,0.42549352523318473,4
2004,LBR,-0.9003479714827182,-0.9111762125246696,3,0.28857823896979634,0.2902340206433297,2
2004,LSO,0.026734468735321898,0.017740748552111593,4,0.40585974576933254,0.41305502647360537,4
2004,MDG,-0.7683629342237253,-0.7638207611923137,4,-0.053209128504479564,-0.04251273732120789,3
2004,MLI,-0.6293500148368261,-0.6317831798858771,4,-0.8294070528009949,-0.8471972322920658,4
2004,MOZ,-0.6294273635775957,-0.6330217131167655,4,-0.8852154760690734,-0.8811284093655534,4
2004,MRT,0.03673414043389697,0.010062155060220498,4,-0.4006504720044748,-0.4171505817326729,4
2004,MUS,2.616047173024743,2.6243006135927076,4,2.0550531684230036,2.0453925025062696,4
2004,MWI,-0.8108028927871127,-0.8078533166276706,4,-0.3671516792849522,-0.32483709417207723,4
2004,NAM,0.8985372061155001,0.8969796769831682,4,1.1704162558531197,1.1759291052847507,4
2004,NER,-0.999602616956429,-0.9959479761456631,4,-1.557839057348282,-1.5583941335724685,4
2004,NGA,0.047716150244747665,0.04545368996972638,4,0.5547082214453388,0.5172112186085546,4
2004,RWA,-0.8961256732568259,-0.891972044889502,4,-0.3699263428396188,-0.3814781456730965,4
2004,SDN,-0.05681891525365296,-0.051447173374680105,4,0.049577435127927394,0.0006092580343944916,4
2004,SEN,0.5573627357263261,0.5595823373737663,4,-0.552090906978539,-0.5855103533761733,4
2004,SLE,-0.5800796842845831,-0.591495412492859,4,-0.5276622049398983,-0.5276350403589638,2
2004,SOM,-0.3609742576180653,-0.36484808832313737,4,,,0
2004,SSD,,,0,,,0
2004,STP,1.0624970289961648,1.0932342107582567,4,0.21316947819269794,0.2123170832326413,2
2004,SWZ,0.6361328249623042,0.6317569076465644,4,0.5688716631382257,0.5646999447388406,4
2004,SYC,2.8105806426922237,2.818372089878886,4,2.3600103127072463,2.349377613047874,2
2004,TCD,-1.0375254795918116,-1.0328554186620893,4,-1.1106894490554178,-1.1094083166789737,4
2004,TGO,-0.09519575771533605,-0.09711312326785963,4,0.1956784222829285,0.1984053106350097,3
2004,TZA,-0.500584237323596,-0.5078275169393318,4,-0.4343768343183541,-0.4096299590583007,3
2004,UGA,-0.598177986524486,-0.6043195960921081,4,0.12864063722219227,0.11658449281599761,4
2004,ZAF,1.961074289955381,1.9575783909154045,4,1.8599719648227404,1.8612606208912423,3
2004,ZMB,-0.3389296513768444,-0.3391389474208804,4,0.6296129476976742,0.6295499477881349,2
2004,ZWE,0.12497850495719505,0.13714174015418779,4,1.0782515723602601,1.077750169182316,2
2005,AGO,-0.2686592493686938,-0.27458338877213007,4,-0.5247411995207167,-0.5329341744080341,4
2005,BDI,-0.997499509111951,-0.9912719076564538,4,-0.879995564525101,-0.8898334117528405,4
2005,BEN,-0.2488230168077416,-0.25089395825613303,4,-0.01509084987799277,-0.03929244689507841,3
2005,BFA,-0.7014732042234376,-0.7049790204221512,4,-1.189915979877925,-1.205109224362619,4
2005,BWA,0.9387357758655538,0.9273738955569364,4,1.6394497783156123,1.6476095864101907,4
2005,CAF,-1.0271918480864222,-1.025000371496855,4,-1.0237361960735747,-1.0220755755331277,3
2005,CIV,0.22896218847673047,0.22297514479915598,4,-0.4569171981284623,-0.45738531774862146,2
2005,CMR,0.0856823239637575,0.07650028116167985,4,0.008087507951554967,-0.01882779059080762,4
2005,COD,-0.9580700223282708,-0.9668528213574066,4,-0.0022697716597832596,-0.003882109441901935,2
2005,COG,-0.03665120612381531,-0.050260109813576634,4,0.6844065773641094,0.6955915598826848,3
2005,COM,0.0897877253887641,0.11241410097453812,4,0.09621122385776626,0.09427297693061819,3
2005,CPV,1.443663644324622,1.456045299192356,4,1.0875890152652326,1.0927049137218292,4
2005,DJI,-0.012971083499032064,-0.006937221612478776,4,-1.1915347469973,-1.2155496941437,3
2005,ERI,-0.6060744404934486,-0.5913399278295463,4,0.06513370936686474,0.08848049751409219,4
2005,ETH,-1.0826671857979153,-1.0642512140268479,4,-0.7132757959595759,-0.7258073048136774,4
2005,GAB,1.3712854860382344,1.3584830155464613,4,1.3280054881901884,1.328455186098169,2
2005,GHA,0.20834512381929096,0.20253214061044342,4,0.2710346368202499,0.2580506536657114,4
2005,GIN,-0.847339263831768,-0.8390046240915221,4,-0.5914876921759591,-0.6005882744460265,4
2005,GMB,0.4500308563169946,0.4483190439622663,4,-0.8942311822118097,-0.8812686942602644,3
2005,GNB,-0.40689771427322025,-0.40969532361645405,4,-0.40216828654423564,-0.3950896643071252,4
2005,GNQ,0.23959815483819888,0.23701427287405827,4,-0.0225640352248971,-0.03690486333969224,3
2005,KEN,0.0773105685126693,0.07230590080163614,4,0.36836317778858474,0.3849652361306639,4
2005,LBR,-0.7704279520584366,-0.7772150415634181,3,0.2605075141088357,0.26193910323423847,2
2005,LSO,0.08299625739902114,0.0767871240971598,4,0.4585256209142211,0.46626075747640006,4
2005,MDG,-0.7827154778127843,-0.7775612770485378,4,-0.23375040853832732,-0.23510867651115894,4
2005,MLI,-0.5892357701551729,-0.5948342887730633,4,-0.7811199225501372,-0.7997912191369778,4
2005,MOZ,-0.5648711864500577,-0.5738270664904577,4,-0.7776125777714635,-0.7724338257071616,4
2005,MRT,-0.02596508223400819,-0.05370299111330917,4,-0.46737363598365683,-0.47861729278228665,4
2005,MUS,2.5587863435914078,2.5689506778353786,4,2.1515578728424902,2.1358570231287395,4
2005,MWI,-0.814849045066139,-0.8147205844214482,4,-0.42410426568292453,-0.37911231643435295,4
2005,NAM,0.9217845321134979,0.9177594030498772,4,1.1072190157603952,1.1101742321209822,4
2005,NER,-1.0567352057534587,-1.0553809993756194,4,-1.5482183065163015,-1.5482370244996166,4
2005,NGA,0.3426582046476618,0.34249463683932646,4,0.5519328987997504,0.5138636533353437,4
2005,RWA,-0.9642933371920399,-0.9605476762470946,4,-0.3208359542572614,-0.32898830102658694,4
2005,SDN,0.10238974899591968,0.1138909252519277,4,0.05856526318286013,0.00656923354316899,4
2005,SEN,0.6673452931892498,0.6695493475985811,4,-0.5212676608010262,-0.5540500086126958,4
2005,SLE,-0.6623285216775665,-0.6770533786264914,4,-0.5186837320579779,-0.518720041431285,2
2005,SOM,-0.48483929333904974,-0.48327418357559926,4,,,0
2005,SSD,,,0,,,0
2005,STP,1.0365178461765212,1.065840510678515,4,0.3217590918883914,0.32105951551294526,3
2005,SWZ,0.644156760466055,0.6402681979632694,4,0.49741243539162444,0.5004583712757731,4
2005,SYC,2.7076614890020814,2.718626179406336,4,2.4476514004904213,2.4387950730543797,2
2005,TCD,-1.0743270027538327,-1.0699544445829046,4,-1.1405351029253852,-1.1404273743818865,4
2005,TGO,-0.13344666352723292,-0.13325009674282506,4,0.20279206463863217,0.2058934812925914,3
2005,TZA,-0.48042720264792466,-0.48765915605494253,4,-0.3938477601510695,-0.3687249340265037,3
2005,UGA,-0.5714046567710918,-0.5688734498324369,4,0.11753125536882192,0.10981984632306294,4
2005,ZAF,1.9174020793275668,1.9078710186918275,4,1.8385343674371084,1.839102303291325,3
2005,ZMB,-0.25481226836917303,-0.259536522139489,4,0.7172312209665977,0.7172866241174657,2
2005,ZWE,0.11728901928527805,0.1292309080587784,4,1.0884275778396038,1.0878005447131445,2
2006,AGO,-0.21500496748288034,-0.22394898039924882,4,-0.5609453154207897,-0.5653539329294516,4
2006,BDI,-1.1102930837309248,-1.100108155183216,4,-0.7773596940703955,-0.7821531250150819,4
2006,BEN,-0.22378639574531373,-0.22797939911998538,4,0.023607141334587373,-0.0020332690176652684,3
2006,BFA,-0.7192310185113446,-0.7225416982369599,4,-1.2324074065436237,-1.2469737173425939,4
2006,BWA,0.9586859439551971,0.9478562870407179,4,1.643245385697381,1.6510115360229372,4
2006,CAF,-1.1791154942692592,-1.1713165076924579,4,-1.174573074336325,-1.1649673493030308,3
2006,CIV,0.29915178225609473,0.2920047071365409,4,-0.48490468654692986,-0.4854857526766507,2
2006,CMR,0.128694995921999,0.12269855373833755,4,-0.08174805987468609,-0.11654983404186509,4
2006,COD,-0.9575461021498533,-0.9663125701926453,4,0.012910237372485348,0.006509457425392326,3
2006,COG,-0.013011865388048188,-0.027467816993654314,4,0.663215329077931,0.6743193879701278,3
2006,COM,0.1757123975115382,0.19291579159773084,4,0.09707669429288938,0.09676597857274678,3
2006,CPV,1.3959367081371363,1.4093053140762004,4,1.2595702433040212,1.2705209242217042,4
2006,DJI,-0.1372394771594504,-0.12373105850525656,4,-1.207498896527353,-1.2330914832632656,3
2006,ERI,-0.6835967530156531,-0.6669998217710817,4,0.006331686713576867,0.027094800822316693,4
2006,ETH,-1.0790734416981105,-1.0578524441707557,4,-0.6755052692036483,-0.6852145081542235,4
2006,GAB,1.2550242070830804,1.2437430474673747,4,1.30331487343812,1.3036189173095152,2
2006,GHA,0.44418998536765675,0.4389189476517113,4,0.21311582590940248,0.20741360703085313,4
2006,GIN,-0.570966435080793,-0.5817416017761465,4,-0.3973423673283849,-0.42097841287573773,4
2006,GMB,0.574475532363313,0.5735647053041679,4,-0.9106595620840713,-0.896914111786622,3
2006,GNB,-0.398201181074816,-0.40165819601727104,4,-0.35885916148856206,-0.3523315924225262,4
2006,GNQ,0.13407141880942047,0.13452113856608816,4,0.3991325821091253,0.39675085766239604,2
2006,KEN,0.07895056552708377,0.07273474625621587,4,0.3657046553292483,0.38269570188076024,4
2006,LBR,-0.8197412833119723,-0.8298761723195912,3,0.1891830482355125,0.19040887322683042,2
2006,LSO,0.07213622409437824,0.06601301431307291,4,0.4118083433893613,0.4198427905015777,4
2006,MDG,-0.7451635723669827,-0.7432143878261805,4,-0.2570708986623239,-0.25759694829942936,4
2006,MLI,-0.5511468404104117,-0.560343315680375,4,-0.7624085354673968,-0.782409174161079,4
2006,MOZ,-0.6100131372701553,-0.6203806818931976,4,-0.6917298944130221,-0.6936999044577099,4
2006,MRT,0.024228901833097803,-0.0015787432038364504,4,-0.4749677503612517,-0.488105979006889,4
2006,MUS,2.461560202751295,2.4733374318450183,4,2.1207583897062143,2.100192959133636,4
2006,MWI,-0.8898511631237651,-0.8887132494281722,4,-0.4581207635913063,-0.410896879681936,4
2006,NAM,0.8615366107512727,0.8575957471719573,4,0.9722651319296246,0.9769533354087611,4
2006,NER,-1.09914966648699,-1.0954008192807436,4,-1.6086822527452844,-1.6064558508312048,4
2006,NGA,0.4884501477562637,0.48882691368589926,4,0.4567813491183573,0.4198310767760803,4
2006,RWA,-0.8713316931303585,-0.8600244058797178,4,-0.2018590102231731,-0.2136259131535431,4
2006,SDN,0.2916812399387683,0.2981124636926874,4,0.03589304002079917,-0.02051551653570219,4
2006,SEN,0.7183163707507892,0.7178919367527844,4,-0.5444790409807152,-0.5757396254223759,4
2006,SLE,-0.7282164417853731,-0.7421490444829325,4,-0.5338805884012587,-0.5339012566725061,2
2006,SOM,-0.6412961335828337,-0.6349253707303185,4,,,0
2006,SSD,,,0,,,0
2006,STP,0.9819952152049842,1.0095510027711476,4,0.313825319151512,0.3130769303241604,3
2006,SWZ,0.5450722322864368,0.5420134164833329,4,0.5427649636728443,0.5528223908838734,4
2006,SYC,2.70298723388018,2.717947422560259,4,2.246246920846217,2.232825214613303,2
2006,TCD,-1.0221732371751133,-1.0204904361864946,4,-1.1638538643594867,-1.1647809201991173,4
2006,TGO,-0.10549375372386086,-0.10624183403906076,4,0.25691235014277114,0.2551647455148419,4
2006,TZA,-0.45019865896708966,-0.46120919393730564,4,-0.42006860866904533,-0.39138645250984316,3
2006,UGA,-0.5518185564484706,-0.5468224521770426,4,0.06093606010732697,0.056170453042409696,4
2006,ZAF,1.797202776564996,1.788676930617301,4,1.8382879201767184,1.8396903741966961,3
2006,ZMB,-0.24149358105727656,-0.2483584754559326,4,0.7700446171865822,0.7702471515797562,2
2006,ZWE,0.019157920574127255,0.0325648060848011,4,1.0591832028348893,1.0584361922219352,2
2007,AGO,-0.14804128675213918,-0.15769861510850985,4,-0.48974619439914235,-0.4967930444846703,4
2007,BDI,-1.2003454802478681,-1.1857190936409718,4,-0.7318823984988887,-0.7315523501549813,4
2007,BEN,-0.11012721542907819,-0.11831993464046882,4,0.07058916831190139,0.04408029629336574,3
2007,BFA,-0.670927068538715,-0.6765477973167486,4,-1.2683199140979,-1.2796599238356157,4
2007,BWA,0.994391570697331,0.9842354818747242,4,1.5743935926776282,1.5860738119474362,4
2007,CAF,-1.0635598386608434,-1.0652838050212907,4,-1.1267202104304372,-1.1241042837528763,3
2007,CIV,0.2910908470756442,0.2785577203107503,4,-0.04187803074365071,-0.07836056143629745,3
2007,CMR,0.204681551876693,0.2014262184909039,4,0.05510551503347585,0.030250360652903534,4
2007,COD,-0.9485848121445913,-0.9557246863517498,4,-0.12075775630554511,-0.12523390303210344,4
2007,COG,0.006549064154799805,-0.0057016357141843775,4,0.6212673363302674,0.6344442029168089,3
2007,COM,0.2684163153592773,0.28585096654687014,4,0.08362906878465724,0.08710338941660847,3
2007,CPV,1.4059049365802299,1.4203958268095773,4,1.1980106489304096,1.20711693953902,4
2007,DJI,-0.09204694321944032,-0.07628961551430301,4,-1.2421927985909447,-1.2672980513003071,3
2007,ERI,-0.7769921489626919,-0.7562783432904423,4,-0.10007269757685956,-0.08221248055464699,4
2007,ETH,-1.1541723570360878,-1.1267429084987672,4,-0.6362554848937281,-0.640816732777045,4
2007,GAB,1.1367606435064939,1.1246775492470167,4,1.2880205115202523,1.2882315969478368,2
2007,GHA,0.5096838064944903,0.5064061128628955,4,0.3326784804687559,0.32758361279705045,4
2007,GIN,-0.5142569855272714,-0.5287606093973324,4,-0.2810991538283464,-0.3154508695923695,4
2007,GMB,0.6855414959908696,0.6790939918246567,4,-0.9357899403158214,-0.9197664305015034,3
2007,GNB,-0.4708495848792845,-0.48044050646453956,4,-0.3794716443490246,-0.37784351900069685,2
2007,GNQ,0.061063628149979496,0.0656685161346033,4,0.4190901114073804,0.4167673296402293,2
2007,KEN,0.18286230843469475,0.17729066081184558,4,0.3735451171205787,0.39406137089270604,4
2007,LBR,-0.9083990968310274,-0.922679437330963,4,0.1284947668371775,0.12954091143093188,2
2007,LSO,0.05515703195207425,0.050531681567012876,4,0.46377165549089544,0.46841182771326206,4
2007,MDG,-0.6977223375032082,-0.7009396866123866,4,-0.22878476483946825,-0.22721064922723944,4
2007,MLI,-0.5086541128424892,-0.5192021144359033,4,-0.7276751044203998,-0.7451320574553175,4
2007,MOZ,-0.6819212332685655,-0.6902057603394702,4,-0.5450233181433622,-0.5503878899810692,4
2007,MRT,0.11432792133859168,0.0920720245441625,4,-0.5421296260284731,-0.5571845184936137,4
2007,MUS,2.4296926859821326,2.4437870871134693,4,2.0666434909964195,2.049190276702231,4
2007,MWI,-0.7384463219336439,-0.7336838822489354,4,-0.5338560149604832,-0.48358111026807293,4
2007,NAM,0.8482958481652598,0.8455814984221505,4,0.9768071156772649,0.9792228301170892,4
2007,NER,-1.0606011475841506,-1.057434705533608,4,-1.6875607650200906,-1.6805983580341726,4
2007,NGA,0.45580657058107094,0.45982103038324657,4,0.33994243119105616,0.30611163311785433,4
2007,RWA,-0.7696572426212067,-0.75853990043947,4,-0.1548941353880884,-0.1617582428236949,4
2007,SDN,0.3222211317116882,0.32686500336609975,4,-0.07273280216683613,-0.12427996251735313,4
2007,SEN,0.6397128837103196,0.6425181833457714,4,-0.48672674073774747,-0.5145172676283957,4
2007,SLE,-0.8004900182146432,-0.8119659176143119,4,-0.5364051898785014,-0.5363850564643317,2
2007,SOM,-0.7479946880531307,-0.7346509990937886,4,,,1
2007,SSD,,,1,,,0
2007,STP,0.9573559270374559,0.9822619586172588,4,0.3368272549881361,0.33663979315053155,3
2007,SWZ,0.590972042789536,0.5868710169854894,4,0.6035892650530106,0.6177705297052315,4
2007,SYC,2.603400167977867,2.6208790595955427,4,2.3524484230597045,2.342543298050971,2
2007,TCD,-0.9402229196861898,-0.9400128134050514,4,-1.1509298582096137,-1.1486043258937568,4
2007,TGO,-0.04940399169857573,-0.05174475710805314,4,0.11973846483724945,0.11428113416990958,4
2007,TZA,-0.44646204619680785,-0.4565630399859462,4,-0.4542534393874362,-0.4206241510794823,3
2007,UGA,-0.33381941972300466,-0.3303867255002532,4,0.04194981947101087,0.04171849392843036,4
2007,ZAF,1.704439657041282,1.699285741901011,4,1.8825911164914528,1.883822030423069,3
2007,ZMB,-0.30086991213651565,-0.30944008378616283,4,0.8354012361603196,0.8358023475687194,2
2007,ZWE,0.0029130095325258787,0.01862151924410238,4,1.037388508700746,1.0365696936450526,2
2008,AGO,-0.1641522528138922,-0.17278975039585065,4,-0.4865674414872979,-0.4984243794301426,4
2008,BDI,-1.2034286304343196,-1.1900339216602205,4,-0.7160695264487671,-0.7151433936391525,4
2008,BEN,-0.07160210242750106,-0.084850081513312,4,0.012088241264690769,-0.008673971293456047,3
2008,BFA,-0.6188232395586848,-0.6258811725764442,4,-1.2612977596122046,-1.2759001867716855,4
2008,BWA,1.0043280809197783,0.99591298326618,4,1.5747122148385198,1.5743484447187266,4
2008,CAF,-0.9748285077992724,-0.9754238099688273,4,-1.1152632820917845,-1.1186858239897883,3
2008,CIV,0.36414262108109036,0.3521155310408967,4,-0.16023387300738057,-0.1907066086707008,3
2008,CMR,0.2453823225411063,0.2440361323678309,4,0.12504849515557068,0.10366490059279809,4
2008,COD,-0.9928725589594859,-1.0009741631002214,4,-0.051303680685239036,-0.059288583606546603,4
2008,COG,0.047704889842101444,0.038035151210830016,4,0.5776496977210325,0.5924125137826382,3
2008,COM,0.2982963130202592,0.3167380708018806,4,0.12464619660059229,0.1262581750598777,3
2008,CPV,1.60405015686982,1.617227405600614,4,1.239344514498705,1.246131840979492,4
2008,DJI,-0.04620357234929262,-0.03039376310068935,4,-1.3031490221755166,-1.3277400882354853,3
2008,ERI,-0.8621453466770137,-0.8373305438632859,4,-0.18951474667772195,-0.1731244018488958,4
2008,ETH,-1.2049272747357522,-1.1751717475490928,4,-0.6672408756299797,-0.6710347472456005,4
2008,GAB,1.1332791074840651,1.1270519364021672,4,1.2635312813101773,1.2636309156362984,2
2008,GHA,0.39178090701422097,0.3849999261355171,4,0.42840243193291067,0.4177519466423864,4
2008,GIN,-0.5228147076534876,-0.5364616670137456,4,-0.32878556135018966,-0.36537503353611583,4
2008,GMB,0.691320047751173,0.6836883595567778,4,-0.691559182447322,-0.6608045651328633,4
2008,GNB,-0.4332115111439364,-0.4465198617709295,4,-0.40597596978158607,-0.4044595661426496,2
2008,GNQ,-0.03575353432435559,-0.027093447762948482,4,0.4304322489132989,0.4281518647182856,2
2008,KEN,0.2605560932133576,0.2560041353075882,4,0.40548487240115705,0.4309408942829272,4
2008,LBR,-0.962343901285747,-0.9786387210483862,4,0.06588976766855016,0.06681936370291257,2
2008,LSO,-0.0314069561370108,-0.034464627700846226,4,0.4664914719672352,0.467471681369213,4
2008,MDG,-0.4405859618337308,-0.4464977341688738,4,-0.2738916551732203,-0.2704384401426179,4
2008,MLI,-0.44752607359213425,-0.453545467417458,4,-0.7374425087481123,-0.754619815141244,4
2008,MOZ,-0.6265559802851131,-0.6319845539779309,4,-0.5430279324483893,-0.5502280436934752,4
2008,MRT,0.2347728656297543,0.21290401411250534,4,-0.6996207384806357,-0.7174088460983299,4
2008,MUS,2.331661714035277,2.348495511556669,4,2.0534066355890976,2.0372353850172145,4
2008,MWI,-0.9191492173713651,-0.9168333868904747,4,-0.5137866405716354,-0.46792339107483194,4
2008,NAM,0.8059463226201622,0.8036278550675833,4,0.9689232368650145,0.9699819648823579,4
2008,NER,-0.9124412599593617,-0.9130727950843803,4,-1.7728586958143688,-1.7691012448066836,4
2008,NGA,0.4497178268979165,0.45177924758231947,4,0.2448769049652572,0.21533379468750688,4
2008,RWA,-0.626742124592298,-0.6171292238190019,4,-0.21005706218259143,-0.2173462321797708,4
2008,SDN,-0.1491688089079877,-0.16342533609668652,3,-0.07767329586146822,-0.12879166047330695,4
2008,SEN,0.5990735268647234,0.5995219520733047,4,-0.43278983613144495,-0.46480248787332085,4
2008,SLE,-0.8848333762701651,-0.8950283250348081,4,-0.5599767096947952,-0.5598984510428787,2
2008,SOM,-0.8850457462252347,-0.8648541904662954,4,,,0
2008,SSD,,,1,,,1
2008,STP,0.9706101549041783,0.991788076076138,4,0.2494166164581729,0.2467553170812572,3
2008,SWZ,0.7134733580216184,0.7130408526618608,4,0.6108286705364598,0.6258271102999416,4
2008,SYC,2.5189352799484377,2.537124364602778,4,2.2658607968768587,2.254252532213564,2
2008,TCD,-0.8593814220324992,-0.8603880981240326,4,-1.1976779280620358,-1.1958543491871367,4
2008,TGO,-0.026428251193684124,-0.026106029644501413,4,0.156924558640371,0.14956990332765027,4
2008,TZA,-0.4935897595799002,-0.5063954447408275,4,-0.4454241952946189,-0.4113860231477758,3
2008,UGA,-0.25225071281544964,-0.2558811357716695,4,0.2176152560062802,0.24023965337222358,3
2008,ZAF,1.5811254216138577,1.5793240790472525,4,1.8687474088698703,1.8692255045248143,3
2008,ZMB,-0.2723806378988428,-0.278469263730015,4,0.7860926528380079,0.7863666894507919,2
2008,ZWE,-0.03352110431876014,-0.015812657765799234,4,1.0065032094129196,1.0055909228395645,2
2009,AGO,-0.1195517378578356,-0.1257386949217047,4,-0.43167364715494005,-0.4443423774529158,4
2009,BDI,-1.1689973338809412,-1.1615059435235957,4,-0.6572684557809205,-0.6524958318049232,4
2009,BEN,-0.03579517995972696,-0.05106956151864545,4,0.09437297224345309,0.06969415429559353,3
2009,BFA,-0.6596732739072513,-0.6662494749034703,4,-1.229216761164274,-1.2427174561190595,4
2009,BWA,0.93154735885691,0.9196631215208683,4,1.674153668856534,1.6576107511684264,3
2009,CAF,-0.8753660340641211,-0.8765272338006564,4,-1.225382048503613,-1.232021771978841,4
2009,CIV,0.24665528075306273,0.23177673304105437,4,-0.2493749330933405,-0.2745256199462571,3
2009,CMR,0.33499986405594245,0.33406396690878337,4,0.2654460477875332,0.2477998958077232,4
2009,COD,-1.1331652290235148,-1.1345419490822284,4,-0.026126131265656515,-0.035173923512511036,4
2009,COG,0.10193298612066437,0.08557464362329895,4,0.5380022940198318,0.5541010112170294,3
2009,COM,0.3110784024968461,0.32973807713078346,4,0.1637488609110551,0.16439222145060464,3
2009,CPV,1.6318368965680787,1.650968651515954,4,1.2626765932698727,1.2657081794854723,4
2009,DJI,-0.0030226793919193654,0.019922410083485564,4,-1.2631319616632404,-1.292054298209994,3
2009,ERI,-0.9127497034062914,-0.8853730561503906,4,-0.24659070086484589,-0.2302776674366381,4
2009,ETH,-1.167140395609841,-1.1420475646426593,4,-0.6051729944952756,-0.6177469565224171,4
2009,GAB,1.1340489957902846,1.1304784421766587,4,1.2302335172795946,1.2302151936464998,2
2009,GHA,0.5028863541319901,0.49666458208188446,4,0.4126410679641354,0.4058895063870806,4
2009,GIN,-0.5844097621261664,-0.599335140087597,4,-0.36958237568036545,-0.40126380140089346,4
2009,GMB,0.6396850567245831,0.6332072731833358,4,-0.7108859676486323,-0.6786264375897924,4
2009,GNB,-0.5868187466598946,-0.6000195882960054,4,-0.41543192465100787,-0.41404926010012605,2
2009,GNQ,-0.1331995810054702,-0.12075580043756756,4,0.4488275753985394,0.446627167572934,2
2009,KEN,0.14945604931521772,0.14481063914621178,4,0.4138942090219464,0.4420822361893189,4
2009,LBR,-0.8111248189154451,-0.8205101880644287,4,0.012641516546077827,0.013437847633641326,2
2009,LSO,-0.12157108488464383,-0.12340839892157608,4,0.5455401677785374,0.5477690478653577,4
2009,MDG,-0.5014457526564462,-0.50898472530201,4,-0.2501086305360753,-0.24399982977622864,4
2009,MLI,-0.47702916421633734,-0.4834100341661012,4,-0.6953391865863596,-0.709767303323659,4
2009,MOZ,-0.5457451024257141,-0.5491117136907424,4,-0.5310834112980817,-0.5357615715677566,4
2009,MRT,0.1624707514156135,0.14387995339730933,4,-0.6833958505494024,-0.6966014005096437,4
2009,MUS,2.253229090402882,2.2710505388100612,4,2.0964268772930246,2.0816629151738075,4
2009,MWI,-0.8587919082885239,-0.8594819593707236,4,-0.4726947304766809,-0.42956916544328677,4
2009,NAM,0.9013067343125966,0.8941918522752804,4,0.9975901739932271,0.998111793332754,4
2009,NER,-0.9468045644083083,-0.9482840736003633,4,-1.7647482845521947,-1.7627380160531072,4
2009,NGA,0.4213367839334503,0.42460819395586163,4,0.1822192493338917,0.1594057091721131,4
2009,RWA,-0.3070195388461392,-0.2983959031123482,4,-0.0819783095571075,-0.0879544848049101,4
2009,SDN,-0.05468702220623368,-0.06663384893479152,3,-0.08072112197327788,-0.12490682721248096,4
2009,SEN,0.6295165226358643,0.6289808645165856,4,-0.42433469533395357,-0.45049359950351126,4
2009,SLE,-0.9641465260048558,-0.972350921449475,4,-0.5624348608365581,-0.5622948024783133,2
2009,SOM,-1.0303673746681068,-1.0043553975310697,4,,,0
2009,SSD,,,1,,,1
2009,STP,0.9756925795064113,0.9904214375895649,4,0.14400952559560293,0.16372445431957766,4
2009,SWZ,0.6958323676614444,0.6950815227732994,4,0.6486722419436423,0.6662554776776893,4
2009,SYC,2.512236148360861,2.5288380520247196,4,2.275261399096519,2.2650384774514474,2
2009,TCD,-0.8386919590401584,-0.8404371764441256,4,-1.1787467882021485,-1.17319901529804,4
2009,TGO,0.02496657739377041,0.02336448983093877,4,0.2299815921349857,0.22391501730432997,4
2009,TZA,-0.4651025885469062,-0.47864321224393785,4,-0.4235516345079493,-0.38910528124036786,3
2009,UGA,-0.37754040712421066,-0.37934630023086563,4,0.1746117276755718,0.19621952478326654,3
2009,ZAF,1.5297681892699835,1.5308727796660422,4,1.9561331956525505,1.957781049175084,3
2009,ZMB,-0.315094910897304,-0.32086250109409103,4,0.7350743675345647,0.7352124895379019,2
2009,ZWE,0.21099473492609672,0.2168797448341204,4,0.9713348494144025,0.9703395392311417,2
2010,AGO,-0.17595223979474695,-0.18060916609203131,4,-0.36109571047851347,-0.3726481911295401,4
2010,BDI,-1.0896795260361916,-1.0891262844967204,4,-0.627257804324768,-0.6211221444911296,4
2010,BEN,0.07237466957961479,0.055397679817072436,4,0.22592377452182522,0.19452380905343086,3
2010,BFA,-0.5151369069122027,-0.5216988796957096,4,-1.2205209342401355,-1.2300653554857093,4
2010,BWA,0.948736665980203,0.9338205971546742,4,1.5401813718108706,1.5307014110224533,3
2010,CAF,-0.9489794645924992,-0.9489676239438485,4,-1.2227754191969953,-1.2277859511542466,4
2010,CIV,0.2413603159458743,0.22741064701855085,4,-0.3307472806348972,-0.34759163952609357,3
2010,CMR,0.2907244844410265,0.29244870441415893,4,0.4212429018772842,0.4028212963288554,4
2010,COD,-1.1559304237486094,-1.156125879324913,4,-0.02649753172671311,-0.036222135927477764,4
2010,COG,0.10428827070803914,0.08647466153544972,4,0.5676179315615728,0.5819624346060006,3
2010,COM,0.336259811920531,0.355042468634802,4,0.25746545552391836,0.25404788707189196,3
2010,CPV,1.716350375521501,1.735299624536684,4,1.3183812109994884,1.3200777366329428,4
2010,DJI,0.05355976009703442,0.07929354908039266,4,-1.281534338723606,-1.30438417791575,3
2010,ERI,-0.9437930267061961,-0.9153346466592674,4,-0.2951412209681009,-0.2822517406735395,4
2010,ETH,-1.1084409575399992,-1.086373779210006,4,-0.53912374142308,-0.5590094700580306,4
2010,GAB,1.1099012246440112,1.108734191527145,4,1.2057884761280895,1.2056252523885826,2
2010,GHA,0.5288995375692436,0.5251992445543278,4,0.49002127830601194,0.48336774183118886,4
2010,GIN,-0.6516974431260887,-0.6657838853996031,4,-0.3618313403276261,-0.3946100181939981,4
2010,GMB,0.6141359804714791,0.6090225712439696,4,-0.7692458953598807,-0.7361835030870405,4
2010,GNB,-0.706150074995731,-0.7207968311942742,4,-0.40091866899144135,-0.39958776815237,2
2010,GNQ,0.2292045186144391,0.2397289021945071,4,0.5057140111789326,0.5036588431813781,2
2010,KEN,0.0036887209619066996,-0.0045583502216791395,4,0.3831195780949732,0.40885370584322384,4
2010,LBR,-0.7237694293766076,-0.735925481261141,4,0.17543826605243,0.16088180647946118,3
2010,LSO,-0.1105237672918221,-0.11859634357382824,4,0.6133801944036789,0.6168904611474946,4
2010,MDG,-0.6422745937745874,-0.6516920452605567,4,-0.28391318331139676,-0.27477923408704835,4
2010,MLI,-0.3503963794827848,-0.3631054979350394,4,-0.6866050045511887,-0.6972684834801846,4
2010,MOZ,-0.4731558784416272,-0.4729430610583838,4,-0.49302132069750404,-0.4994506599606945,4
2010,MRT,0.26228215824910367,0.24559357687903302,4,-0.689653887429819,-0.7040725549312005,4
2010,MUS,2.189917007762366,2.2082358989941766,4,2.08278100270798,2.068888362159379,4
2010,MWI,-0.7309983075996821,-0.7266630776066278,4,-0.475813083397702,-0.43417432139199913,4
2010,NAM,0.997135328652343,0.9931886625073273,4,1.0115214339028344,1.0103251812702008,4
2010,NER,-0.9339493918071666,-0.9375826609617155,4,-1.768803448522827,-1.7629080713835459,4
2010,NGA,0.3056132096919446,0.308566893088495,4,0.14497497770220608,0.12834425048841888,4
2010,RWA,-0.3607886636133698,-0.3579274641646576,4,-0.010405583222501541,-0.013490268861971785,4
2010,SDN,0.09447311900637761,0.08827978447117062,3,-0.13144835039319983,-0.17388759185442076,4
2010,SEN,0.6296012863679032,0.6281842216033061,4,-0.43187892010226947,-0.45137097147418914,4
2010,SLE,-0.9316098466808884,-0.946364835949817,4,-0.5289470752724328,-0.528635134223053,2
2010,SOM,-0.928010740292662,-0.8927157876572309,4,,,0
2010,SSD,-1.290535597934964,-1.288607305690568,3,-0.8206596115949708,-0.8245925201843763,2
2010,STP,0.9696374990582989,0.9825080202268193,4,0.09224197861777589,0.11278488074809322,4
2010,SWZ,0.7487043309315995,0.750937510336677,4,0.7202354092146181,0.7427466322939836,4
2010,SYC,2.2999501869761927,2.314114095188381,4,1.6946406025869962,1.6914572592089532,3
2010,TCD,-0.8858005130834473,-0.887648491677756,4,-1.2457398467500405,-1.2389621472849348,4
2010,TGO,-0.2646106961929319,-0.26894345516089824,4,0.2999971969239213,0.29455142871364537,4
2010,TZA,-0.45258154610302465,-0.4651533760703723,4,-0.44434685390946504,-0.41959815798621763,4
2010,UGA,-0.329988618980605,-0.3342541889508292,4,0.06298078500331479,0.090173348280251,3
2010,ZAF,1.646738746504135,1.6556160233294257,4,1.9595120774810113,1.9614952974998168,3
2010,ZMB,-0.3525913136301156,-0.3584875709560862,4,0.7002015187769398,0.7002149416959139,2
2010,ZWE,0.3647925183512406,0.3619961433127544,4,0.6973648114437561,0.7168652613715315,3
2011,AGO,-0.18913221387599477,-0.19337803083502608,4,-0.2371315451590082,-0.24884448278961124,4
2011,BDI,-1.1948353517553132,-1.191303953404599,4,-0.64723967580495,-0.6360801491928568,4
2011,BEN,0.10298948890313223,0.08851624359527517,4,0.16597935696799693,0.1446277149914627,4
2011,BFA,-0.4839556521206991,-0.49243584147115566,4,-1.1480637514595324,-1.1585474302878842,4
2011,BWA,1.0563845555233302,1.0405342030751208,4,1.4509027356087791,1.4458304235939123,3
2011,CAF,-1.0696100803044197,-1.0644778350730877,4,-1.1806372387927704,-1.1863343302757487,4
2011,CIV,0.157748802373754,0.14308699183923704,4,-0.7313579533517748,-0.7173843623068245,3
2011,CMR,0.31647576093048735,0.31828970324430933,4,0.5059890457016518,0.4889888803474707,4
2011,COD,-1.123408461407472,-1.1219133353879256,4,0.02164358734649017,0.011784648219103766,4
2011,COG,0.05267370502810978,0.03651851904910997,4,0.614730447431523,0.6255176227594369,3
2011,COM,0.316117730878836,0.3331321142378117,4,0.3446978136809544,0.3364048536202882,3
2011,CPV,1.6460962508493875,1.6648343288769643,4,1.382635085274896,1.3812371646284078,4
2011,DJI,-0.04008582379557774,-0.012499477852771447,4,-1.1527070779878998,-1.1860176435626326,3
2011,ERI,-1.0072897185079273,-0.9762879459320392,4,-0.34747208907668276,-0.3325453575494608,4
2011,ETH,-1.0220439974526332,-1.008239440454053,4,-0.5373104188094592,-0.5564485833904758,4
2011,GAB,1.1793541061800108,1.1717786866648743,4,1.2050922509419735,1.2047078890664065,2
2011,GHA,0.5282371606998315,0.5227002300258008,4,0.5768141415635839,0.5688711871069583,4
2011,GIN,-0.5687400039093755,-0.5796204577950405,4,-0.3682976509887018,-0.3995588581232022,4
2011,GMB,0.529079674822297,0.528644956805341,4,-0.9305184003264878,-0.9218609970062012,3
2011,GNB,-0.7128027892218034,-0.7244675187210258,4,-0.4103274495407695,-0.40911240891029826,2
2011,GNQ,0.3272205171653761,0.34347300417440774,4,0.5264853643362986,0.5245164151783585,2
2011,KEN,0.09667564748884927,0.09136351470896348,4,0.43927101967306137,0.46251804318626133,4
2011,LBR,-0.7383953025512894,-0.7524300492930632,4,0.12556961993207294,0.10911610743075625,4
2011,LSO,0.045528018144938405,0.04005609638259564,4,0.6705878020889484,0.6722046421757174,4
2011,MDG,-0.7024836053112774,-0.7101014417959818,4,-0.275238843769094,-0.26578000915799793,4
2011,MLI,-0.3088790860149797,-0.3271974435803469,4,-0.7288811737092541,-0.7328463803755575,4
2011,MOZ,-0.5530145545202232,-0.5499884224505092,4,-0.5351039012655884,-0.5421890178989358,4
2011,MRT,0.2501736258203047,0.23161301483721322,4,-0.6613704157934532,-0.6750400105585859,4
2011,MUS,2.1445662271450314,2.1626054372390855,4,2.108831288142934,2.0943753436973243,4
2011,MWI,-0.7151983337482727,-0.7087480625525788,4,-0.46177456397860667,-0.4218164363294051,4
2011,NAM,0.9081185198064664,0.9016217823954759,4,1.076375992243452,1.073595252298824,4
2011,NER,-0.9744117210487104,-0.9786983857741387,4,-1.779357946557749,-1.7705828776508659,4
2011,NGA,0.29436794295325386,0.29998059734707877,4,0.16162163608992414,0.14497184081087264,4
2011,RWA,-0.44732159404685734,-0.44788478894839123,4,0.07019545047687262,0.06580705452712998,4
2011,SDN,0.1548416366402001,0.14376201904604366,3,-0.26318735322360426,-0.30887612885335797,4
2011,SEN,0.6007076767165839,0.6000604616961212,4,-0.21662325908175298,-0.2399559754884561,4
2011,SLE,-0.9542626885739033,-0.9640978314611441,4,-0.4442295039092865,-0.4398988291988547,3
2011,SOM,-0.7616967658684248,-0.742294669726572,4,,,0
2011,SSD,-1.3650279430866747,-1.3590661410553904,3,-1.1157398771033196,-1.1263067521854835,3
2011,STP,0.9068944624918995,0.9195832015626331,4,0.16836441218877204,0.17705644063456694,4
2011,SWZ,0.9240806300179323,0.9329397067868718,4,0.7851798244602761,0.8089391689875648,4
2011,SYC,2.291680564710087,2.304928782189851,4,1.030817741943972,1.096243821783778,4
2011,TCD,-0.9407983105223369,-0.9430935969657122,4,-1.2133564169608868,-1.2043716205086183,4
2011,TGO,-0.27031517578458675,-0.26958260844330356,4,0.3763616811474863,0.3714932218500133,4
2011,TZA,-0.4949951636906493,-0.5091213139520915,4,-0.4165941412654228,-0.40095385559324664,4
2011,UGA,-0.27611493641259627,-0.28215667176068016,4,0.045527013196833645,0.0697480130075578,3
2011,ZAF,1.7250299830832136,1.7314975237300683,4,1.9753206623555097,1.9782361783564923,3
2011,ZMB,-0.2815869739596976,-0.29263036092818767,4,0.2023255807380667,0.23707528728924876,3
2011,ZWE,0.33881698250675635,0.3354231747651985,4,0.6620853831142465,0.6816091077714532,3
2012,AGO,-0.10036342143171256,-0.09824881331374694,4,-0.14354255201039823,-0.1572484492848615,4
2012,BDI,-1.2891879246014324,-1.2862809605417231,4,-0.651574913016174,-0.6411367035254462,4
2012,BEN,0.06890198643291173,0.055109450912863026,4,0.17021970183394736,0.15136652227559305,4
2012,BFA,-0.44691907791681407,-0.4582384856134068,4,-1.0891532590559883,-1.1024587996398922,4
2012,BWA,1.2117974616915184,1.2016221764616843,4,1.423664644951672,1.4164731734509863,3
2012,CAF,-1.119552060310466,-1.1147547703665777,4,-1.2078856172731227,-1.2149909172413802,4
2012,CIV,0.17357819938078872,0.1629161036433874,4,-0.4760756243851378,-0.48071709095640597,3
2012,CMR,0.44567169580410004,0.4481150296336336,4,0.5240847001524287,0.5103206180820041,4
2012,COD,-1.085464049928531,-1.0849398305534035,4,-0.07021079485661517,-0.08064083313387929,4
2012,COG,0.022156771805303788,0.006003351188514087,4,0.5128706227473828,0.5119217353063349,4
2012,COM,0.35350384140014646,0.36702649647287444,4,0.3504333310706853,0.34274355318816524,3
2012,CPV,1.6316169751868328,1.6508078162501298,4,1.2365057313193097,1.2401622346955494,4
2012,DJI,-0.059627338572808455,-0.028834017331593992,4,-1.515622571538406,-1.517505549176324,2
2012,ERI,-1.0204107024024642,-0.9903025352769778,4,-0.3886753407184487,-0.3752723276854233,4
2012,ETH,-0.7754790269227461,-0.7603542830514473,4,-0.5637644377879307,-0.5826750105189162,4
2012,GAB,1.2141275451564473,1.2091050859806807,4,1.180422978699755,1.1797818751325042,2
2012,GHA,0.48119413171951864,0.4727136089422779,4,0.5007061631149261,0.4948249251862792,4
2012,GIN,-0.6182021934720107,-0.6283499190090421,4,-0.47604517269488333,-0.5032451536513065,4
2012,GMB,0.5707169667190974,0.5722947319259164,4,-1.1704861650341905,-1.141729915494321,3
2012,GNB,-0.6555814363104067,-0.6737841801810127,4,-0.413716843323533,-0.4126090320697997,2
2012,GNQ,0.2810629422646609,0.30105312504675463,4,0.5469467455746575,0.5450909431601827,2
2012,KEN,0.07779100405160386,0.07379229487778503,4,0.44664167426569523,0.46548405758164524,4
2012,LBR,-0.7144548610396309,-0.729100730442286,4,0.031115667086766982,0.011253780538555252,4
2012,LSO,0.17243572147478298,0.16634644136990506,4,0.6419679530068008,0.642148532552015,4
2012,MDG,-0.7387959428143274,-0.7421634584033995,4,-0.29213871313884854,-0.28446688998203984,4
2012,MLI,-0.2697814431145918,-0.2927894002599003,4,-0.7268879789835653,-0.7407500777536795,4
2012,MOZ,-0.603565729333409,-0.5999832113160137,4,-0.5812521903822074,-0.5920078423584801,4
2012,MRT,0.24307492980641032,0.22175848114734617,4,-0.5834340370703585,-0.5964159534459578,4
2012,MUS,2.138426064190144,2.1540218599037457,4,2.084849490792867,2.074286101842212,4
2012,MWI,-0.6760733257263066,-0.6681262541447622,4,-0.6039125924822617,-0.5584126909282456,4
2012,NAM,0.8946471069678967,0.8918416980863358,4,0.997025819957968,0.9938253522013845,4
2012,NER,-1.0193072357417616,-1.0228803239312234,4,-1.6825626289237083,-1.6808343943432518,4
2012,NGA,0.23131052227624296,0.23521936294959098,4,-0.017141854969035347,-0.0199342429985874,3
2012,RWA,-0.3541914900221042,-0.35662088349919197,4,0.02900329388743539,0.027396613343415276,4
2012,SDN,0.1327621177617748,0.12243751524742186,3,-0.2705434296916404,-0.30971564070921165,4
2012,SEN,0.6105813528601743,0.6073092771421681,4,-0.22231498558073326,-0.24108055822776797,4
2012,SLE,-0.8521424944895957,-0.8533046538126431,4,-0.4457868445495417,-0.44051941167419023,3
2012,SOM,-0.8037586786867137,-0.7872412142385863,4,,,0
2012,SSD,-1.3526819344186234,-1.3485185850726658,4,-1.1315876074903326,-1.142728664751393,3
2012,STP,0.8151087837063815,0.8282766004347927,4,0.28214917317195476,0.28726401822260444,4
2012,SWZ,0.8012993645161639,0.8105862235091849,4,0.7270281416147768,0.752811740443676,4
2012,SYC,2.207278498257884,2.2200033590934534,4,1.1220436632123003,1.2091436232863446,4
2012,TCD,-1.0028905170159708,-1.0066364193400845,4,-1.1648937358616949,-1.1646179133091286,4
2012,TGO,-0.27443006683502846,-0.2755793461189332,4,0.3428354808508509,0.3366681401059019,4
2012,TZA,-0.5243264610714935,-0.5359621367008652,4,-0.39642519374297525,-0.39217965863882787,4
2012,UGA,-0.399720634755757,-0.40254636647276276,4,-0.06023491848232868,-0.0327346121198484,3
2012,ZAF,1.758752465989792,1.7669452724402002,4,1.8046723583992534,1.8220665356233152,4
2012,ZMB,-0.25169942046679566,-0.26593755672667,4,0.16208689736863868,0.19509339679707882,3
2012,ZWE,0.5040015474213607,0.4978850515268173,4,0.7863288892903292,0.8136126862642887,4
2013,AGO,-0.0590339890400358,-0.05013616429348504,4,-0.05404457509729099,-0.06564202941375763,4
2013,BDI,-1.3487941800151138,-1.3440279038398104,4,-0.6097222619058066,-0.59788073512066,4
2013,BEN,0.011472916846869347,-0.004429022760369382,4,0.25053570857135854,0.2322847918564437,4
2013,BFA,-0.4344203390874183,-0.4442608977011052,4,-1.0973923739587865,-1.1058445860454746,4
2013,BWA,1.3574655428253408,1.3521229811558286,4,1.4837379966672017,1.4711053468823652,3
2013,CAF,-1.147607017871926,-1.1436163192167605,4,-1.2599432817541112,-1.2652621791910734,3
2013,CIV,0.2520259256277436,0.24511953311508117,4,-0.3715888742796382,-0.38313123368514096,3
2013,CMR,0.50758136001255,0.5098398412548643,4,0.5808885657435164,0.5657189173950786,4
2013,COD,-1.0353840305944468,-1.038689286325421,4,-0.17848855905026764,-0.1793295918294788,4
2013,COG,-0.0053541703164351195,-0.021881862804428526,4,0.5640694222948203,0.580320681929693,3
2013,COM,0.3230947018089328,0.3339976199169471,4,0.319173939591101,0.3249273611832245,4
2013,CPV,1.6060622761111503,1.6213860284230215,4,1.3076816495416974,1.3124221543545167,4
2013,DJI,-0.023377974099127147,0.010861080480508427,4,-1.5011799702722801,-1.5031241404998816,2
2013,ERI,-1.0795674711775587,-1.0469617607553245,4,-0.48964538556332976,-0.472726292300525,4
2013,ETH,-0.7036372925780758,-0.6863925169727384,4,-0.6782968651668647,-0.6904895917097761,4
2013,GAB,1.1460729524015796,1.1406881060492162,4,1.2030327712656175,1.2022854252617923,2
2013,GHA,0.6401456889483564,0.6352270347320791,4,0.6329818110099781,0.6326363473029838,4
2013,GIN,-0.4524910697724469,-0.46434171138318786,4,-0.4885457318383043,-0.5133703482456875,4
2013,GMB,0.5847494621764098,0.5835898629177976,4,-0.7821251650482621,-0.7826131149431291,2
2013,GNB,-0.7746593895625498,-0.7866531958882271,4,-0.3975157595878189,-0.3964503902109336,2
2013,GNQ,0.18645880031879597,0.2106036860149826,4,0.5870740461571902,0.5853876639858343,2
2013,KEN,0.03795783614368731,0.03662289822713579,4,0.4616652158864831,0.48163277317862324,4
2013,LBR,-0.7500951500669368,-0.7627655314719828,4,-0.22961135003507738,-0.23251639830000073,3
2013,LSO,0.3083940154731412,0.30391256002677125,4,0.5145034575220782,0.5166707826562049,4
2013,MDG,-0.8740503683858896,-0.8717991389333761,4,-0.35770284790333773,-0.34656629128798055,4
2013,MLI,-0.09808172900213277,-0.12527094796814817,4,-0.8572022134559705,-0.8654449278484998,4
2013,MOZ,-0.5498533341357705,-0.5518456213316223,4,-0.45579468466637485,-0.45697483266637656,4
2013,MRT,0.17011245377313888,0.15162351963562526,4,-0.5666383859149323,-0.5744593375259629,4
2013,MUS,2.091028392200984,2.1064422635646616,4,2.068899287493369,2.058129538396629,4
2013,MWI,-0.9122165637489295,-0.9053907676007199,4,-0.6736977792102052,-0.6196073996788153,4
2013,NAM,0.9406640770619987,0.9327350912946709,4,0.9753169110183803,0.9738140700680162,4
2013,NER,-1.0087538372759886,-1.0149017629159887,4,-1.6592889512725146,-1.6580922540274277,4
2013,NGA,0.2309936823668019,0.2351185450355268,4,0.0948293335077945,0.09544741749137481,3
2013,RWA,-0.38476794676720283,-0.3887584235565459,4,-0.43963112213831934,-0.447660382949154,4
2013,SDN,0.08316387980505338,0.07709785322285836,3,-0.22503965910216817,-0.2642138464160866,4
2013,SEN,0.6153102670421112,0.6112414742259477,4,-0.22850659870644593,-0.24350126406883355,4
2013,SLE,-0.646162718631921,-0.6577516847604701,4,-0.5640322344853865,-0.561714938979439,3
2013,SOM,-0.5913101633861919,-0.5924570112962758,4,,,0
2013,SSD,-1.3147458164580506,-1.309005495259364,4,-1.159453764344794,-1.1706200749379885,3
2013,STP,0.75457152041735,0.7695819263197894,4,0.37271270296473297,0.38408381730388,4
2013,SWZ,0.8195889710209743,0.8288684966359348,4,0.6963376218316312,0.7286380450619065,4
2013,SYC,2.11398304213792,2.1269375778461566,4,1.2742285154806159,1.3454954416768232,4
2013,TCD,-1.0652462069911623,-1.0646608556914834,4,-1.162496145042207,-1.1589290737559999,4
2013,TGO,-0.23214951786991495,-0.2365663905359889,4,0.326469352685957,0.3237748926543763,4
2013,TZA,-0.5979991176333844,-0.6063744947442692,4,-0.5342844453048843,-0.523896459735653,4
2013,UGA,-0.5431498510879172,-0.5467844742713783,4,-0.07999035845970193,-0.04990514544277336,3
2013,ZAF,1.6740583357802639,1.6788790451061353,4,1.8479758186145419,1.8693067813684725,4
2013,ZMB,-0.2771205322773607,-0.28696338367464064,4,0.5630632414515045,0.5627716415994432,2
2013,ZWE,0.47586464748399515,0.47015842457341334,4,0.4323607785262647,0.4438179602178043,4
2014,AGO,-0.039954105231681025,-0.027089544508698275,4,-0.021430473788723085,-0.02653741874322575,4
2014,BDI,-1.394469785295818,-1.3956767822837906,4,-0.5417963606928999,-0.5290711042548808,4
2014,BEN,-0.06590904404377645,-0.07592324136248389,4,0.19368715682095528,0.17624776241470783,4
2014,BFA,-0.4296144857253155,-0.4397639215318504,4,-1.0800165419254264,-1.0863606683469018,4
2014,BWA,1.3515948229939696,1.346654787421282,4,1.4068952963201857,1.3961160253682967,3
2014,CAF,-1.303135628755419,-1.2932458527863908,4,-1.2442638409155469,-1.250034252602179,3
2014,CIV,0.29673195474167546,0.2900434182406732,4,-0.3778028000509441,-0.3859445575465361,4
2014,CMR,0.6574775609367564,0.6638066471223377,4,0.6310215793910946,0.6174370325444373,4
2014,COD,-0.9788451387690151,-0.9867008353355363,4,-0.17125345929006433,-0.16683768339812535,4
2014,COG,-0.05256059391526502,-0.06955619181919286,4,0.5776504982895188,0.5924460884401512,3
2014,COM,0.3008531402374789,0.3107020675840949,4,0.31377276433825285,0.3204964629922527,4
2014,CPV,1.609872701258017,1.6191408097619784,4,1.21862650040788,1.2190311631750186,4
2014,DJI,0.02405695724544235,0.057775210938011454,4,-1.4504762043833515,-1.452394989160523,2
2014,ERI,-1.0960629128575405,-1.065742383432467,4,-0.5525233852767137,-0.533407198468748,4
2014,ETH,-0.6454595136720603,-0.6276735514947778,4,-0.7727098925471507,-0.7787883173588223,4
2014,GAB,1.1305226518577203,1.1256323982341525,4,1.1784319022824938,1.177459968045395,2
2014,GHA,0.704482743224176,0.7007760811464984,4,0.5216096839982769,0.5130180929373249,4
2014,GIN,-0.38906445030061576,-0.4015584361149114,4,-0.4793810052766787,-0.5032118683451955,4
2014,GMB,0.5825426082013252,0.5763968210330046,4,-0.761461972294821,-0.7619306973115817,2
2014,GNB,-0.7832067852407305,-0.7985064340862918,4,-0.397358353216042,-0.3963988957874619,2
2014,GNQ,0.10576240775868812,0.13241527254152105,4,0.6026470879557522,0.6010692157001143,2
2014,KEN,-0.03243571730469327,-0.0333033690159547,4,0.4782922548616908,0.49716481626289805,4
2014,LBR,-0.6362517226643749,-0.6509409441315366,4,-0.29008772878087785,-0.29420004467584676,3
2014,LSO,0.40131387607121854,0.3954017304186701,4,0.45411236580533565,0.457271036691943,4
2014,MDG,-0.7807180187626849,-0.778108275026335,4,-0.37643293301662123,-0.3664621723348789,4
2014,MLI,0.08617692249712405,0.06079774108577583,4,-0.8955899094849709,-0.8977356923340268,4
2014,MOZ,-0.42551308254313525,-0.43708372276887336,4,-0.4757443169671569,-0.47908130564082435,4
2014,MRT,0.20094932114305958,0.19070672969244942,4,-0.6057274107638573,-0.6112438120087732,4
2014,MUS,2.075318433044342,2.0892002628557282,4,2.0676532694354157,2.0590892327445003,4
2014,MWI,-0.961504661574716,-0.9538155335128146,4,-0.7366075291091004,-0.6776806677279176,4
2014,NAM,0.8493143066224178,0.8429427979996176,4,0.9410476385621598,0.9373545518769266,4
2014,NER,-1.0326712319295162,-1.04148745568111,4,-1.5809877632127245,-1.5806255535339488,4
2014,NGA,0.14884416947630533,0.1513871815710891,4,-0.04938040887400885,-0.054337492726354165,3
2014,RWA,-0.3307225220653306,-0.3360395248153623,4,-0.09127548793124686,-0.0905697010372379,4
2014,SDN,0.03238309480292847,0.029295246810462323,3,-0.2554424773316965,-0.2913430169625927,4
2014,SEN,0.6436552033130929,0.6406250590823578,4,-0.24319506568980903,-0.25694741891316086,4
2014,SLE,-0.5216339897402197,-0.5332493135344886,4,-0.5878760785287579,-0.5854959897939789,3
2014,SOM,-0.6814128418350416,-0.6825319613639399,4,,,0
2014,SSD,-1.3807715104250822,-1.3730581669627926,4,-1.1498277076040015,-1.160748234125822,3
2014,STP,0.7018992200712468,0.717636611536539,4,0.5066779243752917,0.5248329585911201,4
2014,SWZ,0.8016183601625771,0.8111545924892333,4,1.0555822780693223,1.0565253200465077,3
2014,SYC,2.070977676123538,2.081264767812205,4,1.6391279485636976,1.6936521227034382,4
2014,TCD,-1.1016091700805983,-1.1026251803806513,4,-1.169668978718862,-1.1675068985666632,4
2014,TGO,-0.23603895624958182,-0.23893176831418558,4,0.2932703946587541,0.29352338166383135,4
2014,TZA,-0.46641343068899727,-0.47320619148722654,4,-0.6553864370693414,-0.6465885772238866,4
2014,UGA,-0.5016700135828556,-0.5060831114262938,4,-0.09049615258490873,-0.061056337768588834,3
2014,ZAF,1.593566692223348,1.597627412413688,4,1.844972835247232,1.8691363067579636,4
2014,ZMB,-0.3526810710918339,-0.3585458948317465,4,0.5063786438689482,0.5059631882322564,2
2014,ZWE,0.25851133404017723,0.2566515914682867,4,0.5584963240376926,0.574173891359855,3
2015,AGO,-0.0541172754502332,-0.03762403125415689,4,0.14133331240007227,0.1449500040634862,4
2015,BDI,-1.192712870032853,-1.2022400112741336,4,-0.46918931972804195,-0.4577901670700255,4
2015,BEN,-0.022341195076789215,-0.029037741142725476,4,0.11169044769340314,0.10453688981860201,4
2015,BFA,-0.5327560030856174,-0.5471993963124365,4,-1.0288134326042933,-1.0305018960254837,4
2015,BWA,1.3116007317897918,1.3061378220903959,4,1.374313261934388,1.3647305693054466,3
2015,CAF,-1.3622325142335585,-1.3527586161901874,4,-1.2331947838535406,-1.239130267465842,3
2015,CIV,0.670454393337067,0.6736407753319463,4,-0.33438228381070256,-0.34083026159342344,4
2015,CMR,0.6095667852349702,0.6157525664575785,4,0.6186968643592272,0.6079237813467023,4
2015,COD,-1.0091856663861796,-1.0140608398334185,4,-0.17517050402287926,-0.16711104346469924,4
2015,COG,-0.08927804428610438,-0.10722363054400488,4,0.5940714731508331,0.6092517708385559,3
2015,COM,0.17845444696393306,0.18548717667301928,4,0.3617910307901925,0.3596987574724845,4
2015,CPV,1.591032123216221,1.600838671374496,4,1.1056591948258971,1.110442360015313,4
2015,DJI,0.047235846496319456,0.08309659679667505,4,-1.4221863642882981,-1.4240653032609798,2
2015,ERI,-1.1438990602641228,-1.1147958210585436,4,-0.7472788593797484,-0.7268577367646943,4
2015,ETH,-0.4289131623584418,-0.4133906595499352,4,-0.8914747014263215,-0.8882826300043976,3
2015,GAB,1.095029069560314,1.0934061100573957,4,1.188938647953666,1.187863672169881,2
2015,GHA,0.7118038984677875,0.7051424193281662,4,0.534725130015713,0.5300623842335742,4
2015,GIN,-0.2767310161292722,-0.2919260310115507,4,-0.7844524242912847,-0.7832446713127473,2
2015,GMB,0.5782204226869613,0.567658382924466,4,-0.7443327728104898,-0.7447185281576422,2
2015,GNB,-0.6660220889503428,-0.6785984228630401,4,-0.4095213807777517,-0.4084939007203451,2
2015,GNQ,-0.0037672758969148207,0.024686533156447303,4,0.6376519625671638,0.6362611958030446,2
2015,KEN,-0.06391131948558862,-0.06752752344350964,4,0.4968807304672653,0.5153598377422275,4
2015,LBR,-0.47212215911422406,-0.48394137072145665,4,-0.3123590465775136,-0.31681313449480863,3
2015,LSO,0.3489233755990408,0.3440764463939774,4,0.3673086855421705,0.375042809680672,4
2015,MDG,-0.8235788084373884,-0.8215983125193108,4,-0.40703935986895673,-0.39532194227457373,4
2015,MLI,0.12126317960466709,0.10108324055238439,4,-1.017538022404322,-1.0180159613523876,4
2015,MOZ,-0.4781133953784962,-0.4911877119035887,4,-0.47885250812051344,-0.48245359124727355,4
2015,MRT,0.20264391770021667,0.19762067097302782,4,-0.6364412947923189,-0.6401019542138263,4
2015,MUS,2.0858632273051936,2.098352741155541,4,1.875476343120359,1.8688877631440237,4
2015,MWI,-1.0243495309347201,-1.0198356859978623,4,-0.7630368250382726,-0.7046184567513981,4
2015,NAM,0.9147257087294398,0.9157024150559928,4,0.9005270325107277,0.8976431551006847,4
2015,NER,-0.9864262114591263,-0.9918572988731497,4,-1.4988847816203204,-1.5010455459126364,4
2015,NGA,0.10125977016128535,0.10244801863915388,4,-0.01965719455610469,-0.02497843145786978,3
2015,RWA,-0.3696083694471969,-0.37704604716537143,4,-0.21704230335086802,-0.21824704220750446,4
2015,SDN,-0.1273978710675231,-0.1285849164658991,4,-0.30313104094457927,-0.3353996421940979,4
2015,SEN,0.612147776447286,0.6100876424554956,4,-0.32347360764912947,-0.3353704959567752,4
2015,SLE,-0.5212818310331624,-0.5373286786742233,4,-0.610830148298999,-0.6083795093857004,3
2015,SOM,-0.777541279422358,-0.7788265293948018,4,,,0
2015,SSD,-1.4590610359174545,-1.4498078007174826,4,-1.1460494001661383,-1.1564504144886663,3
2015,STP,0.7763857395817849,0.781645575657408,4,0.7244108592692061,0.7393857319137325,4
2015,SWZ,0.7238728259990177,0.7326548613502432,4,1.1018186810370774,1.1021795000262822,3
2015,SYC,2.0041452940871887,2.01560588878555,4,1.8810739826357217,1.909061888478185,4
2015,TCD,-1.190296751791098,-1.1898936583626731,4,-1.2764789707440987,-1.2732749681709143,4
2015,TGO,-0.26479381921860734,-0.2673907954348042,4,0.2779533668628278,0.28035002314284413,4
2015,TZA,-0.35577286406311937,-0.3648218062701969,4,-0.760678896921258,-0.7552931962838689,4
2015,UGA,-0.6285027134169787,-0.631596302867177,4,0.28819307709634456,0.28854711470824423,2
2015,ZAF,1.6173194889510971,1.6188431236875325,4,1.8226868162935603,1.849895105573368,4
2015,ZMB,-0.28931345356550675,-0.2952350656575421,4,0.4743581936741212,0.4739286103664816,2
2015,ZWE,0.31207956398339876,0.3113670266062926,4,0.6138868516259649,0.6260024968468384,3
2016,AGO,-0.1362667404408497,-0.11863219707590919,4,0.23007030352279817,0.23278053429137202,4
2016,BDI,-1.22646461654591,-1.2403194393484342,4,-0.5356502648550612,-0.5159093373558505,4
2016,BEN,-0.06024101688262916,-0.06455928930467998,4,0.018768445479965347,0.011627976390296621,4
2016,BFA,-0.5615585689113985,-0.5790458231171361,4,-0.9690231694698233,-0.9740869165719852,4
2016,BWA,1.2294405783481914,1.2248276938871736,4,1.2367633917667538,1.2350855147058246,3
2016,CAF,-1.4173288019935604,-1.4103639247004283,4,-1.262081455862411,-1.2692062535175304,3
2016,CIV,0.6857407438686083,0.6864864406739564,4,-0.28102260966389714,-0.28808061234078597,4
2016,CMR,0.594810116513288,0.5999540425109419,4,0.46078508497510445,0.4605153274465663,4
2016,COD,-0.963920762639767,-0.9535203952593534,4,-0.1512461810039017,-0.14235288357441309,4
2016,COG,-0.12382155667585637,-0.1440698209554484,4,0.6285823165244647,0.6418570039078688,3
2016,COM,0.155670783031105,0.15909688545012424,4,0.397759825865346,0.3867920202001443,4
2016,CPV,1.6051108827623337,1.6156197657445603,4,1.0592210937354196,1.0629488160741725,4
2016,DJI,0.14683773788956053,0.18109574441544865,4,-1.3784950154990128,-1.3803249938226734,2
2016,ERI,-1.162828884545243,-1.138733541971585,4,-0.8054328303935052,-0.7859263203395108,4
2016,ETH,-0.20374176277850484,-0.19244121364134764,4,-0.9859823320277112,-0.9852509487087421,2
2016,GAB,1.0797662433207624,1.0764146810776527,4,1.1725284390737731,1.1713811847367965,2
2016,GHA,0.7858061804290382,0.7776747403275869,4,0.475921993060508,0.47049468863984517,4
2016,GIN,-0.25591472542302945,-0.2705656291557505,4,-0.6620004948162248,-0.6610409862003366,2
2016,GMB,0.5422088941023967,0.5299418448824919,4,-0.718430765286268,-0.7187512652831625,2
2016,GNB,-0.4789067901534652,-0.48629419131678076,4,-0.417902735791042,-0.41683800922555403,2
2016,GNQ,-0.007608464140468479,0.018047531432741088,4,0.6811827676699751,0.6799136412263288,2
2016,KEN,-0.008701267776607763,-0.013439356289269358,4,0.5734413257199642,0.5844009461713887,4
2016,LBR,-0.4798254859409157,-0.48395981551433714,4,-0.33851043336468206,-0.34398327184740757,3
2016,LSO,0.4278021993581692,0.42240828133756375,4,0.3185959083831425,0.3223191779920048,4
2016,MDG,-1.0253612672028907,-1.016093947294723,4,-0.4585449925324162,-0.4498843485711228,4
2016,MLI,0.10232982962619903,0.08781714441513054,4,-1.165534164756117,-1.1557403126066512,3
2016,MOZ,-0.6689514132799532,-0.6740244737695245,4,-0.4862644454062408,-0.49384853559881353,4
2016,MRT,0.16924378460089842,0.16424252955004737,4,-0.7171184487836875,-0.7213866737524324,4
2016,MUS,2.080468948536366,2.090961459657317,4,1.8021383333596188,1.7959577240139686,4
2016,MWI,-1.0539655867336517,-1.0541091732116923,4,-0.7483792053204541,-0.7017285659930942,4
2016,NAM,0.9056396977217376,0.9057520211879615,4,0.8778847598613753,0.8723726561270116,4
2016,NER,-0.9902649655912781,-0.9871590974429222,4,-1.4421069290602309,-1.4463878612286174,4
2016,NGA,0.13032963798565816,0.13095748526969828,4,-0.08253322600832608,-0.09147696023362416,3
2016,RWA,-0.33271179991331024,-0.3400637766727203,4,-0.21209895851390387,-0.2149471980174203,4
2016,SDN,-0.12536790625667105,-0.1259551221163936,4,-0.7233898364667878,-0.7204397394142794,3
2016,SEN,0.6242898443314813,0.6226706185102342,4,-0.3619393771454305,-0.37599778460340744,4
2016,SLE,-0.49792544320737653,-0.5173824065810092,4,-0.6237528839111319,-0.6211653780582002,3
2016,SOM,-0.8016107230702266,-0.8087825291397375,4,,,0
2016,SSD,-1.5118691671299158,-1.5034636593530757,4,-0.9003395304770184,-0.9036009984341585,2
2016,STP,0.7137205213021912,0.7193123326626111,4,0.7621619480401255,0.7712830478743953,3
2016,SWZ,0.7154867472418905,0.7214670126681746,4,1.1732258471783765,1.1744481714987638,3
2016,SYC,1.9629186929953208,1.9730329620296614,4,2.202717637166386,2.223870615406551,4
2016,TCD,-1.134887863107438,-1.1329202383205013,4,-1.256047205207207,-1.257318909217261,4
2016,TGO,-0.18402064256884468,-0.18831549087091345,4,0.30440026012270605,0.30306207791464906,4
2016,TZA,-0.2905080830082229,-0.29754841123732945,4,-0.8356737541424997,-0.8319853722913276,4
2016,UGA,-0.5516367882318551,-0.5587591835841822,4,0.29709702389121306,0.29735658260750186,2
2016,ZAF,1.557042078063443,1.5597790896016908,4,1.6892181318378081,1.7144655958898458,4
2016,ZMB,-0.28413042318260767,-0.2910865766950993,4,0.4500607489756343,0.4495618712811015,2
2016,ZWE,0.3256773753038242,0.3240484166475307,4,0.7541351763924821,0.7525489029630369,2
2017,AGO,-0.2429141066725508,-0.2254186805427378,4,0.2567862626218899,0.2540919237284025,3
2017,BDI,-1.207803662023293,-1.2238001856046021,4,-0.5832352159265815,-0.5637968110121323,4
2017,BEN,-0.19169164336272304,-0.19502924849145253,4,-0.13098644491309577,-0.1362273197765481,4
2017,BFA,-0.5356872197673882,-0.5578090527210113,4,-0.8976044514014138,-0.8994791834424187,4
2017,BWA,1.218472852370093,1.2142325414554433,4,1.130564450954873,1.1338556328871974,3
2017,CAF,-1.4659576785521173,-1.455173841760095,4,-1.1954614539280846,-1.20149845696239,3
2017,CIV,0.7387966033597291,0.7354845235038594,4,-0.22661978807590563,-0.22997205925077946,4
2017,CMR,0.56052220681892,0.5637789149840094,4,0.35902263059793776,0.35843592733204405,4
2017,COD,-0.9226729369286254,-0.9173533717831415,4,-0.12645485889069238,-0.11331234092151898,4
2017,COG,-0.20127741860768694,-0.21953484015515426,4,0.6190830108677149,0.6334142586834292,3
2017,COM,0.1923770715391393,0.1957951898635514,4,0.4175381894933688,0.4034090747604682,4
2017,CPV,1.6217857477385307,1.6320184871074108,4,0.9913819237164649,0.9970976646589932,4
2017,DJI,0.383945818190928,0.42351941484673167,4,-1.3064725783503048,-1.3082182868540926,2
2017,ERI,-0.952210297383234,-0.9327655791954971,4,-0.6419906153368276,-0.6381674082957982,3
2017,ETH,-0.38527700463615283,-0.3656220822662754,4,-0.970981396947396,-0.9701267473863375,2
2017,GAB,0.9951198751035049,0.9952368506744669,4,1.146955172043913,1.1457013408391368,2
2017,GHA,0.8253506684128428,0.8212408336186536,4,0.41978436639880173,0.41562932726179636,4
2017,GIN,-0.17183448145443697,-0.18476634487027924,4,-0.741703369542154,-0.7403525861954556,2
2017,GMB,0.5035457712419394,0.48986357434797284,4,-0.6780376906834868,-0.6782977007492919,2
2017,GNB,-0.44135079678270894,-0.45150419506251555,4,-0.4187127243830059,-0.41764063524160977,2
2017,GNQ,-0.06268945949627674,-0.03493824943151202,4,0.7192067479694317,0.718027049575486,2
2017,KEN,0.021133690890387552,0.013930922889942033,4,0.5618409954315149,0.5762213725933377,4
2017,LBR,-0.5519087990237405,-0.5502924853832758,4,-0.3014201284279492,-0.3070078610557724,3
2017,LSO,0.23222047292080816,0.22365009439859734,4,0.32086600287730094,0.32850339568317277,4
2017,MDG,-1.0469418609781598,-1.0382739857941472,4,-0.4624087005895158,-0.45401108435497595,4
2017,MLI,0.1303439130366009,0.1151320149858823,4,-1.1493005756078725,-1.1404550837592522,3
2017,MOZ,-0.858348246056351,-0.8556529300966393,4,-0.5222094831127612,-0.5254519498853546,4
2017,MRT,0.21242194440007248,0.2044853914445728,4,-0.7696311953259496,-0.7688316751999539,4
2017,MUS,2.08111366205174,2.0904994020555776,4,1.7030416763557916,1.6974878266017412,4
2017,MWI,-1.0440669797218278,-1.045520979784677,4,-0.724852399401877,-0.680310994695812,4
2017,NAM,0.9277423159860718,0.9293340530354252,4,0.8325326268214106,0.8287120658814265,4
2017,NER,-0.810630757834814,-0.8046125815017002,4,-1.4085642641208227,-1.4102962285634129,4
2017,NGA,0.007085929496741555,0.009265333290798525,4,-0.06419217486313772,-0.07260362131869606,3
2017,RWA,-0.3130799893308684,-0.31825111734063594,4,-0.23760506484012905,-0.23540725899667653,4
2017,SDN,-0.07595577414158869,-0.07427691217153895,4,-0.6726494393257944,-0.6687744528960233,3
2017,SEN,0.5935363050548901,0.5913702240895818,4,-0.4209812992715302,-0.4343725950157343,4
2017,SLE,-0.45893003400815335,-0.4785917605428388,4,-0.6275342345753918,-0.6249846481226327,3
2017,SOM,-0.8073181081079877,-0.8154311620156633,4,,,0
2017,SSD,-1.5236869800488622,-1.5175448000106124,4,-0.8900568146638215,-0.8931988805272437,2
2017,STP,0.7312873543939347,0.7391503858879734,4,0.8147354260876741,0.8266102945173813,3
2017,SWZ,0.8122165902865246,0.8196116513848002,4,1.1793013399861678,1.1800724952841624,2
2017,SYC,1.9670345814314505,1.974186682835937,4,2.59571022684596,2.613340884433191,4
2017,TCD,-1.1274518186637745,-1.1285494802804437,4,-1.2528943915209316,-1.2538346630859798,4
2017,TGO,-0.16452639168703775,-0.1712956779223911,4,0.29466221266728454,0.2969971430810503,4
2017,TZA,-0.35438852548195515,-0.36106245553746125,4,-0.7430724764715276,-0.7423385088999509,4
2017,UGA,-0.5228808440815773,-0.5306267948822182,4,0.2838567449172842,0.2840560573456646,2
2017,ZAF,1.5830356265030674,1.5829346656009131,4,1.6479813689463105,1.6728560917469746,4
2017,ZMB,-0.20853452561449587,-0.21698446450207154,4,0.42608117816794727,0.42548898782586786,2
2017,ZWE,0.31092733922045424,0.30596210734846985,4,0.7231482262059505,0.7215327642927798,2
2018,AGO,-0.2583408290728348,-0.23917715656565972,4,0.25333795315536706,0.25039009367745274,3
2018,BDI,-1.1910600414615917,-1.2070768218510746,4,-0.6164543254028076,-0.600491179070604,4
2018,BEN,-0.20240733462248975,-0.2080332975578596,4,-0.19080644057856194,-0.19989621743626815,4
2018,BFA,-0.6036207624771077,-0.6288576234336025,4,-0.8275407018072586,-0.8302574382200877,4
2018,BWA,1.2195041917641227,1.2144631589615926,4,1.1221837501226835,1.1242580618446631,3
2018,CAF,-1.4642685672420472,-1.455599190065723,4,-1.0437472418699687,-1.044937700375953,2
2018,CIV,0.671809822847023,0.6649547274548049,4,-0.18739176792491333,-0.19090860720723354,4
2018,CMR,0.5392046028276499,0.5479595617400388,4,0.34137684116584494,0.3340145192624312,4
2018,COD,-0.9791561331464492,-0.9747313240921763,4,-0.08666647255946111,-0.07252171742289891,4
2018,COG,-0.19900036259373372,-0.21457399979614203,4,0.6286190915472915,0.6444320303011428,3
2018,COM,0.1779748476873824,0.18145777595314444,4,0.39404976832510646,0.3944976919251242,3
2018,CPV,1.6113799649671523,1.621937465277076,4,0.9459924993931823,0.9497001264507172,4
2018,DJI,0.3946481567857554,0.4330107953306367,4,-1.3053287930715776,-1.307184192582976,2
2018,ERI,-0.678478129811566,-0.6652255318230693,4,-0.6448044046554428,-0.6407256256077077,3
2018,ETH,-0.4429217667226165,-0.42455941727266333,4,-0.9745045690477089,-0.9735748916978841,2
2018,GAB,1.0515359500695693,1.050217622795492,4,1.1527328484283839,1.1515511330710149,2
2018,GHA,0.8651332181927838,0.8589585711040655,4,0.4454703337266865,0.44317201593223565,4
2018,GIN,-0.09227207146785335,-0.10343195608514522,4,-0.8210709071361313,-0.8193292032466104,2
2018,GMB,0.6390240347678401,0.6266384143087702,4,-0.6620483444019182,-0.6622950818338311,2
2018,GNB,-0.47051023927588886,-0.48152068062084086,4,-0.4136913686442473,-0.4125708855427066,2
2018,GNQ,-0.08350347106785629,-0.05590471919306647,4,0.7623701879888862,0.7614294187290543,2
2018,KEN,0.09860222621894851,0.08783881508771182,4,0.59013153212891,0.6082284759463741,4
2018,LBR,-0.7069289424597058,-0.7014033719685977,4,-0.29054990836929045,-0.29712674736441175,3
2018,LSO,0.09788389593459595,0.10401580690381709,4,0.3204481453505058,0.3336060005044487,3
2018,MDG,-0.8712961190187456,-0.8663012676062248,4,-0.5331161152851176,-0.5268740833273091,4
2018,MLI,0.25698937705882624,0.24544436029072997,4,-1.1841302680489971,-1.176128531793445,3
2018,MOZ,-0.7231682851433332,-0.7224615225058605,4,-0.4296212456568645,-0.42969372126784267,3
2018,MRT,0.23040785596580163,0.21964023108309358,4,-0.7170839686110116,-0.7137587607987286,4
2018,MUS,2.115626957428515,2.124178042993284,4,1.7380206538841896,1.731919310674108,4
2018,MWI,-1.0776169679502376,-1.0742772053568335,4,-0.7379772898673986,-0.6985333789556117,4
2018,NAM,0.8398370404128742,0.841118631771085,4,0.8618578917254234,0.8562042247461022,4
2018,NER,-0.8427280177104678,-0.8426910173073465,4,-1.3830091209746584,-1.3907170381564886,4
2018,NGA,0.06729676091409706,0.06460975925119332,4,-0.07480650568426021,-0.08332454891908203,3
2018,RWA,-0.27332014066505395,-0.28044265544810404,4,-0.2922506903864756,-0.287762275791128,4
2018,SDN,-0.1371381519346298,-0.13803004368591326,3,-0.7048160137662194,-0.7017439569147512,3
2018,SEN,0.6560851622170207,0.6549525191594391,4,-0.4205104893349377,-0.43882059073844293,4
2018,SLE,-0.45995700638462034,-0.4748544979237662,4,-0.6364667577361833,-0.6334045047992553,3
2018,SOM,-0.861517219368203,-0.8725055818345249,4,,,0
2018,SSD,-1.7371887810088593,-1.7205988510520058,4,-0.9543481982776164,-0.957559925140099,2
2018,STP,0.6447353324983418,0.6554118192452294,4,0.45965044705233404,0.46077963413430273,2
2018,SWZ,0.8520616286982725,0.8603231201435872,4,1.2700769407201127,1.271055070314806,2
2018,SYC,2.002915671478539,2.0096017240764628,4,2.5373825646127726,2.556112004058269,4
2018,TCD,-1.1756727050006575,-1.1800348966343794,4,-1.27197766286438,-1.2763734871568888,4
2018,TGO,-0.15159621862444056,-0.15679228301823642,4,0.35326438789358183,0.35491668077627414,4
2018,TZA,-0.35525727882956937,-0.3640932506350148,4,-0.7603130102056747,-0.7555293065063234,4
2018,UGA,-0.5679745248498886,-0.5734502058834912,4,0.2907354952619821,0.2909835853525215,2
2018,ZAF,1.5016933793405924,1.5002777016340594,4,1.699224053775506,1.721318470943858,4
2018,ZMB,-0.1853128994218125,-0.19729325610981044,4,0.415718952135028,0.4151335909414655,2
2018,ZWE,0.22357835127290165,0.22116036038383152,4,0.7180437389799972,0.7164523657032025,2
2019,AGO,-0.28685117303797214,-0.26842962101637746,4,0.22948088169475786,0.22598780929343784,3
2019,BDI,-1.173164463286979,-1.1857695539677142,4,-0.6576513753744913,-0.6495513988428313,4
2019,BEN,-0.22323398940816225,-0.23064404477448508,4,-0.3095483673494196,-0.3192200059796971,4
2019,BFA,-0.6012960131903509,-0.6273328734076219,4,-0.7995285861606968,-0.806747893179787,4
2019,BWA,1.273003530274648,1.2650373074121004,4,1.0891868731805963,1.091394124793918,3
2019,CAF,-1.358042848386297,-1.3514792569711236,4,-1.053206076322751,-1.0543401158741839,2
2019,CIV,0.6505044067754245,0.6398594461278517,4,-0.14400927571908287,-0.14779171359493584,4
2019,CMR,0.6082524874913444,0.6154060807661873,4,0.26252211975645623,0.2504752610549247,4
2019,COD,-1.0333375116259322,-1.0267828388231302,4,-0.04440479770872532,-0.031002246247709392,4
2019,COG,-0.16344884018624747,-0.1763561616562049,4,0.6339701221125063,0.6511836506619276,3
2019,COM,0.25948314292816044,0.26172822712133736,4,0.39047208934566696,0.38921763639294166,3
2019,CPV,1.5672192873962412,1.578624166224045,4,0.8252716896074633,0.8412842334097907,3
2019,DJI,0.38019388903191975,0.4198582974565801,4,-1.3169029228929812,-1.3187485502613716,2
2019,ERI,-0.4152427804044485,-0.4017155258165217,4,-0.6771853358396515,-0.6738597867450292,3
2019,ETH,-0.49580717042281097,-0.47625219776288136,4,-0.9785995158351588,-0.9775713807540695,2
2019,GAB,1.0423860163458027,1.0414574368482885,4,1.0014332808606878,0.9960781170618938,3
2019,GHA,0.6142053963507204,0.6000133869971921,4,0.531855041932807,0.529379376081902,4
2019,GIN,-0.1248335639795256,-0.13752032476458445,4,-0.7882196423493747,-0.7864285777052638,2
2019,GMB,0.5860448438708007,0.5825019388128605,4,-0.6256059154154863,-0.6258778272671847,2
2019,GNB,-0.4413338982928631,-0.4525604800960767,4,-0.4143667974301829,-0.4131929486287555,2
2019,GNQ,0.017527451305425962,0.052291426954858285,4,0.800719648437519,0.8000089822881506,2
2019,KEN,0.2132881808199183,0.20208414377071204,4,0.5941630683104729,0.6145099515401768,4
2019,LBR,-0.8356227258343977,-0.8215805555245277,4,-0.28342767875487307,-0.29091318618687384,3
2019,LSO,0.10553042952613624,0.11091147533995585,4,0.47591737224781705,0.4752682432745282,2
2019,MDG,-0.8752708582189931,-0.8745980867972272,4,-0.631391113655827,-0.6314276425377986,4
2019,MLI,0.23770234125725428,0.22624657345632057,4,-1.2075456380859715,-1.200070265431897,3
2019,MOZ,-0.756013464390255,-0.754467006490023,4,-0.39365891423751703,-0.3923213746036561,2
2019,MRT,0.22539060189400817,0.21502121403976523,4,-0.6407089323034862,-0.6420769316256174,4
2019,MUS,2.1151048288645815,2.1246339646900467,4,1.7612327192759238,1.7562563727033078,4
2019,MWI,-1.0642131166279256,-1.0657665575934645,4,-0.7436785466383102,-0.7152666528265631,4
2019,NAM,0.8564020246882608,0.8594313134854605,4,0.866062319432511,0.8581199425106452,4
2019,NER,-0.8716647412860826,-0.8752540823924015,4,-1.3718752400902394,-1.3809991279533151,4
2019,NGA,0.039195118281016184,0.035244764934093634,4,-0.030310609808160287,-0.03914842843521655,3
2019,RWA,-0.2321732714424178,-0.23629898993377937,4,-0.2581836509328211,-0.25117405898533024,4
2019,SDN,-0.1010363534731167,-0.10214082107856189,3,-0.7056499340158751,-0.7024311903033357,3
2019,SEN,0.675043852214082,0.6739602936122425,4,-0.4878830310310963,-0.5093722305366568,4
2019,SLE,-0.5274201263824844,-0.5439375168975198,4,-0.40274796874323693,-0.39152490123257,3
2019,SOM,-0.9348942052171516,-0.9473624072359513,4,,,0
2019,SSD,-1.6940584225698228,-1.6766262423703513,4,-1.008664862503943,-1.0119019229810744,2
2019,STP,0.6618342530595807,0.6745859278624228,4,0.44910322430502936,0.4502594310069408,2
2019,SWZ,0.871053066037626,0.8800972483034587,4,1.3475121894142696,1.3486677188153096,2
2019,SYC,2.0369635805718493,2.042170832476262,4,2.3962638077378884,2.4084039821952206,4
2019,TCD,-1.2308743072617017,-1.2366924192131226,4,-1.249623254348087,-1.258467704786982,4
2019,TGO,-0.09302285939483163,-0.09446112144794866,4,0.3813887278909576,0.38261225848576486,4
2019,TZA,-0.36279927231173675,-0.37335178995430585,4,-0.8209114408755676,-0.8065872575377941,4
2019,UGA,-0.5857274615779637,-0.5893084558151739,4,0.2897646523991115,0.29005060379522907,2
2019,ZAF,1.4041594775094908,1.400595031072743,4,1.7705485137272736,1.796207694055278,4
2019,ZMB,-0.1869429178347995,-0.20194607106538853,4,0.40548101152207455,0.40486874742749146,2
2019,ZWE,0.2025790611826676,0.20041939674422019,4,0.7070274795778245,0.7054484126670633,2
2020,AGO,-0.39413296333697917,-0.37321959689764805,4,0.22921979909866405,0.22526273158717014,3
2020,BDI,-1.3271941792586939,-1.3405339522628124,4,-0.6784906602571478,-0.6643170001195882,4
2020,BEN,-0.273792704474408,-0.28275608032130245,4,-0.42681779049865687,-0.43664541647388316,4
2020,BFA,-0.5692627228890591,-0.59498969914806,4,-0.845426622798799,-0.8524459684847141,4
2020,BWA,1.242356162573329,1.2341227488742514,4,1.1180372164484675,1.1186230633720762,3
2020,CAF,-1.3529065040009078,-1.3480721342339659,4,-1.0582908123605916,-1.0593742769049874,2
2020,CIV,0.5994178553556193,0.5861879139862809,4,-0.15309114475642152,-0.15253958814284824,4
2020,CMR,0.5744467715087496,0.5815421965194822,4,0.19058060153507578,0.17563534835629546,4
2020,COD,-1.0858925937702306,-1.0804307259471913,4,-0.04438743944297292,-0.024722130284623892,4
2020,COG,-0.11264828949437639,-0.12510684791288917,4,0.6247273502723081,0.647226560480262,3
2020,COM,0.3908145791258671,0.38590187485276806,4,0.40893526386984114,0.4059111209842202,3
2020,CPV,1.5206433388115816,1.5369187508324165,4,0.8227370438945328,0.8397102815621686,3
2020,DJI,0.32308254416225224,0.3632788740744404,4,-1.32763545883247,-1.3294855606851719,2
2020,ERI,-0.295523561346447,-0.2897775472826374,4,-0.6896288404460426,-0.6866802000830469,3
2020,ETH,-0.6148048386190154,-0.5964841311639691,4,-0.983966910765596,-0.9828537053427127,2
2020,GAB,1.0306249775769627,1.0307820721813963,4,1.18318421599042,1.1820362778807671,2
2020,GHA,0.9261212245492776,0.9260468912055526,4,0.6001056359285468,0.5976925188054037,4
2020,GIN,-0.11510611165840015,-0.13031258061483447,4,-0.7514463367460021,-0.7495721185064431,2
2020,GMB,0.5557666949834692,0.5528908862265053,4,-0.5803415437078226,-0.5806409326581777,2
2020,GNB,-0.38902928610137644,-0.4048791269246446,4,-0.41486433100537073,-0.4135926348452039,2
2020,GNQ,0.052077918815279296,0.08400313656553328,4,0.8733888065541839,0.8728726976891554,2
2020,KEN,0.2183806803040188,0.20390850134087107,4,0.5232833649408413,0.5479305310766156,4
2020,LBR,-0.9575396457112199,-0.9347873399396119,4,-0.2409298121012523,-0.24894749492036586,3
2020,LSO,0.0019338187246027844,0.010903013597141381,4,0.48367598491670954,0.4828743270408207,2
2020,MDG,-0.8685368801499493,-0.8726125508789999,4,-0.7345232743934371,-0.728260838543293,4
2020,MLI,0.2872254050899465,0.27496235063901986,4,-1.2943382120655267,-1.2852184079573703,3
2020,MOZ,-0.8166407688520558,-0.8145340999712553,4,-0.33531551472621035,-0.3340314323871175,2
2020,MRT,0.2958439770911673,0.2804632790783065,4,-0.7838797795480208,-0.7829673690089659,4
2020,MUS,2.113917071069399,2.123358113467318,4,1.7160365698462816,1.7040902760793,4
2020,MWI,-1.0681526541501984,-1.0707387359913714,4,-0.7494649942605188,-0.7122527930773106,4
2020,NAM,0.8223673506327251,0.8269918859310934,4,0.9118620406179032,0.9048093373085321,4
2020,NER,-0.918338039962273,-0.9267740745359201,4,-1.4409199667605235,-1.4397171301959255,3
2020,NGA,0.016331165517517676,0.009880717850155908,4,0.03744018621024033,0.028718406770728643,3
2020,RWA,-0.27274307610779647,-0.27895548252741004,4,-0.20150934283285502,-0.19480879420962338,4
2020,SDN,-0.1035099580915275,-0.10369492503113964,3,-0.8128791470396867,-0.8130941139367055,2
2020,SEN,0.6501352212427017,0.6492529756168247,4,-0.48514524360135214,-0.5062067974452159,4
2020,SLE,-0.573951122242707,-0.5901592626140953,4,-0.4040435980916152,-0.3922774461240154,3
2020,SOM,-0.5173107583343556,-0.512818593409625,4,,,0
2020,SSD,-1.6769185562393105,-1.658465944752303,3,-1.0553066793280266,-1.0586162696186117,2
2020,STP,0.561740484134565,0.574329090761057,4,0.49830996997306376,0.49960184752345765,2
2020,SWZ,0.961374245690296,0.9675044716273766,4,1.4653590237549743,1.4666795066873668,2
2020,SYC,1.9328990763448841,1.9404629351512828,4,2.1923569615115808,2.215809821984558,4
2020,TCD,-1.274617850454536,-1.2834571206931185,4,-1.2764992797307908,-1.2788752888460004,4
2020,TGO,-0.04353844958587037,-0.04163422390710467,4,0.444027944840632,0.44331300261327977,4
2020,TZA,-0.37418872672920866,-0.38495415301295954,4,-0.5574912216046848,-0.5627610143757303,4
2020,UGA,-0.8399176374224157,-0.8522098880022472,4,0.310658466299528,0.3109659896113159,2
2020,ZAF,1.4050879296140784,1.4032139230044431,4,1.6580658709283003,1.6798851797784204,4
2020,ZMB,-0.2711229168082192,-0.2902882431058061,4,0.4199562636579745,0.4192823974937532,2
2020,ZWE,0.17962517429053082,0.179329825191409,4,0.7294749650242707,0.7278479147138166,2
2021,AGO,-0.4453062206421216,-0.4239540809704556,4,0.15369339555089703,0.14807498744659048,3
2021,BDI,-1.3524248184906624,-1.3707389699397312,4,-0.7576789337627216,-0.7469651939607038,3
2021,BEN,-0.23834365804566837,-0.24870291334414674,4,-0.4962420951956271,-0.5036463356326235,4
2021,BFA,-0.47479063419718137,-0.49991176633472006,4,-0.8385166449024907,-0.8526531967819967,4
2021,BWA,1.1761487772327288,1.1650597914215897,4,0.8555036860989028,0.8508615052416622,4
2021,CAF,-1.401815716951679,-1.3943405806301232,4,-1.030552947614133,-1.0315056122366524,2
2021,CIV,0.5899029108559782,0.5733758866850684,4,-0.19204467768418254,-0.19239982740757886,4
2021,CMR,0.4796471645392567,0.488900958914993,4,0.07175681013660853,0.05165652354907243,4
2021,COD,-1.0847807688326012,-1.0819296642199705,4,0.1935887186249311,0.1876056751052468,3
2021,COG,-0.07325632445149541,-0.08116581065829266,4,0.5833862481704551,0.6100753168407739,3
2021,COM,0.49218625182643394,0.48897139279037527,4,0.34453621110642246,0.33854321022875083,3
2021,CPV,1.545538087456181,1.55992103570223,4,0.6345721454703203,0.6480456636405042,3
2021,DJI,0.2570252600447145,0.2939001309354464,4,-1.3131873944250474,-1.3149719150455021,2
2021,ERI,-0.12493819412437668,-0.10409982946392364,3,-0.7500857115915668,-0.7485652115657547,3
2021,ETH,-0.4978964262950122,-0.4911491717791342,4,-0.9683063948059366,-0.9671181537352631,2
2021,GAB,1.0394317949256173,1.0403076867431562,4,1.1545103576888225,1.153369102772972,2
2021,GHA,0.9115805776821198,0.9137343124557957,4,0.5409517789561505,0.5389266036112478,4
2021,GIN,-0.1281125105472141,-0.14319970184622965,4,-0.7043497818306697,-0.7024427711502519,2
2021,GMB,0.578903008071452,0.5773040156216532,4,0.244843271721174,0.27012614845082733,3
2021,GNB,-0.32750637024881013,-0.3466695081588495,4,-0.4195032220079919,-0.41816570201538067,2
2021,GNQ,0.04599786450584095,0.07714828033617911,4,0.8794168458186071,0.8791429023643673,2
2021,KEN,0.2397884678444355,0.22506502826770264,4,0.4557475326284728,0.4809851185303136,4
2021,LBR,-0.9895992213261595,-0.9636280155529076,4,0.03696857654296516,0.03666320688940522,2
2021,LSO,0.03162632662340718,0.03631947230876363,4,0.45405161496625235,0.4531303117205722,2
2021,MDG,-0.8943408963381385,-0.8957440051488625,4,-0.7940246949833094,-0.7894069587805898,4
2021,MLI,0.27757963045578804,0.270026320841339,4,-1.329551119322116,-1.3214188643179716,3
2021,MOZ,-0.9666243085888391,-0.9580492290611196,4,-0.26583738296821185,-0.2646991371345173,2
2021,MRT,0.3544888211040092,0.338157141497184,4,-0.7523972052719414,-0.7535425055627071,2
2021,MUS,2.1457401405149943,2.1552674600854247,4,1.5543420870528464,1.5417758004696178,4
2021,MWI,-1.025109602506369,-1.0319179473803872,4,-0.8516010024226643,-0.8210275425172335,4
2021,NAM,0.6978440477578896,0.7031216393463705,4,0.7824375808892541,0.7746340080566341,4
2021,NER,-0.992852467855815,-1.002360342885559,4,-1.3894653852935794,-1.3897636640781132,3
2021,NGA,-0.015577539423681647,-0.017928887937867913,4,0.0349433608955693,0.025080448678853715,3
2021,RWA,-0.31121500912344624,-0.31724637108530557,4,-0.2480052864233983,-0.24114608334050786,4
2021,SDN,-0.1558156411389456,-0.15205843741392652,3,-0.7866369589881543,-0.7867967497272134,2
2021,SEN,0.6760979209917795,0.6759857845520109,4,-0.5141964026338706,-0.5373589003354866,4
2021,SLE,-0.5356669924979561,-0.5568990612110972,4,-0.3336605492278437,-0.3195219891633483,3
2021,SOM,-0.4627661950181719,-0.4510975967765608,4,,,0
2021,SSD,-1.6217220221790176,-1.6069708281520212,3,-1.0665317807325732,-1.0697321554417916,2
2021,STP,0.5652802117561988,0.5768874935210521,4,0.5042317582505984,0.5056045225502125,2
2021,SWZ,1.009732789392304,1.0128445423627621,4,1.4994993539887562,1.5009047872283923,2
2021,SYC,1.9140765129329265,1.9232190529509772,4,2.043692293730448,2.0665143812537607,4
2021,TCD,-1.255038257001859,-1.2678487163259604,4,-1.251508491030714,-1.253790053355303,3
2021,TGO,-0.10808503931800281,-0.10306165547663054,4,0.4018389046672286,0.39889163312968406,3
2021,TZA,-0.36119130884084805,-0.3708395760679154,4,-0.8857664485395356,-0.8726932107730467,4
2021,UGA,-0.7758155036534107,-0.7866393447197358,4,0.2984140564179488,0.2987337828744687,2
2021,ZAF,1.3072210309660577,1.303731884510635,4,1.620809949101515,1.6442787049172591,4
2021,ZMB,-0.33042464456482085,-0.3513671725951448,4,0.39566126499293414,0.39496617074445667,2
2021,ZWE,0.13955973036161498,0.13770784203891315,4,0.70568220939185,0.7040705202890497,2
2022,AGO,-0.3038194350617817,-0.2959047549246608,4,0.16628933939443494,0.1604021911186713,3
2022,BDI,-1.4788964088190382,-1.4940482655326845,4,-0.7490984599762364,-0.736570520646082,3
2022,BEN,-0.08111644627769818,-0.09326411087419648,4,-0.47344528210437453,-0.4817426541067367,4
2022,BFA,-0.3978602018418512,-0.4201805015038933,4,-0.8715541973958898,-0.8895158573045392,4
2022,BWA,1.2050549072495733,1.1915944057633168,4,1.0112870801338265,1.0161128863918043,3
2022,CAF,-1.415130843004538,-1.4063123443331624,4,-0.9989338435630037,-0.9998900731178184,2
2022,CIV,0.6116690700544528,0.5911811203681324,4,-0.19211517164947434,-0.19434869170729877,4
2022,CMR,0.5467073451812735,0.5531977557252375,4,0.08727381123955197,0.06795451104255074,4
2022,COD,-1.1255430635427328,-1.1208081702505186,4,0.21900428915062206,0.21330496927987536,3
2022,COG,-0.012747140927354322,-0.015624575688366194,4,0.5733281211298625,0.6017866687800856,3
2022,COM,0.4395834895755595,0.4374839324717762,4,0.36653619573406476,0.3596725311916907,3
2022,CPV,1.5423576666601284,1.557255151367106,4,0.7092091415393504,0.7243565490749205,3
2022,DJI,0.2184823594048996,0.2554480323877365,4,-1.2724246917528759,-1.2741852113720875,2
2022,ERI,-0.07647463445511049,-0.05580650210595617,3,-0.7404847662865777,-0.7395220287157945,3
2022,ETH,-0.5219299801279078,-0.5159830435582032,4,-0.9319678750370184,-0.9308048907428214,2
2022,GAB,1.0488316626391665,1.052573029713607,4,1.1619641926917454,1.1608747570084763,2
2022,GHA,0.8569370640171875,0.8592772425948145,4,0.640734721491119,0.6378940736823331,4
2022,GIN,-0.22646375593418785,-0.23558190641292884,4,-0.6690620047713381,-0.6671816002124242,2
2022,GMB,0.5993396914736283,0.6000846184016814,4,-0.5427838796257051,-0.5431454573348502,2
2022,GNB,-0.21194936532774317,-0.23532417595921934,4,-0.38873860760910933,-0.3874145660359887,2
2022,GNQ,0.02800866138949451,0.05990435019562316,4,0.8920384996408888,0.8918002568753495,2
2022,KEN,0.21559878847787822,0.20096541465450282,4,0.5534697767440719,0.5866621505456762,4
2022,LBR,-1.021312205582974,-0.9908184804528143,4,0.05864473173130785,0.05835483851019552,2
2022,LSO,-0.14463969164098378,-0.13284101450923608,4,0.4696539028783113,0.46876493531315455,2
2022,MDG,-0.7702213773012198,-0.7739237960562115,4,-0.7006196326426343,-0.6883624185838108,3
2022,MLI,0.2499904618490253,0.2406442482894566,4,-1.3088766394829925,-1.3013865629022323,3
2022,MOZ,-0.9947485364668033,-0.9847825143007933,4,-0.16659413747369062,-0.16568335403900855,2
2022,MRT,0.22151564937091092,0.21446963463308735,4,-0.7242791893049655,-0.7254191759545906,2
2022,MUS,2.1804785164114238,2.1864819864443987,4,1.6544349695864962,1.6401330110010381,4
2022,MWI,-1.0906551554853383,-1.0956770805955311,4,-0.8696210885087448,-0.8380475413420166,4
2022,NAM,0.6331321770553106,0.6395137470094915,4,0.833743443806523,0.8253775229477535,4
2022,NER,-1.0417810997492962,-1.0512129734063198,4,-1.3985141645514985,-1.4003872933800103,3
2022,NGA,0.03622943369244219,0.03087600346442839,4,0.056392732578408045,0.04670758178991506,3
2022,RWA,-0.3214136826633848,-0.32492374998838425,4,-0.23158899897790025,-0.22209282691109328,4
2022,SDN,-0.19069835832333926,-0.1834432588096577,3,-0.7556646054564662,-0.7558306031099734,2
2022,SEN,0.6787095804807831,0.6773935908606243,4,-0.455822575001895,-0.48147303971959676,4
2022,SLE,-0.4895810655220763,-0.5118587706076025,4,-0.1774475999994848,-0.15943910067668576,3
2022,SOM,-0.5269104431773572,-0.5107632867106945,4,-1.3925024641158164,-1.3921678354790268,2
2022,SSD,-1.3466325120885092,-1.346928674409132,3,-1.040185989803089,-1.0433664384246544,2
2022,STP,0.5266105485577512,0.5382839128772984,4,0.5250701945233398,0.5264516475513561,2
2022,SWZ,0.9895784524395136,0.9913587725827668,4,1.548229060574401,1.549546978747229,2
2022,SYC,1.9547765580078345,1.9592754216699582,4,1.5935214758308818,1.6236716630699934,4
2022,TCD,-1.232925168380655,-1.247923057383689,4,-1.2488786055957268,-1.2522556809830128,3
2022,TGO,-0.06878826422302498,-0.061488686595861985,4,0.4419761749302742,0.4396272809619414,3
2022,TZA,-0.2838842548391347,-0.2941106628369087,4,-0.6228851867344097,-0.6031199720985385,3
2022,UGA,-0.821961177514047,-0.8354523179631624,4,0.3188306719620975,0.3191654797993216,2
2022,ZAF,1.2365473077692772,1.2315187969378383,4,1.6727669079830578,1.6937438458203335,4
2022,ZMB,-0.3791946702158815,-0.3987438062930163,4,0.41246657349897975,0.4117999370461052,2
2022,ZWE,0.15368817051972194,0.15411922693595775,4,0.7168168459432354,0.7152511201145212,2
2023,AGO,-0.3430473543632819,-0.3327779873160922,4,0.04762350186575551,0.057827566973177764,4
2023,BDI,-1.5178456902300541,-1.5336563670052252,4,-0.8156153726159393,-0.7984238226529047,3
2023,BEN,-0.06323532787537955,-0.07743576300501044,4,-0.5277879699665262,-0.5263201696849534,2
2023,BFA,-0.429563381996354,-0.451673597952558,4,-0.8641451374837075,-0.8788365846893069,4
2023,BWA,1.1359468769978132,1.120175373107849,4,1.0199359638544128,1.023498835473021,3
2023,CAF,-1.524855018489851,-1.5244792373772607,2,-1.0039913502472815,-1.004963321836304,2
2023,CIV,0.6332813929734411,0.6096876508145103,4,0.04454242555726103,0.053581654230668574,4
2023,CMR,0.3769652075671279,0.3811020766966076,4,0.10524580077860779,0.08916885727395671,4
2023,COD,-1.1756797296738728,-1.1689178325002443,4,0.250130854366779,0.24561207151697684,3
2023,COG,0.10036974588840868,0.10200404601699213,3,0.5128281461388751,0.545349678727697,3
2023,COM,0.43830528844782446,0.4340362576288289,4,0.612207420716722,0.6138368814423515,2
2023,CPV,1.4607789031510596,1.4766214126412716,4,0.22498133730905148,0.22530533550992665,2
2023,DJI,0.09022543472774336,0.13098678628331284,4,-1.2685958068214678,-1.27034440862399,2
2023,ERI,,,1,-0.8115889190538721,-0.8132888540210258,2
2023,ETH,-0.5775105395197584,-0.5678813849309902,4,-0.9380568724362115,-0.9369128408021559,2
2023,GAB,1.0147848683343146,1.019604555428029,4,1.1539851012830658,1.1528708298185029,2
2023,GHA,0.6823049942052296,0.6945356731219766,4,0.6732814882572687,0.6649637983828786,4
2023,GIN,-0.03521093133805523,-0.04188692951740694,3,-0.6758315610826298,-0.673972227496762,2
2023,GMB,0.5060777221721315,0.5028903152685851,4,-0.5487340902845774,-0.5491141886651885,2
2023,GNB,0.004295597025029611,-0.022640738709620304,3,-0.3956482751678596,-0.3943457406791316,2
2023,GNQ,0.7341078981221028,0.7372520527381892,2,0.8840545247024115,0.8837914309550658,2
2023,KEN,0.1851610574845665,0.17243142410923554,4,0.48543820279558647,0.524268767053441,4
2023,LBR,-0.5571053128970491,-0.5529788531575345,2,0.05183317941515332,0.05152208450390712,2
2023,LSO,-0.15972364504523737,-0.14392670849844633,4,0.46254090649400725,0.46162979896159145,2
2023,MDG,-0.7741840313606396,-0.7806504563746072,4,-0.7675306737771477,-0.750543640585638,3
2023,MLI,0.0063642602285454986,0.0071807373771201125,2,-1.2471264059940206,-1.2375637418151406,3
2023,MOZ,-1.0658448503330644,-1.0509574221268088,4,-0.17362708410745506,-0.1727381914765628,2
2023,MRT,-0.021671147012343746,-0.01930426678207428,4,-0.7296341070407857,-0.7307907614485454,2
2023,MUS,2.0985493954918883,2.1030803686028166,4,1.6908195474944958,1.6702194981652496,4
2023,MWI,-1.1612342661583648,-1.1622061829354036,4,-0.407177762600667,-0.4123251174162937,3
2023,NAM,0.4254166852976563,0.43891368983319495,4,0.6930307706309048,0.6977020840405876,3
2023,NER,-1.049969836615488,-1.0563264665934107,4,-1.3167176890636174,-1.3158691112893008,3
2023,NGA,-0.0335046314491442,-0.036478122351968977,4,0.11139871487950216,0.10363444959973209,3
2023,RWA,-0.19197921086714903,-0.19621574789595128,4,-0.12606897407308068,-0.11518084980265873,4
2023,SDN,,,1,-0.7614078516568679,-0.7615917257826754,2
2023,SEN,0.7625472831815442,0.7617304865791494,4,-0.4258773803321048,-0.45058188179279146,4
2023,SLE,-0.7250177813351772,-0.72384494709687,2,-0.10079699084416927,-0.08021499104947166,3
2023,SOM,-0.6696143932601252,-0.6534234672336104,4,-1.6018295350323737,-1.6080100593568953,3
2023,SSD,-1.5863486975913075,-1.5802778718884,3,-1.0442009412166764,-1.0473938868068948,2
2023,STP,0.2011595387300072,0.22857772303329257,4,0.5168746316499309,0.518230575105907,2
2023,SWZ,1.0225062146412618,1.0237625723343367,4,1.5386503683095984,1.5399384717712035,2
2023,SYC,1.6906608836751351,1.7037785741219271,4,1.5533393702369764,1.582612563182321,4
2023,TCD,-1.2710359539421938,-1.2845620567714797,4,-1.1586174301985634,-1.159007323347451,3
2023,TGO,-0.10428662351918139,-0.09500372973306825,4,0.46086016579907985,0.4593457824155923,3
2023,TZA,-0.24178209789984018,-0.25463724129835363,4,-0.7372332265496674,-0.7090225362465312,3
2023,UGA,-0.8443680097870113,-0.8582975299072185,4,0.31138340061961195,0.3116950280227708,2
2023,ZAF,1.2359081645534384,1.2269713148833243,4,1.647945105795643,1.6646204956844701,4
2023,ZMB,-0.3924277756449219,-0.41066621173846624,4,0.40533393270792795,0.4046450951424628,2
2023,ZWE,0.22066475396275492,0.2244380623750391,4,0.7096628305992496,0.7080748371273471,2
2024,AGO,-0.38339658623499695,-0.36727847586259016,4,,,1
2024,BDI,-1.9795485813604285,-1.9836902854539364,2,,,0
2024,BEN,-0.05488210816524092,-0.06888485561963674,4,,,0
2024,BFA,-0.3614074268314587,-0.3774970497558826,4,,,2
2024,BWA,1.0092401274364025,1.0000699618194215,4,,,1
2024,CAF,-1.6339477011995633,-1.6337587099345974,2,,,0
2024,CIV,0.611713628209187,0.5876305177127144,4,,,2
2024,CMR,0.16197361692608495,0.1625345211564737,4,,,1
2024,COD,-1.2158943534872022,-1.2088742570811242,4,,,0
2024,COG,0.04673414661580685,0.054420827113742215,3,,,0
2024,COM,0.603156954960389,0.5953729602536447,2,,,0
2024,CPV,1.3546062767207225,1.3741250817613573,4,,,0
2024,DJI,0.7484975856627258,0.7516417686304708,2,,,0
2024,ERI,,,1,,,0
2024,ETH,-0.6089094982006685,-0.5980627865734495,4,,,0
2024,GAB,0.9978942350734243,1.0056102076647921,4,,,0
2024,GHA,0.7050681158452147,0.7148600296745339,4,,,2
2024,GIN,-0.15402032883254896,-0.15364060501313023,2,,,0
2024,GMB,0.49193109597379536,0.48882996962120817,4,,,1
2024,GNB,0.06754523816764267,0.037112641596374035,3,,,0
2024,GNQ,0.6370935076983623,0.6408193060092932,2,,,0
2024,KEN,0.1710081616772741,0.16036846404436358,4,,,1
2024,LBR,-0.5701477574686307,-0.5660909457543388,2,,,0
2024,LSO,-0.18975584247704108,-0.16909183287104967,4,,,0
2024,MDG,-0.880621940323904,-0.882928731679994,2,,,0
2024,MLI,-0.15587578512303504,-0.15371051299590885,2,,,0
2024,MOZ,-1.1462724251114793,-1.1284513026305634,4,,,0
2024,MRT,-0.14376085421704407,-0.13877225758412717,4,,,0
2024,MUS,1.9986531179438725,2.002253559463466,4,,,2
2024,MWI,-1.1754642687928178,-1.1776750608956625,4,,,0
2024,NAM,0.3201492710664046,0.339085286606084,4,,,1
2024,NER,-1.1957162154291419,-1.1926521230020213,4,,,1
2024,NGA,-0.33937827223340233,-0.3232386980845991,4,,,0
2024,RWA,-0.15216615303973313,-0.15119915064624365,4,,,2
2024,SDN,,,1,,,0
2024,SEN,0.706775026231835,0.7097568910711897,4,,,1
2024,SLE,-0.6967894994523554,-0.6958319641670707,2,,,0
2024,SOM,-0.29306255927975317,-0.29435616697884,2,,,0
2024,SSD,,,1,,,1
2024,STP,0.037924903359146285,0.06977312290437554,4,,,0
2024,SWZ,0.9995358559146984,1.0002704428429112,4,,,0
2024,SYC,1.5418031382345778,1.558988313226972,4,,,2
2024,TCD,-1.3375590690291244,-1.3486758067436213,4,,,1
2024,TGO,-0.11234742503291811,-0.10105298947803491,4,,,0
2024,TZA,-0.12733206420091642,-0.14355355862433808,4,,,1
2024,UGA,-0.8558413786332003,-0.8702903265875176,4,,,0
2024,ZAF,1.1619614734595765,1.1531814466243686,4,,,0
2024,ZMB,-0.4245607632951556,-0.44210143124759227,4,,,1
2024,ZWE,0.15578366300460195,0.16260130160511993,4,,,1
