iso3,country,year,TFP,THE,AL,TNRR,INFRA,HCR,GDPPC,POP,URB,ENERGY,TRADE,INFRA_PC,HCR_PC,INFRA_ORIG,HCR_ORIG
AGO,Angola,1960,148.0,,2.141653966471485,,,,,5231654,10.3871038748875,,,,,,44.0
AGO,Angola,1961,148.0,,2.141653966471485,,,,,5301583,10.8105449526381,,,,,,47.0
AGO,Angola,1962,148.0,,2.1657174941846473,,,,,5354310,11.2070600250908,,,,,,61.0
AGO,Angola,1963,148.0,,2.181759845993423,,,,,5408320,11.5817203164711,,,,,,76.0
AGO,Angola,1964,148.0,,2.2058233737065853,,,,,5464187,11.9451804039409,,,,,,68.0
AGO,Angola,1965,148.0,,2.2218657255153604,,,,,5521981,12.308094864662,,,,,,47.0
AGO,Angola,1966,148.0,,2.2459292532285233,,,,,5581386,12.6811182757965,,,,,,38.0
AGO,Angola,1967,148.0,,2.269992780941686,,,,,5641807,13.0749052145061,,,,,,36.0
AGO,Angola,1968,148.0,,2.2940563086548487,,,,,5702699,13.5001102579529,,,,,,62.0
AGO,Angola,1969,148.0,,2.326141012272399,,,,,5763685,13.9673879832988,,,,,,43.0
AGO,Angola,1970,148.0,,2.326141012272399,,,,,5852788,14.4890356191567,,,,,18.8344,44.0
AGO,Angola,1971,148.0,,2.326141012272399,,,,,5991102,15.0758622803081,,,,,18.7218,69.0
AGO,Angola,1972,148.0,,2.326141012272399,,,,,6174262,15.7625860843817,,,,,21.3168,53.0
AGO,Angola,1973,148.0,,2.326141012272399,,,,,6388528,16.5450304427496,,,,,22.8788,36.0
AGO,Angola,1974,148.0,,2.326141012272399,,,,,6613367,17.4163699403863,,,,,23.5861,33.0
AGO,Angola,1975,148.0,,2.326141012272399,,,,,6842947,18.369779162266,,,,,22.4218,60.0
AGO,Angola,1976,148.0,,2.326141012272399,,,,,7074664,19.3984326933631,,,,,18.4644,75.0
AGO,Angola,1977,148.0,,2.326141012272399,,,,,7317829,20.4955051186518,,,,,23.1326,64.0
AGO,Angola,1978,148.0,,2.326141012272399,,,,,7576734,21.6541710231065,,,,,25.308,42.0
AGO,Angola,1979,148.0,,2.326141012272399,,,,,7847207,22.8676049917016,,,,,25.8339,36.0
AGO,Angola,1980,148.0,,2.326141012272399,21.0908278102494,,,3186.7395967320967,8133872,24.1289816094112,,,,,26.308,76.0
AGO,Angola,1981,148.0,,2.326141012272399,11.7336878181279,,,2937.5512934961544,8435607,25.4314754612098,,,,,24.9017,73.0
AGO,Angola,1982,148.0,,2.326141012272399,5.52402429250969,,,2831.469941921249,8751648,26.7682611320717,,,,,27.2768,21.0
AGO,Angola,1983,148.0,,2.326141012272399,12.2936725166119,,,2842.7653993128447,9082983,28.1325132069711,,,,,28.8516,63.0
AGO,Angola,1984,148.0,,2.326141012272399,15.0651246347286,,,2903.7002704020274,9425917,29.5174062708824,,,,,29.2836,43.0
AGO,Angola,1985,148.0,,2.326141012272399,14.8659504369977,,,2896.783036007584,9779120,30.91611490878,,,,,31.6468,33.0
AGO,Angola,1986,148.0,,2.326141012272399,7.38301090941038,,,2874.8601842760872,10139450,32.321813705638,,,,,32.9495,76.0
AGO,Angola,1987,148.0,,2.326141012272399,16.1065503102677,,,2890.0754757373916,10497858,33.727677246431,,,,,34.6689,35.0
AGO,Angola,1988,148.0,,2.326141012272399,15.3009421574308,,,2964.572344914001,10861291,35.1268801161331,,,,,36.4246,44.0
AGO,Angola,1989,148.0,,2.326141012272399,22.7167782868397,,,2866.2461138423637,11238562,36.5125968997187,,,,,37.3091,39.0
AGO,Angola,1990,148.0,,2.326141012272399,29.1038270597221,-0.141995464089426,-0.866682575472589,2675.052393706661,11626360,37.878002182162,86.20689655172413,,-0.141473895401163,-0.858139302287836,34.0845,64.0
AGO,Angola,1991,148.0,,2.366246891794337,17.9679803050029,-0.1845684841208909,-0.8043656652253363,2612.331705238189,12023529,39.2162705484376,82.65524625267666,,-0.1857255974258523,-0.7970782860463301,33.3991,21.0
AGO,Angola,1992,148.0,,2.406352771316275,28.4793982385248,-0.293164623824944,-0.8274054868502513,2380.5827421338777,12423712,40.5205765835195,88.70116156283,,-0.2954238802270788,-0.8186906986414295,32.6614,56.0
AGO,Angola,1993,148.0,,2.406352771316275,36.6624684792486,-0.2599574859263532,-0.8572873779710033,1752.723186625581,12827135,41.7840948723822,93.6842105263158,,-0.2647657708836451,-0.8488097397246352,36.6305,33.0
AGO,Angola,1994,148.0,,2.406352771316275,43.6365130125438,-0.2993075965171249,-0.8767167685734539,1719.5429446522307,13249764,43.0,93.717277486911,,-0.3033210322831263,-0.8694462851758316,47.4057,40.0
AGO,Angola,1995,148.0,,2.406352771316275,44.2109966299264,-0.337078773081034,-0.9367298431543766,1912.5177752339685,13699778,44.2110025396864,93.75,,-0.3396326865449083,-0.9285937375166452,54.6253,63.0
AGO,Angola,1996,148.0,,2.406352771316275,41.3617166839795,-0.387744748350378,-0.9364641022770596,2099.350453848191,14170973,45.4556005898678,89.98054474708171,,-0.389757157739457,-0.930247457474842,65.5425,42.0
AGO,Angola,1997,148.0,,2.406352771316275,39.4514891636558,-0.388075901177314,-0.9779175187896784,2176.877579864917,14660413,46.7206500231881,76.35253054101221,,-0.3905314352499171,-0.9715958344830964,67.282,73.0
AGO,Angola,1998,148.0,,2.406352771316275,24.2693807744448,-0.4406885506998293,-1.032900978525517,2203.986927013246,15159370,47.993006712291,80.42488619119878,,-0.4419275719275278,-1.0290446326564897,73.101,30.0
AGO,Angola,1999,148.0,,2.406352771316275,40.8033543240701,-0.451400412663359,-0.8730968050244287,2179.064269754382,15667235,49.2595265298203,66.96629213483146,,-0.4528134789679934,-0.8643548236714849,73.8377,58.0
AGO,Angola,2000,148.0,108.99560000000001,2.406352771316275,59.1425103628059,-0.4866790379778719,-0.8404808008730065,2172.463267204936,16194869,50.5070653484197,62.3038062283737,,-0.4837939888002747,-0.8325808905551046,68.933,23.0
AGO,Angola,2001,148.0,107.274,2.406352771316275,44.219476594374,-0.5494204905951746,-0.8134275927085011,2189.17352158246,16747208,51.7224790407329,61.685592185592185,,-0.5474748355313591,-0.8035062644755185,67.2114,44.0
AGO,Angola,2002,148.0,104.9842,2.486564530360151,32.8837159773494,-0.5007598046780077,-0.8117250583668009,2404.977920715314,17327699,52.8926234794038,64.04532577903683,90.5708209731095,-0.4975673299225833,-0.7997416634028705,64.9216,71.0
AGO,Angola,2003,148.0,105.4385,2.6469880484479025,28.4066969543848,-0.4742006676563673,-0.5027058865911045,2403.404151570378,17943712,54.0043545370761,61.69022556390977,90.68071618204831,-0.4748325692776756,-0.5196205633511021,65.3759,46.0
AGO,Angola,2004,148.0,110.70190000000001,2.6469880484479025,33.7707170143085,-0.4440799276899945,-0.5940592962561808,2583.324114612885,18600423,55.0445280863936,77.1440035666518,90.3860384733605,-0.4478392950445978,-0.6002886743801108,70.6393,40.0
AGO,Angola,2005,148.0,108.76140000000001,2.6469880484479025,42.7600742732017,-0.2686592493686938,-0.5247411995207167,2843.3966357967975,19291161,56.0,83.43951459992415,95.34145928847032,-0.27458338877213,-0.5329341744080341,68.6988,29.0
AGO,Angola,2006,148.0,101.1283,2.6469880484479025,40.7534428993222,-0.2150049674828803,-0.5609453154207897,3065.0557624389503,20015279,56.8939032662772,85.15822996982904,84.62460411715408,-0.2239489803992488,-0.5653539329294516,61.2209,79.0
AGO,Angola,2007,148.0,99.8819,2.727199807491778,45.881176080136,-0.1480412867521391,-0.4897461943991423,3336.3633246520785,20778561,57.7564632930133,88.89537037037037,97.2256306999958,-0.1576986151085098,-0.4967930444846703,59.7285,26.0
AGO,Angola,2008,148.0,103.10149999999999,2.727199807491778,52.5607729557913,-0.1641522528138922,-0.4865674414872979,3559.195225122363,21578655,58.5851745819614,78.55171562577141,108.68040874199293,-0.1727897503958506,-0.4984243794301426,63.0361,25.0
AGO,Angola,2009,148.0,104.7723,3.2084703617550328,30.3114661376593,-0.1195517378578356,-0.43167364715494,3494.807244661718,22414773,59.3775316348744,67.87952787952788,102.26318325798604,-0.1257386949217047,-0.4443423774529158,64.5384,58.0
AGO,Angola,2010,148.0,111.85490000000001,3.3688938798427848,38.1623101146694,-0.1759522397947469,-0.3610957104785134,3540.791595683807,23294825,60.1310289535053,67.6379152138007,90.9940631355109,-0.1806091660920313,-0.3726481911295401,71.665,55.0
AGO,Angola,2011,148.0,141.11430000000001,3.769952675062164,39.0226784952754,-0.1891322138759947,-0.2371315451590082,3528.1682437339887,24218352,60.8431610396073,71.56877323420075,89.03694434258446,-0.193378030835026,-0.2488444827896112,70.5619,25.0
AGO,Angola,2012,148.0,142.88420000000002,3.769952675062164,34.7310076331615,-0.1003634214317125,-0.1435425520103982,3682.352293227627,25177394,61.5114223949332,49.80337224383917,81.93947854863615,-0.0982488133137469,-0.1572484492848615,72.492,57.0
AGO,Angola,2013,148.0,147.4437,3.8862597256757843,29.4000452272015,-0.0590339890400358,-0.0540445750972909,3716.297187272817,26165620,62.1333075212361,44.68926553672317,77.34980137160777,-0.050136164293485,-0.0656420294137576,77.0263,35.0
AGO,Angola,2014,148.0,149.4301,4.01860912809818,22.124247625088,-0.039954105231681,-0.021430473788723,3746.816199786131,27160769,62.723115793241,53.430270497842336,69.58014244811466,-0.0270895445086982,-0.0265374187432257,78.9976,66.0
AGO,Angola,2015,148.0,153.8973,4.110852650998637,13.3056748880613,-0.0541172754502332,0.1413333124000722,3641.7289391994404,28157798,63.51567832685,52.30969534787978,54.979380877983516,-0.0376240312541568,0.1449500040634862,83.5369,45.0
AGO,Angola,2016,148.0,151.0565,4.28892275607604,20.8851202682195,-0.1362667404408497,0.2300703035227981,3454.0331718711896,29183070,64.2992302517989,59.054088742207554,47.015566140531305,-0.1186321970759091,0.232780534291372,80.6255,34.0
AGO,Angola,2017,148.0,145.8403,4.287318520895163,25.9503299089307,-0.2429141066725508,0.2567862626218899,3328.898212410897,30234839,65.0850525086068,84.22385696992272,45.66434235399206,-0.2254186805427378,0.2540919237284025,75.4336,29.0
AGO,Angola,2018,148.0,140.87470000000002,4.285714285714286,32.045405604301,-0.2583408290728348,0.253337953155367,3196.790069835574,31297155,65.8732136723372,88.12763842153564,58.91648007597601,-0.2391771565656597,0.2503900936774527,70.4651,42.0
AGO,Angola,2019,148.0,141.61829999999998,4.284912168123848,28.8978590593907,-0.2868511730379721,0.2294808816947578,3083.9753442735705,32375632,66.6637823180533,85.14615435928224,60.71482433366852,-0.2684296210163774,0.2259878092934378,71.2087,37.0
AGO,Angola,2020,148.0,133.5688,4.28330793294297,20.2476653863539,-0.3941329633369791,0.229219799098664,2864.1614603689254,33451132,67.4568270208187,84.8757500454573,54.34422868471886,-0.373219596897648,0.2252627315871701,63.1592,63.0
AGO,Angola,2021,148.0,137.0115,4.28972487366648,29.9674348417559,-0.4453062206421216,0.153693395550897,2832.817771322862,34532429,68.2524163556969,91.71360272447443,61.526213669580606,-0.4239540809704556,0.1480749874465904,66.6019,64.0
AGO,Angola,2022,148.0,138.4448,4.319403224512714,,-0.3038194350617817,0.1662893393944349,2860.9025192224644,35635029,69.0506188977513,,55.25477327138352,-0.2959047549246608,0.1604021911186713,68.0352,32.0
AGO,Angola,2023,148.0,138.6904,4.319403224512714,,-0.3430473543632819,0.0476235018657555,2809.1572797555687,36749906,69.8515032220457,,53.03348363230801,-0.3327779873160922,0.0578275669731777,68.2808,29.0
AGO,Angola,2024,148.0,,,,-0.3833965862349969,,2845.4777930297532,37885849,70.6551379036435,,50.84223055620905,-0.3672784758625901,,69.9229,22.0
BEN,Benin,1960,10.3,,,,,,655.9130075638678,2517286,9.78963141426664,,18.234199816607205,,,,39.0
BEN,Benin,1961,10.3,,8.158921603405462,,,,665.4312503665318,2559223,10.2494693125982,,14.118121685227752,,,,58.0
BEN,Benin,1962,10.3,,8.33628946434906,,,,631.4207151031599,2604659,10.8017443780542,,13.477127657662766,,,,58.0
BEN,Benin,1963,10.3,,8.513657325292657,,,,649.2601230679508,2652908,11.4456834981464,,15.447259020027019,,,,77.0
BEN,Benin,1964,10.3,,8.691025186236253,,,,679.3564468713507,2704003,12.1718319904604,,17.38050342517251,,,,42.0
BEN,Benin,1965,10.3,,8.86839304717985,,,,701.3321450596583,2757936,12.9707351725818,,22.17327363507775,,,,48.0
BEN,Benin,1966,10.3,,9.134444838595247,,,,711.8581705249985,2814317,13.8329383620962,,23.042607839763317,,,,52.0
BEN,Benin,1967,10.3,,9.48918056048244,,,,704.8385818091461,2872997,14.7489868765892,,27.438088320841597,,,,25.0
BEN,Benin,1968,10.3,,9.755232351897835,,,,716.6401560031806,2934257,15.7094260336464,,28.41122936678409,,,,69.0
BEN,Benin,1969,10.3,,10.464703795672223,,,,721.5324968015752,2998222,16.7048011508534,,33.2017249500644,,,,42.0
BEN,Benin,1970,10.3,,10.64207165661582,6.70734124614113,,,720.6050986181374,3065057,17.7256575457959,,39.63790344674171,,,2.5176,73.0
BEN,Benin,1971,10.3,,11.085491308974813,5.79302297530211,,,694.0340448500351,3134767,18.7625405360595,,45.6184127164884,,,2.4564,43.0
BEN,Benin,1972,10.3,,11.35154310039021,5.34084275704274,,,721.8763157765518,3207543,19.8059954392298,,41.18455160670065,,,2.6622,63.0
BEN,Benin,1973,10.3,,11.528910961333807,7.26543586001948,,,731.3131197188554,3283496,20.8465675728923,,41.61214261333323,,,2.8037,55.0
BEN,Benin,1974,10.3,,11.794962752749202,7.30053186653568,,,737.9483262437811,3362633,21.8748022546328,,43.811404502046294,,,2.7795,57.0
BEN,Benin,1975,10.3,,12.149698474636397,8.24811696073847,,,684.9622915950418,3445407,22.8812448020367,,47.941227961552194,,,2.9656,52.0
BEN,Benin,1976,10.3,,12.415750266051791,7.17067351693105,,,674.0408665338979,3532196,23.8564405326898,,44.019757708696446,,,2.8281,66.0
BEN,Benin,1977,10.3,,12.681802057467188,11.9754481763515,,,689.8587862500372,3623202,24.7909347641776,,50.95968551865935,,,2.9466,77.0
BEN,Benin,1978,10.3,,12.859169918410785,9.87506191111996,,,680.6510979930387,3718305,25.6752728140858,,51.0704526504407,,,3.0421,74.0
BEN,Benin,1979,10.3,,13.036537779354381,7.16735084170915,,,706.1044323118296,3818528,26.5,,54.538168153561564,,,3.1623,24.0
BEN,Benin,1980,10.3,,13.302589570769777,7.31176043884876,,,733.4906373411185,3925251,27.3020371175737,,53.138619599486084,,,3.3199,43.0
BEN,Benin,1981,10.3,,13.568641362185172,8.44352077940067,,,783.925193667226,4038307,28.119206762055,,59.88937209796516,,,3.5124,79.0
BEN,Benin,1982,10.3,,13.74600922312877,10.47772377555,,,778.638765032765,4156596,28.943406950421,,57.85733537394624,,,3.7425,51.0
BEN,Benin,1983,10.3,,13.834693153600567,9.23122618194265,,,723.4835206688854,4278978,29.7665356996492,,45.34201189082713,,,3.6762,23.0
BEN,Benin,1984,10.3,,13.923377084072367,9.87296573274717,,,758.3611656743008,4405895,30.5804910267167,,50.511303491975525,,,3.7661,77.0
BEN,Benin,1985,10.3,,14.012061014544164,8.35898246635467,,,791.727164830118,4538012,31.3771709486008,,60.301217978157105,,,3.9839,76.0
BEN,Benin,1986,10.3,,14.100744945015965,7.58341909212133,,,785.1430701104969,4675420,32.1484734822788,,49.29141769820418,,,3.7203,42.0
BEN,Benin,1987,10.3,,14.189428875487762,7.14629255492579,,,750.4038406020994,4818486,32.8862966447279,,46.2181352147978,,,3.6962,50.0
BEN,Benin,1988,10.3,,14.27811280595956,7.04025026675876,,,752.7040349856088,4967341,33.5825384529254,,45.886828029030575,,,3.6634,48.0
BEN,Benin,1989,10.3,,14.36679673643136,8.27974889048095,,,709.1889077102434,5121657,34.2290969238486,,38.30036735894052,,,3.6601,57.0
BEN,Benin,1990,10.3,,14.322454771195458,7.96244835206467,-0.3447839511854221,-0.4492183528654804,749.4596665829263,5281479,34.8178700744747,0.0,45.720182145139624,-0.3522490559542919,-0.4696167968289491,3.8389,50.0
BEN,Benin,1991,10.3,,14.36679673643136,7.16256774709576,-0.3127444243791984,-0.356053379162763,757.4031451078765,5446932,35.340755921781,0.0,51.34471683554863,-0.3161333633008965,-0.3820859594169961,3.9304,41.0
BEN,Benin,1992,10.3,,14.455480666903156,8.98935720487977,-0.3380703307717419,-0.3885008452810845,756.0808881658505,5617844,35.7897618395069,0.0,56.74074580485531,-0.3410643036662084,-0.4100980750160358,4.0352,72.0
BEN,Benin,1993,10.3,,14.632848527846754,5.75414194212418,-0.3420915466567407,-0.4422687940130708,765.4799144383416,5872706,36.181941228694,0.0,55.381799133660515,-0.3437746817214568,-0.4586646192236943,4.056,68.0
BEN,Benin,1994,10.3,,15.076268180205746,9.16848910994516,-0.3419996209375651,-0.4519688515977987,752.2775087407641,6096506,36.5273254197057,0.0,64.40047925355648,-0.3433919866723824,-0.4665823831357239,4.3888,74.0
BEN,Benin,1995,10.3,,15.874423554451933,9.20305097948777,-0.3043901663736467,-0.3914554527238784,781.0647884600995,6226773,36.8385136903681,0.0,63.80014001047499,-0.3067926742574,-0.4087065463203951,4.1692,37.0
BEN,Benin,1996,10.3,,17.29336644200071,8.30238134307419,-0.3647997736584337,-0.3766337891994694,793.7950526961998,6391858,37.126775626037,0.0,56.51779144563671,-0.367549589726993,-0.3945207378427733,5.1115,79.0
BEN,Benin,1997,10.3,,18.623625399077685,8.01233326007953,-0.3069241904345285,-0.293541453385618,814.9013954386764,6583365,37.4033808120677,3.389830508474576,58.71162961139657,-0.308077930444857,-0.3172661954504784,5.3911,57.0
BEN,Benin,1998,10.3,,19.953884356154663,7.52824530561227,-0.336273617626348,-0.2488639600741055,821.459971433599,6789489,37.679598833816,2.5316455696202533,59.59362529814328,-0.3364045739881065,-0.2756325290231776,5.4083,37.0
BEN,Benin,1999,10.3,,20.397304008513657,3.14792574635172,-0.3384885522816967,-0.3662132486864489,838.9767869757678,7002818,37.9666992766374,2.7777777777777777,54.39178915389571,-0.3359242359489089,-0.3894843288794945,5.7547,27.0
BEN,Benin,2000,10.3,3.22,21.106775452288044,3.26095148548745,-0.2818098042271756,-0.3440088270904469,861.2132920132091,7221619,38.2759517258875,1.9404761904761905,47.348151501284434,-0.2846050553259457,-0.3680167174353954,5.9745,73.0
BEN,Benin,2001,10.3,4.282399999999999,21.727562965590636,3.08482932392509,-0.2279394589492144,-0.2262765344080687,879.854463773645,7445596,38.6186257669218,2.378787878787879,48.25717063921973,-0.2326556151732118,-0.2536346088539292,6.5055,48.0
BEN,Benin,2002,10.3,5.2637,22.61440227030862,3.30280929086919,-0.1561143632768347,-0.1435297077936514,893.137100961634,7675426,39.0035069872981,2.412698412698413,43.768422536431096,-0.1606892848377971,-0.1731153114279007,6.9554,48.0
BEN,Benin,2003,10.3,6.1589,23.501241575026604,4.14024746183491,-0.2257504634384244,-0.1213450912463518,896.1467632017358,7913070,39.4169696013044,2.1125,41.61623055743336,-0.2262785957038335,-0.1513561252851125,7.3192,33.0
BEN,Benin,2004,10.3,7.0079,23.501241575026604,3.12542829249992,-0.1876725811999706,-0.1111089433224026,907.6244312093777,8159094,39.8525699078742,1.8395061728395061,39.90297433650955,-0.1911886550063223,-0.1390743559255949,7.6368,22.0
BEN,Benin,2005,10.3,6.9487000000000005,23.536715147215325,3.07234403993019,-0.2488230168077416,-0.0150908498779927,893.91536869992,8426144,40.3097749006517,0.7009345794392523,39.09593118791423,-0.250893958256133,-0.0392924468950784,8.0821,55.0
BEN,Benin,2006,10.3,8.7056,22.170982617949626,3.0487620934124,-0.2237863957453137,0.0236071413345873,900.6205357873505,8693242,40.7877794072449,0.0,39.77469871285512,-0.2279793991199853,-0.0020332690176652,9.3406,73.0
BEN,Benin,2007,10.3,9.9153,22.170982617949626,3.6269150463223,-0.1101272154290781,0.0705891683119013,926.7401137540711,8953969,41.2857782552618,0.0,49.113784152970524,-0.1183199346404688,0.0440802962933657,10.0519,30.0
BEN,Benin,2008,10.3,10.5252,22.170982617949626,3.64875464694908,-0.071602102427501,0.0120882412646907,943.2033803038615,9228466,41.8029662723105,0.1572052401746725,47.775359269516855,-0.084850081513312,-0.008673971293456,10.1634,54.0
BEN,Benin,2009,10.3,11.549000000000001,22.170982617949626,3.7029183280864,-0.0357951799597269,0.094372972243453,936.5656510715543,9509423,42.338538285999,0.1875,44.70262906298062,-0.0510695615186454,0.0696941542955935,10.6888,46.0
BEN,Benin,2010,10.3,6.7691,22.170982617949626,3.42232994008176,0.0723746695796147,0.2259237745218252,928.2466553291445,9797484,42.8916891239353,0.0,51.43085994929244,0.0553976798170724,0.1945238090534308,11.5488,68.0
BEN,Benin,2011,10.3,7.9009,22.170982617949626,3.47893234434337,0.1029894889031322,0.1659793569679969,927.7164128367069,10093623,43.4616136137276,0.0,47.21702881184026,0.0885162435952751,0.1446277149914627,11.644,22.0
BEN,Benin,2012,10.3,7.541,23.057821922667614,3.92162835813785,0.0689019864329117,0.1702197018339473,943.9187715310006,10397657,44.0475065829838,0.7291666666666666,50.73673677911344,0.055109450912863,0.151366522275593,11.5913,50.0
BEN,Benin,2013,10.3,8.6438,23.9446612273856,3.56116585676154,0.0114729168468693,0.2505357085713585,982.3992062905163,10708834,44.6502883669319,0.0,59.20019183318752,-0.0044290227603693,0.2322847918564437,12.3137,36.0
BEN,Benin,2014,10.3,8.8418,23.9446612273856,3.70461552370497,-0.0659090440437764,0.1936871568209552,1014.4330062135048,11030004,45.2880529235999,0.14367816091954022,65.26827494045507,-0.0759232413624838,0.1762477624147078,12.9415,26.0
BEN,Benin,2015,10.3,9.5398,23.9446612273856,4.30030313599698,-0.0223411950767892,0.1116904476934031,1002.4188687961384,11360681,45.9407403257663,1.1242424242424243,56.75631318494763,-0.0290377411427254,0.104536889818602,13.4996,43.0
BEN,Benin,2016,10.3,11.215200000000001,24.831500532103583,4.4537224695981,-0.0602410168826291,0.0187684454799653,1006.0392663302298,11697842,46.6094559006664,1.934782608695652,58.98692833782759,-0.0645592893046799,0.0116279763902966,15.175,56.0
BEN,Benin,2017,10.3,11.5602,26.54821656615821,4.09835325309901,-0.191691643362723,-0.1309864449130957,1032.9047119418244,12039780,47.2942774880391,1.634441087613293,61.47659695884744,-0.1950292484914525,-0.1362273197765481,15.52,27.0
BEN,Benin,2018,10.3,12.970799999999999,30.29195282014899,2.60830727598415,-0.2024073346224897,-0.1908064405785619,1071.5045215693176,12383347,47.9952829275963,2.6782178217821784,61.79519449034482,-0.2080332975578596,-0.1998962174362681,16.9306,35.0
BEN,Benin,2019,10.3,13.178300000000002,31.37621851720468,2.46799590195586,-0.2232339894081622,-0.3095483673494196,1114.1730452644254,12726755,48.7125500590248,1.0246212121212122,63.68133231422999,-0.230644044774485,-0.3192200059796971,17.1381,49.0
BEN,Benin,2020,10.3,13.704500000000001,29.542910606598085,2.42798483756811,-0.273792704474408,-0.4268177904986568,1126.654041221538,13070169,49.4461567219896,0.5470171890798786,44.83323337687261,-0.2827560803213024,-0.4366454164738831,17.6643,73.0
BEN,Benin,2021,10.3,12.225500000000002,30.92332830791061,2.30442028320417,-0.2383436580456683,-0.4962420951956271,1176.3772763727318,13413417,50.1961807561354,0.2575488454706927,48.05486083244088,-0.2487029133441467,-0.5036463356326235,16.1853,58.0
BEN,Benin,2022,10.3,13.093300000000001,31.4468987229514,,-0.0811164462776981,-0.4734452821043745,1218.496689290907,13759501,50.9627000010887,,44.38159288774241,-0.0932641108741964,-0.4817426541067367,17.0531,37.0
BEN,Benin,2023,10.3,13.3941,31.4468987229514,,-0.0632353278753795,-0.5277879699665262,1263.621583363682,14111034,51.7457922964593,,44.663130818021095,-0.0774357630050104,-0.5263201696849534,17.3539,39.0
BEN,Benin,2024,10.3,,,,-0.0548821081652409,,1324.7831259743414,14462724,52.5455354818423,,40.639802240152314,-0.0688848556196367,,17.7671,67.0
BWA,Botswana,1960,2.4,,0.7040389603514902,,,,393.8617424871663,516165,3.00183842990332,,65.91957811470006,,,,36.0
BWA,Botswana,1961,2.4,,0.7040389603514902,,,,409.5021664692475,527942,3.06761053773735,,69.74182766113977,,,,61.0
BWA,Botswana,1962,2.4,,0.7040389603514902,,,,426.9016378518569,540186,3.14032650567961,,72.76503187895045,,,,75.0
BWA,Botswana,1963,2.4,,0.7040389603514902,,,,441.72804556941907,552966,3.22010465013842,,76.33980019525372,,,,36.0
BWA,Botswana,1964,2.4,,0.7040389603514902,,,,460.82443413060724,566266,3.37400263840686,,77.38771243932099,,,,58.0
BWA,Botswana,1965,2.4,,0.7058034690240502,,,,480.4906497733853,574664,3.83373315592927,,82.31707317073172,,,,49.0
BWA,Botswana,1966,2.4,,0.7058034690240502,,,,508.14172728013926,577866,4.63098813770292,,80.21680216802169,,,,26.0
BWA,Botswana,1967,2.4,,0.7058034690240502,,,,535.4052471457425,580933,5.64569147409951,,75.3873411098824,,,,58.0
BWA,Botswana,1968,2.4,,0.7058034690240502,,,,588.9071895949045,583966,6.77841629892652,,86.0,,,,65.0
BWA,Botswana,1969,2.4,,0.7058034690240502,,,,674.3899890558095,587066,7.92973574599147,,75.33753375337534,,,,73.0
BWA,Botswana,1970,2.4,,0.7058034690240502,3.1539871567487,,,785.4748844427785,590334,9.00022294910186,,85.56925308194344,,,3.4086,27.0
BWA,Botswana,1971,2.4,,0.7058034690240502,2.10662941293803,,,971.5928993836179,600481,9.88578063389711,,94.7136563876652,,,3.5348,43.0
BWA,Botswana,1972,2.4,,0.7075679776966104,1.88880476141673,,,1184.4737005607494,622407,10.5712642366056,,97.91502753737214,,,4.1077,50.0
BWA,Botswana,1973,2.4,,0.7075679776966104,2.45821339454053,,,1370.7328273285584,652408,11.1468859569309,,100.79669519032164,,,4.3366,21.0
BWA,Botswana,1974,2.4,,0.7075679776966104,4.71547413802842,,,1419.442068542569,685448,11.6511003202516,,105.69848521279152,,,4.9298,61.0
BWA,Botswana,1975,2.4,,0.7075679776966104,4.50437561460799,,,1464.6878520085809,720380,12.1153934795647,,107.38625547306302,,,5.4956,76.0
BWA,Botswana,1976,2.4,,0.7075679776966104,8.42668402298768,,,1539.173872999815,758508,12.571251587867,,116.70788253477589,,,6.3215,61.0
BWA,Botswana,1977,2.4,,0.7075679776966104,7.20883695872298,,,1635.5125914087387,799574,13.0501607981557,,120.2103879026956,,,6.8715,25.0
BWA,Botswana,1978,2.4,,0.7075679776966104,3.5853846648505,,,1760.570703640008,849239,13.5836072634278,,120.58492688413949,,,6.6265,40.0
BWA,Botswana,1979,2.4,,0.7110969950417306,4.77198382565836,,,1859.4945788764164,901742,14.2030771366801,,119.3729422328644,,,6.7096,49.0
BWA,Botswana,1980,2.4,,0.7110969950417306,4.31752918480549,,,2002.9961527223481,937485,14.9400565709098,,119.50154629798071,,,6.9173,60.0
BWA,Botswana,1981,2.4,,0.7110969950417306,3.14247228662862,,,2111.345638889047,969996,15.8138805197944,,121.23539232053422,,,7.161,50.0
BWA,Botswana,1982,2.4,,0.7146260123868509,3.49473617688353,,,2276.0498245967256,1009269,17.2318522887696,,123.83618008707717,,,7.3743,66.0
BWA,Botswana,1983,2.4,,0.7146260123868509,2.30324418106768,,,2484.5179557106735,1046137,19.5665981393227,,124.64906482093556,,,7.0975,57.0
BWA,Botswana,1984,2.4,,0.7146260123868509,1.64485337986057,,,2603.4486567900444,1083660,22.6171101043958,,118.77347071785482,,,6.8471,42.0
BWA,Botswana,1985,2.4,,0.7181550297319711,1.88553881942524,,,2693.7818815168457,1121945,26.1636434752903,,117.52280817558172,,,6.5383,54.0
BWA,Botswana,1986,2.4,,0.7181550297319711,1.48504010770118,,,2816.7693715822975,1160650,29.9864535433074,,117.45958959073712,,,6.7108,66.0
BWA,Botswana,1987,2.4,,0.7216840470770914,1.14242972380008,,,3050.231762450119,1199167,33.8657955997486,,123.57175329595394,,,6.8318,44.0
BWA,Botswana,1988,2.4,,0.7216840470770914,7.25076480890219,,,3536.423253878771,1235476,37.581924935915,,114.45159022292071,,,7.8606,65.0
BWA,Botswana,1989,2.4,,0.730506590439892,5.5697917729506,,,3888.730451139246,1270274,40.9150968431081,,105.36086456212632,,,8.3631,23.0
BWA,Botswana,1990,2.4,,0.7410936424752528,2.04902385582127,0.430967328175857,1.4178912924552842,4039.4654445509887,1305696,43.6455666126291,0.0,104.84732039674718,0.4540546094962361,1.4167060656024113,9.2706,64.0
BWA,Botswana,1991,2.4,,0.5293526017680377,3.070979269326,0.0263667607160844,1.30930698075994,4224.098575449484,1341756,45.5396336959653,0.0,99.55838534642287,0.0279023990951537,1.3100555671587448,8.2817,63.0
BWA,Botswana,1992,2.4,,0.44112716814003144,1.97153795463796,0.1819243079266278,1.2919700826660323,4226.73999498293,1380033,46.7985294866841,0.0,89.75125458681512,0.1889686943634368,1.29154503298185,8.529,45.0
BWA,Botswana,1993,2.4,,0.617578035396044,1.14828195290547,0.2418850377968976,1.3130415130331283,4186.145473583633,1420115,47.8662437145732,0.0,86.20820500966985,0.2516846423381907,1.3149091920339402,8.3561,68.0
BWA,Botswana,1994,2.4,,0.6969809256612497,1.62952199048033,0.2594057356119311,1.2732084636859045,4219.440808867804,1460023,48.7932865701141,0.0,88.18060972836828,0.2699081987410296,1.271090736094031,8.4097,43.0
BWA,Botswana,1995,2.4,,0.6087554920332434,2.32135451850578,0.2574492875428488,1.4121634365809164,4399.1388580936,1498836,49.6118603364468,0.0,94.59517164600204,0.2681948758687267,1.4084961133363527,9.4412,30.0
BWA,Botswana,1996,2.4,,0.6087554920332434,1.2490411836837,0.3880885057254773,1.501586493096077,4543.210534927304,1535914,50.354167296711,0.0,90.955575275056,0.4048340874938883,1.4979645622113245,8.5658,50.0
BWA,Botswana,1997,2.4,,0.5293526017680377,1.38262764865296,0.468470796822612,1.5905563742438438,4809.443918467196,1571691,51.0524097340465,0.0,108.60441515075459,0.4880668529052283,1.5888202748887574,8.7969,74.0
BWA,Botswana,1998,2.4,,0.40583699468882894,0.852197294186411,0.8258891143769628,1.6442221691246908,4724.936709420278,1606899,51.7387899315932,0.0,101.84103932029242,0.8265059970253938,1.6457578023869397,9.6446,29.0
BWA,Botswana,1999,2.4,,0.42348208141443017,1.35861662081351,1.2255946842454208,1.7404570567253488,5070.947720487288,1641997,52.4455101724909,0.0,98.92908120214183,1.2075234548013103,1.7557995748291144,10.3453,43.0
BWA,Botswana,2000,2.4,8.1286,0.617578035396044,2.37714702277095,1.4207122454961745,1.653681168531023,5062.642891735881,1677382,53.2047727398794,0.0,91.92472968991801,1.405810273849775,1.6676516726062554,10.9496,51.0
BWA,Botswana,2001,2.4,7.4261,0.3529017345120251,1.16385362507893,1.343642251004599,1.6854555036838956,4971.963717941883,1712254,54.0489894446035,0.0,87.52506556809571,1.3287878585828874,1.696516988050512,10.2471,45.0
BWA,Botswana,2002,2.4,7.217700000000001,0.43230462477723075,0.914120248089873,1.1870415338577989,1.666537545489506,5175.476553172314,1744763,55.0142988603802,0.0,91.8357740585774,1.1760831123953646,1.6766148031997354,10.0387,72.0
BWA,Botswana,2003,2.4,6.6478,0.3440791911492245,1.93144907309188,1.1270446511518657,1.6874194127946265,5320.440295139003,1775736,56.0979233496432,0.0,85.83404251512643,1.113053782900872,1.6937509580328252,9.4688,35.0
BWA,Botswana,2004,2.4,6.606300000000001,0.3987789599985884,3.22396760199793,1.0340525928624928,1.692393343861101,5369.42516766112,1807146,57.2582489329358,0.0,90.9978228872631,1.01942397654589,1.6983006404713887,9.4273,77.0
BWA,Botswana,2005,2.4,7.314500000000001,0.3767226015915868,2.34343304226201,0.9387357758655538,1.6394497783156123,5514.217426647054,1839877,58.4535554684584,0.0,88.50535205735048,0.9273738955569364,1.6476095864101907,10.1355,72.0
BWA,Botswana,2006,2.4,7.1983,0.35466624318458523,6.44214501334577,0.9586859439551972,1.643245385697381,5865.000265213611,1874516,59.6421228144112,0.0,86.61243391352403,0.947856287040718,1.6510115360229372,10.0193,22.0
BWA,Botswana,2007,2.4,7.3767,0.32114057840594284,7.41241849763415,0.994391570697331,1.5743935926776282,6085.6354476126,1911201,60.7822308289942,0.0,98.49652494072521,0.9842354818747242,1.5860738119474362,10.1977,65.0
BWA,Botswana,2008,2.4,8.076,0.492297919644275,3.96220451892022,1.0043280809197783,1.5747122148385198,6158.61629368051,1949970,61.8321593704079,0.0,99.00822200798896,0.99591298326618,1.5743484447187266,10.897,40.0
BWA,Botswana,2009,2.4,7.453100000000001,0.5575847405289996,2.2457224349065,0.93154735885691,1.674153668856534,5179.413860714604,1990673,62.7501882968523,0.0,88.48078863373782,0.9196631215208684,1.6576107511684264,10.2741,46.0
BWA,Botswana,2010,2.4,7.8301,0.4570077461930725,2.10519505915873,0.948736665980203,1.5401813718108706,5584.5034321846,2033111,63.4945974665277,0.045112781954887216,94.63900208739258,0.9338205971546742,1.5307014110224533,10.6511,52.0
BWA,Botswana,2011,2.4,8.5075,0.5717008099094807,1.89428505199175,1.0563845555233302,1.4509027356087791,5850.078585754607,2073535,64.0187810722889,0.060669456066945605,98.9614677801469,1.0405342030751208,1.4458304235939123,11.3285,21.0
BWA,Botswana,2012,2.4,7.0878,0.5028849716796358,2.25863530970605,1.2117974616915184,1.423664644951672,5742.9192445263625,2108617,64.3993247826904,0.3105413105413105,111.8752806209518,1.2016221764616843,1.4164731734509863,9.9088,45.0
BWA,Botswana,2013,2.4,8.9917,0.49406242831683517,1.42514080375562,1.3574655428253408,1.4837379966672015,6284.976780026177,2140682,64.7579735458393,0.25757575757575757,125.78303991122002,1.3521229811558286,1.4711053468823652,11.8127,58.0
BWA,Botswana,2014,2.4,10.0338,0.7093324863691705,0.927757760163875,1.3515948229939696,1.4068952963201855,6547.122541158922,2172044,65.0965122400825,0.12483801295896327,119.49754179146359,1.346654787421282,1.3961160253682967,12.8548,43.0
BWA,Botswana,2015,2.4,10.3773,0.45806645139660856,0.804774555171728,1.3116007317897918,1.374313261934388,6141.203947266163,2203273,65.4103584313295,0.11215897608622431,112.90089101600478,1.306137822090396,1.3647305693054466,13.1983,55.0
BWA,Botswana,2016,2.4,9.5574,0.45806645139660856,0.762292638118151,1.2294405783481914,1.2367633917667538,6490.834635934826,2234776,65.6949296854899,0.1947231512448904,100.46468976602598,1.2248276938871736,1.2350855147058246,12.3784,56.0
BWA,Botswana,2017,2.4,10.022400000000001,0.45806645139660856,0.880112468848718,1.218472852370093,1.130564450954873,6662.576448054672,2266747,65.9456435684731,0.1808862433862434,81.92395137634941,1.2142325414554431,1.1338556328871974,12.8434,22.0
BWA,Botswana,2018,2.4,10.9321,0.45806645139660856,0.869694754311434,1.2195041917641227,1.1221837501226837,6843.846120277393,2299141,66.1579176461888,0.17426662794074935,87.45510399464932,1.2144631589615926,1.1242580618446631,13.7531,53.0
BWA,Botswana,2019,2.4,9.5995,0.45877225486563267,0.656053805525875,1.273003530274648,1.0891868731805965,6951.731890511457,2332083,66.3271694845464,0.18378712871287128,83.09298136011748,1.2650373074121004,1.091394124793918,12.4205,47.0
BWA,Botswana,2020,2.4,8.1305,0.45877225486563267,0.675042393475679,1.242356162573329,1.1180372164484675,6254.248062410908,2365894,66.4488166494554,0.2723521320495186,77.6634178592071,1.2341227488742514,1.1186230633720762,10.9515,37.0
BWA,Botswana,2021,2.4,9.435500000000001,0.45877225486563267,1.03853443914101,1.1761487772327288,0.8555036860989028,6895.911849431069,2401441,66.5182767068255,0.25404732254047324,88.75874958658049,1.1650597914215897,0.8508615052416622,12.2565,68.0
BWA,Botswana,2022,2.4,9.7111,0.45877225486563267,,1.205054907249573,1.0112870801338265,7159.586061826801,2439892,66.5889787170477,,85.61170775434319,1.1915944057633168,1.0161128863918043,12.5321,52.0
BWA,Botswana,2023,2.4,9.7867,0.45877225486563267,,1.1359468769978132,1.0199359638544128,7269.051706644575,2480244,67.0212655349864,,68.80335783608163,1.120175373107849,1.023498835473021,12.6077,79.0
BWA,Botswana,2024,2.4,,,,1.0092401274364025,,6937.33180990267,2521139,67.4623537838418,,71.10525790521241,1.0000699618194215,,12.0977,36.0
BFA,Burkina Faso,1960,12.5,,10.964912280701753,,,,244.1672578733652,4778621,5.03571128845215,,20.701370059555316,,,,66.0
BFA,Burkina Faso,1961,12.5,,10.964912280701753,,,,250.3940910126673,4848224,5.11663722991943,,21.218862439749195,,,,33.0
BFA,Burkina Faso,1962,12.5,,10.964912280701753,,,,261.88091690319743,4919672,5.19885778427124,,21.237948391870358,,,,61.0
BFA,Burkina Faso,1963,12.5,,10.964912280701753,,,,254.73118301603495,4993623,5.28240346908569,,21.2485012803128,,,,43.0
BFA,Burkina Faso,1964,12.5,,10.964912280701753,,,,256.56891154956134,5071034,5.36727714538574,,14.317275639341528,,,,76.0
BFA,Burkina Faso,1965,12.5,,10.964912280701753,,,,262.00131696778413,5152833,5.453537940979,,16.029217124616295,,,,35.0
BFA,Burkina Faso,1966,12.5,,10.964912280701753,,,,259.13028523800193,5237933,5.54116725921631,,16.700219186292113,,,,25.0
BFA,Burkina Faso,1967,12.5,,10.964912280701753,,,,277.3131891714045,5326348,5.63020658493042,,18.85581328437393,,,,67.0
BFA,Burkina Faso,1968,12.5,,10.964912280701753,,,,280.9603150150461,5418644,5.72066736221313,,21.492128824118648,,,,74.0
BFA,Burkina Faso,1969,12.5,,10.964912280701753,,,,281.73763833433964,5513177,5.81261157989502,,22.349608364856667,,,,63.0
BFA,Burkina Faso,1970,12.5,,10.964912280701753,6.82211867501044,,,277.1841058137146,5610304,5.90600919723511,,21.597010421847468,,,6.3086,59.0
BFA,Burkina Faso,1971,12.5,,10.964912280701753,5.717049046642,,,276.290476527029,5707999,6.00090456008911,,25.44255661423101,,,6.3415,54.0
BFA,Burkina Faso,1972,12.5,,10.964912280701753,5.4800450574577,,,277.84649611294196,5807234,6.097327709198,,27.68872686121302,,,6.0052,63.0
BFA,Burkina Faso,1973,12.5,,10.964912280701753,7.9999262761063,,,274.1525064218179,5911927,6.19532108306885,,29.23133631137104,,,5.7152,35.0
BFA,Burkina Faso,1974,12.5,,10.964912280701753,7.99075804413878,,,291.30314550296123,6024904,6.29485940933228,,32.79367889359969,,,5.8736,50.0
BFA,Burkina Faso,1975,12.5,,10.964912280701753,8.75281726762481,,,294.05075564101196,6147569,6.38334765393346,,37.49937070695011,,,6.0383,68.0
BFA,Burkina Faso,1976,12.5,,10.964912280701753,7.53390289320968,,,312.38598906069143,6280635,6.53940323665028,,35.21349567833334,,,6.2096,42.0
BFA,Burkina Faso,1977,12.5,,10.964912280701753,11.8602732911478,,,306.319820987094,6428734,6.84646079847896,,38.40353375800819,,,6.3738,31.0
BFA,Burkina Faso,1978,12.5,,10.964912280701753,9.35616803031708,,,312.5463784412259,6590984,7.28102713473539,,35.219248484459584,,,6.6135,58.0
BFA,Burkina Faso,1979,12.5,,10.964912280701753,7.40151103111159,,,315.71696837442033,6763903,7.81418389802092,,37.528578065335125,,,6.9162,53.0
BFA,Burkina Faso,1980,12.5,,10.964912280701753,8.32728354037215,,,309.80528364599746,6947900,8.41701274093687,,40.213028682332016,,,7.1198,61.0
BFA,Burkina Faso,1981,12.5,,10.964912280701753,8.02474857782592,,,314.28658255995924,7140271,9.0605953160846,,40.71152425266567,,,7.4129,59.0
BFA,Burkina Faso,1982,12.5,,10.964912280701753,11.2825956149589,,,334.9604650152702,7340197,9.71601327606543,,39.81975144281088,,,7.799,67.0
BFA,Burkina Faso,1983,12.5,,10.964912280701753,8.21124482452801,,,326.73027351331916,7551129,10.3543482734807,,37.45829724601244,,,8.0543,43.0
BFA,Burkina Faso,1984,12.5,,11.424819078947369,8.60982356569787,,,311.7883341852744,7772256,10.9466819609318,,39.718705664087196,,,8.2607,54.0
BFA,Burkina Faso,1985,12.5,,11.884725877192983,6.14302586324529,,,328.7151646304813,7999935,11.4581473159859,,40.947546982869575,,,9.1837,71.0
BFA,Burkina Faso,1986,12.5,,12.34463230994152,7.66469160714263,,,344.99391230664116,8228847,11.8893133177795,,37.96172942298748,,,9.5374,27.0
BFA,Burkina Faso,1987,12.5,,12.804539108187136,6.548260423316,,,334.8889969592117,8457109,12.26558834261,,39.43994633000749,,,9.9016,62.0
BFA,Burkina Faso,1988,12.5,,13.264445906432748,6.51432087897833,,,344.9044642012026,8687435,12.6088107285023,,38.129682276595105,,,10.2027,63.0
BFA,Burkina Faso,1989,12.5,,13.724352704678362,6.70020842635896,,,343.08982026075194,8921175,12.9286074163191,,32.39475994393062,,,10.4437,60.0
BFA,Burkina Faso,1990,12.5,,14.1842591374269,6.81625243815519,-0.4205982456639058,-1.024920508816529,332.1532766609349,9159356,13.2346053469232,,35.42265044017486,-0.4310492399280501,-1.029318643991541,11.3067,68.0
BFA,Burkina Faso,1991,12.5,,14.644165935672515,7.26046395583746,-0.355634684932707,-0.9262739740650232,353.2067207573781,9394632,13.5364314611772,,33.79623642636472,-0.3598480212283634,-0.9276148713004406,11.8977,22.0
BFA,Burkina Faso,1992,12.5,,15.104072733918128,6.38594325517431,-0.3752065493458285,-0.8722665737414395,345.40181682334884,9629275,13.8437126999438,,28.374016377197524,-0.3789237843828635,-0.8804919350290528,12.022,41.0
BFA,Burkina Faso,1993,12.5,,15.56397953216374,5.60307109871254,-0.4612227578608192,-0.8636883704196836,348.58121103268854,9871713,14.1660760040858,,29.625083953461623,-0.4642227992408326,-0.8749535245662671,12.3144,36.0
BFA,Burkina Faso,1994,12.5,,16.023886330409358,11.6033059336286,-0.4735156651204867,-0.888005876846457,344.37118406950316,10123798,14.5131483144658,,39.22922223864105,-0.4764849409987075,-0.8989007940320428,12.7061,44.0
BFA,Burkina Faso,1995,12.5,,16.483792763157894,13.843726322489,-0.4842078337196188,-0.9115783998846057,354.84118850286137,10386722,14.8945565719465,,40.747471418340695,-0.4864699840790205,-0.9246533617293464,13.1283,52.0
BFA,Burkina Faso,1996,12.5,,16.94369956140351,12.8265050804085,-0.5246104001774489,-0.925467251643992,383.97358303114686,10655942,15.3191448028844,,38.18029776919413,-0.5267595107224764,-0.9385554420368196,13.5433,78.0
BFA,Burkina Faso,1997,12.5,,17.403606359649125,12.7584218450444,-0.5083553625336172,-0.9905358970660844,397.8389552573729,10934223,15.8141283865811,,37.416418780351094,-0.5098715718748105,-1.0010052077566491,14.0362,44.0
BFA,Burkina Faso,1998,12.5,,17.863513157894737,11.6835551560442,-0.532192214763514,-1.0460897458219842,415.2735134702415,11240664,16.4430937418116,,40.93978357525617,-0.5325005116744176,-1.0586684221491802,14.4569,47.0
BFA,Burkina Faso,1999,12.5,,18.323419956140352,4.63222320225907,-0.5901997322650866,-1.1340065344919594,433.10472759723433,11574928,17.1834171163423,,35.25481578148237,-0.5906476068148784,-1.1447842056507462,13.842,72.0
BFA,Burkina Faso,2000,12.5,40.1765,18.783326388888888,5.33460866542021,-0.628782678428065,-1.157209649674379,428.3097965661981,11925546,18.0003503329444,25.1974358974359,35.12294197042633,-0.6293023532209405,-1.1692985998675645,14.181,65.0
BFA,Burkina Faso,2001,12.5,42.8185,19.2432331871345,4.7678329673339,-0.615815956386254,-1.1884789215765703,442.91412287004846,12295001,18.8591452143893,14.693989071038253,31.658170814851083,-0.6170663644531479,-1.2002996230852467,15.8529,73.0
BFA,Burkina Faso,2002,12.5,44.176500000000004,19.703139985380115,5.7281615453601,-0.6743276801406747,-1.1988495528405403,448.1288563170914,12680897,19.725053583448,17.46849315068493,31.312522852796636,-0.6749534359340813,-1.2129606609901389,16.2408,54.0
BFA,Burkina Faso,2003,12.5,48.4544,20.16304678362573,6.32363457743713,-0.6396506589163591,-1.2342872456798788,468.26304779012423,13082532,20.563327262892,21.548314606741574,30.368236407732297,-0.6418325681209633,-1.2491328365468428,19.5486,40.0
BFA,Burkina Faso,2004,12.5,49.6852,20.622953216374267,5.43726005672726,-0.6819021647157515,-1.183417635530159,474.086412333459,13500533,21.3392180754924,21.40506329113924,35.48094360174617,-0.6843985675539941,-1.202391284209125,19.8093,30.0
BFA,Burkina Faso,2005,12.5,51.3226,21.082860014619882,6.37352650275332,-0.7014732042234376,-1.189915979877925,499.1927975712173,13932123,22.0179778440204,19.433268858800773,34.17216976810485,-0.7049790204221512,-1.205109224362619,20.4767,46.0
BFA,Burkina Faso,2006,12.5,52.7692,21.542766812865498,6.43344765321295,-0.7192310185113446,-1.2324074065436237,514.1131317570615,14373707,22.5528306908743,14.720802919708028,35.10654235545495,-0.7225416982369599,-1.246973717342594,20.9532,73.0
BFA,Burkina Faso,2007,12.5,54.6092,22.002673611111113,7.8129241337381,-0.670927068538715,-1.2683199140979,519.2610121843395,14816307,22.9741760828193,18.205882352941178,33.77971728950732,-0.6765477973167486,-1.2796599238356157,21.8231,53.0
BFA,Burkina Faso,2008,12.5,56.7264,22.462580409356725,8.59697070774107,-0.6188232395586848,-1.2612977596122046,533.4712999382883,15258093,23.3633747838557,21.924193548387098,35.385316980150165,-0.6258811725764442,-1.2759001867716857,22.9702,45.0
BFA,Burkina Faso,2009,12.5,58.064499999999995,22.922486842105265,9.57845327918773,-0.6596732739072513,-1.229216761164274,533.470084831931,15710066,23.7452325601116,18.9,40.29598367359238,-0.6662494749034703,-1.2427174561190597,23.4755,72.0
BFA,Burkina Faso,2010,12.5,60.4407,23.38239364035088,11.0860921412972,-0.5151369069122027,-1.2205209342401355,561.8472213024888,16176498,24.115092498158,13.851764705882353,49.0732385398039,-0.5216988796957096,-1.2300653554857093,24.3236,48.0
BFA,Burkina Faso,2011,12.5,62.143100000000004,23.842300438596492,13.6361933357251,-0.4839556521206991,-1.1480637514595324,581.6036587374068,16661908,24.4682976845657,8.997809419496166,57.49725310385083,-0.4924358414711556,-1.1585474302878842,24.9905,55.0
BFA,Burkina Faso,2012,12.5,62.388000000000005,24.302207236842108,12.4016028413011,-0.446919077916814,-1.0891532590559885,600.731343697818,17172287,24.8001912059054,8.650442477876107,61.238607981839785,-0.4582384856134068,-1.1024587996398922,25.9545,24.0
BFA,Burkina Faso,2013,12.5,65.8424,24.76211403508772,10.7523406528446,-0.4344203390874183,-1.0973923739587863,616.7413311640822,17695409,25.106116148748,8.38984375,64.03585130242335,-0.4442608977011052,-1.1058445860454746,26.9705,25.0
BFA,Burkina Faso,2014,12.5,65.3842,25.22202046783626,10.3109055603822,-0.4296144857253155,-1.0800165419254264,624.5768851876654,18229461,25.3814155996643,6.231283422459892,58.823562493742564,-0.4397639215318504,-1.0863606683469018,27.2923,54.0
BFA,Burkina Faso,2015,12.5,69.149,25.68192726608187,11.6328502278275,-0.5327560030856174,-1.0288134326042933,630.124750752312,18777487,25.621432645225,5.183262711864407,59.0891813101662,-0.5471993963124365,-1.0305018960254837,29.01,69.0
BFA,Burkina Faso,2016,12.5,70.0119,26.141834064327483,12.6155172354896,-0.5615585689113985,-0.9690231694698233,648.4204801760125,19334856,25.821510372001,8.377172653534183,57.893172799440585,-0.5790458231171361,-0.9740869165719852,29.8729,70.0
BFA,Burkina Faso,2017,12.5,71.13900000000001,26.6017408625731,12.3099089646115,-0.5356872197673882,-0.8976044514014138,669.2763103283327,19894407,25.9769918665632,7.897689768976898,59.2687802020168,-0.5578090527210113,-0.8994791834424187,31.0,53.0
BFA,Burkina Faso,2018,12.5,72.7416,27.061647295321638,8.87619594401664,-0.6036207624771077,-0.8275407018072586,694.4928131263506,20438288,26.0832202154822,9.7853170189099,60.59562562364882,-0.6288576234336025,-0.8302574382200877,32.6026,58.0
BFA,Burkina Faso,2019,12.5,73.9137,27.521554093567254,8.32797318460633,-0.6012960131903509,-0.7995285861606968,717.021595096634,20961952,26.1187254401157,13.147814910025707,60.408692875322615,-0.6273328734076219,-0.806747893179787,33.7747,23.0
BFA,Burkina Faso,2020,12.5,70.33420000000001,27.981460891812866,9.17782687692865,-0.5692627228890591,-0.845426622798799,713.8421779223995,21478690,26.3578373628627,13.459216441875402,60.73977864032392,-0.59498969914806,-0.8524459684847141,30.1952,76.0
BFA,Burkina Faso,2021,12.5,75.5759,28.441367690058478,20.1354014379911,-0.4747906341971813,-0.8385166449024907,745.4725634351441,21995243,26.8114307743017,13.982068141063959,62.42035866077954,-0.49991176633472,-0.8526531967819967,35.4369,36.0
BFA,Burkina Faso,2022,12.5,75.8816,28.901274488304097,,-0.3978602018418512,-0.8715541973958898,740.3063199302587,22509038,27.2791369742712,,67.52029013316555,-0.4201805015038933,-0.8895158573045392,35.7426,53.0
BFA,Burkina Faso,2023,,74.7311,28.901274488304097,,-0.429563381996354,-0.8641451374837075,745.4053346184086,23025776,27.7872478365158,,63.13268516932988,-0.451673597952558,-0.8788365846893069,34.5921,36.0
BFA,Burkina Faso,2024,,,,,-0.3614074268314587,,763.8337335224078,23548781,28.3352514896662,,60.502422291234836,-0.3774970497558826,,34.9177,36.0
BDI,Burundi,1960,10.06,,,,,,252.49443226323504,2764258,1.83856656446502,,,,,,37.0
BDI,Burundi,1961,10.06,,,,,,212.34285540931364,2835119,1.92495251210765,,,,,,58.0
BDI,Burundi,1962,10.06,,,,,,225.78813934807178,2907943,2.01385684556026,,,,,,41.0
BDI,Burundi,1963,10.06,,,,,,230.22486982361065,2969841,2.10503150051228,,,,,,56.0
BDI,Burundi,1964,10.06,,,,,,237.796206552628,3055650,2.19771316546114,,,,,,42.0
BDI,Burundi,1965,10.06,,,,,,240.48406689455012,3141367,2.29545155481425,,,,,,62.0
BDI,Burundi,1966,10.06,,,,,,245.5895993647939,3217960,2.40280810130907,,,,,,79.0
BDI,Burundi,1967,10.06,,,,,,272.52744854486,3300690,2.51479320891319,,,,,,46.0
BDI,Burundi,1968,10.06,,,,,,265.30958592256434,3380387,2.6316921325473,,,,,,71.0
BDI,Burundi,1969,10.06,,,,,,255.8217310851153,3454590,2.75329325457697,,,,,,63.0
BDI,Burundi,1970,10.06,,,6.75179243610598,,,303.7097923911063,3530432,2.87938495736776,,,,,2.1208,39.0
BDI,Burundi,1971,10.06,,,5.38352192015516,,,304.5592991166088,3617289,3.00975562328525,,,,,2.1156,36.0
BDI,Burundi,1972,10.06,,,6.30829520929673,,,285.0681163739504,3617128,3.144193634695,,,,,2.2127,57.0
BDI,Burundi,1973,10.06,,,8.73543999776321,,,305.13995945311535,3611991,3.28248737396257,,,,,2.2665,25.0
BDI,Burundi,1974,10.06,,,8.53403130645269,,,295.43006437029004,3703590,3.42442522345354,,,,,2.2883,31.0
BDI,Burundi,1975,10.06,,,9.72861507991445,,,290.2029860181435,3796612,3.56979556553348,,,,,2.3712,67.0
BDI,Burundi,1976,10.06,,,8.01546941205375,,,306.3131591146099,3882626,3.71838678256794,,,,,2.3848,39.0
BDI,Burundi,1977,10.06,,,12.5079383280415,,,332.79234017324194,3983582,3.86998725692251,,,,,2.3961,58.0
BDI,Burundi,1978,10.06,,,11.6536279070685,,,320.2751353002241,4100338,4.02438537096273,,,,,2.4285,66.0
BDI,Burundi,1979,10.06,,,8.38373040902871,,,317.6142672088541,4203530,4.18123558024844,,,,,2.5046,48.0
BDI,Burundi,1980,10.06,,,8.97893496518094,,,307.5782674600648,4383706,4.34343747899039,,,,,2.2636,29.0
BDI,Burundi,1981,10.06,,,7.57807236432871,,,331.2153922462465,4566014,4.51409025854643,,,,,2.0636,32.0
BDI,Burundi,1982,10.06,,,10.8146641849216,,,319.6486873478825,4681390,4.69233627788626,,,,,2.1081,44.0
BDI,Burundi,1983,10.06,,,6.54287623578637,,,322.7591329033855,4808528,4.87713387836215,,,,,2.149,52.0
BDI,Burundi,1984,10.06,,,6.77837470134746,,,315.5224618599284,4926465,5.06744140132635,,,,,2.2279,60.0
BDI,Burundi,1985,10.06,,,5.93607795107987,,,345.1638542345178,5034042,5.26221718813112,,,,,2.1819,40.0
BDI,Burundi,1986,10.06,,,8.5754324322928,,,349.75603026614704,5129414,5.46041958012872,,,,,2.3676,34.0
BDI,Burundi,1987,10.06,,,9.32629775954397,,,360.67992379734676,5247787,5.6610069186714,,,,,2.3998,72.0
BDI,Burundi,1988,10.06,,,10.3888577552606,,,370.52675566420885,5365327,5.86293754511142,,,,,2.5369,34.0
BDI,Burundi,1989,10.06,,,10.6546944331069,,,368.22615709793166,5471706,6.06516980080104,,,,,2.5708,23.0
BDI,Burundi,1990,10.06,,,13.3710325485084,-0.447879523259452,-0.9128808903500464,373.2452416879918,5587052,6.26688751370564,,,-0.4594049703131468,-0.9135942957415484,3.0465,24.0
BDI,Burundi,1991,10.06,,,12.6945459260951,-0.3641229828906557,-0.7955515284448672,383.87035858919097,5703857,6.46281419953055,,,-0.3685607142466618,-0.7965848490334793,3.1795,40.0
BDI,Burundi,1992,10.06,,,14.0206683948811,-0.3714009682563552,-0.8172342229029831,377.5183196978736,5858407,6.64880538600158,,,-0.375124783142676,-0.8191962020297355,3.134,48.0
BDI,Burundi,1993,10.06,,,14.2386485803442,-0.3338826323805433,-0.8119292995362495,365.2820122717048,5676843,6.82684917355131,,,-0.3389640587565439,-0.8137981384473454,3.1875,42.0
BDI,Burundi,1994,10.06,,,17.0617153405694,-0.3713447032061165,-0.8079117668374312,349.0162492377681,5713854,6.99924539529555,,,-0.3750530671177142,-0.809252440593515,3.1625,24.0
BDI,Burundi,1995,10.06,,,24.0289135102954,-0.387133664453006,-0.8258814334110255,302.70184452460444,6066316,7.16829388435013,,,-0.3898500022627937,-0.8264559512626184,3.2863,79.0
BDI,Burundi,1996,10.06,,,28.9246630230297,-0.4491147878668815,-0.8336688685624422,278.29347986698326,6070506,7.33629447383088,,,-0.4508882513583196,-0.8362143153465852,3.3931,43.0
BDI,Burundi,1997,10.06,,,23.6215639518173,-0.4710468286242901,-0.869182725106168,273.8895483328965,6070042,7.50554699685361,,,-0.4724264751553568,-0.871754260926874,3.4458,63.0
BDI,Burundi,1998,10.06,,,27.019238377295,-0.6237435987025998,-0.8999935632726582,281.4708927164218,6187108,7.67835128653415,,,-0.625300965761944,-0.9031747019892558,3.4264,63.0
BDI,Burundi,1999,10.06,,,15.4172437381217,-0.6875856807595133,-0.9649381084813704,272.0308647889725,6337155,7.85700717598833,,,-0.6888468341054673,-0.9677741358405834,2.9863,38.0
BDI,Burundi,2000,10.06,1.6458000000000002,,15.0609351884312,-0.7183177237035259,-0.954704658277883,264.154407180223,6470194,8.04381449833197,100.0,,-0.7208606457724989,-0.9605356963494096,3.0518,43.0
BDI,Burundi,2001,10.06,1.6281,,18.812078088637,-0.7587983859652891,-1.0368812866153487,262.91388577438363,6634365,8.24107308668089,100.0,,-0.7609477056989639,-1.04151265433152,3.0341,30.0
BDI,Burundi,2002,10.06,1.5970000000000002,,24.3014254644156,-0.8237879962544064,-0.9506745501915936,266.96814164834177,6824132,8.45108277415092,100.0,,-0.8259094648971397,-0.9623362787529984,3.003,60.0
BDI,Burundi,2003,10.06,1.6376000000000002,,40.4921952045604,-0.9102924921802716,-0.9350337809341898,255.5008233856123,7043154,8.67614339385788,100.0,,-0.9093987315168932,-0.9477326961358188,3.0436,69.0
BDI,Burundi,2004,10.06,1.7893999999999999,,30.4545201860965,-0.9600566432922258,-0.8907204701150511,258.0500091153332,7310656,8.9185547789176,100.0,,-0.9557235587066368,-0.9045111329667164,3.1954,61.0
BDI,Burundi,2005,10.06,1.9042000000000001,,26.6807675145409,-0.997499509111951,-0.879995564525101,250.87893347593544,7587299,9.1806167624459,100.0,,-0.9912719076564538,-0.8898334117528405,3.3102,77.0
BDI,Burundi,2006,10.06,-0.10890000000000022,,23.9491794618101,-1.1102930837309248,-0.7773596940703955,255.1055822519254,7865547,9.4646291775586,100.0,,-1.100108155183216,-0.7821531250150819,3.5149,76.0
BDI,Burundi,2007,10.06,-2.1364999999999994,,32.3563567682481,-1.200345480247868,-0.7318823984988887,254.31172551633097,8161874,9.77289185737152,100.0,,-1.1857190936409718,-0.7315523501549813,3.7863,34.0
BDI,Burundi,2008,10.06,-4.2092,,33.0482440437363,-1.2034286304343196,-0.7160695264487671,256.01246155449644,8505637,10.1064353383035,100.0,,-1.1900339216602205,-0.7151433936391525,3.7713,42.0
BDI,Burundi,2009,10.06,-5.5783,,30.3366575642074,-1.1689973338809412,-0.6572684557809205,252.5820198758858,8947646,10.4979900434482,97.10925787106447,,-1.1615059435235957,-0.6524958318049232,4.0097,61.0
BDI,Burundi,2010,10.06,-5.825399999999999,,23.8533757417192,-1.0896795260361916,-0.627257804324768,253.30857774992384,9376444,10.9843097335487,88.46280339406695,,-1.0891262844967204,-0.6211221444911296,4.3631,60.0
BDI,Burundi,2011,10.06,-6.2441,,24.9891589486881,-1.1948353517553132,-0.64723967580495,254.2421106482151,9717978,11.5616652230006,91.75659281016539,,-1.191303953404599,-0.6360801491928568,4.6339,29.0
BDI,Burundi,2012,10.06,-6.898899999999999,,17.5501999315408,-1.2891879246014324,-0.651574913016174,256.18039393187394,10071028,12.2244596804615,98.11505348291156,,-1.2862809605417231,-0.6411367035254462,4.6311,62.0
BDI,Burundi,2013,10.06,-6.3869,,17.7328553188701,-1.3487941800151138,-0.6097222619058066,259.3111172033546,10439341,12.967096274589201,88.12660833762223,,-1.3440279038398104,-0.59788073512066,5.7505,76.0
BDI,Burundi,2014,10.06,-7.0943,,17.4547483367972,-1.394469785295818,-0.5417963606928999,261.2967217520021,10799785,13.7839781740413,85.43725353746231,,-1.3956767822837906,-0.5290711042548808,5.7038,68.0
BDI,Burundi,2015,10.06,-7.5022,,15.5344531520944,-1.192712870032853,-0.4691893197280419,254.40258522678766,11047580,14.6695085474754,86.10774964906336,,-1.2022400112741336,-0.4577901670700255,5.6912,56.0
BDI,Burundi,2016,10.06,-7.8782,,19.1016499815056,-1.22646461654591,-0.5356502648550612,258.0619708089462,11239451,15.6180905635494,88.29900913153294,,-1.2403194393484342,-0.5159093373558505,6.0259,77.0
BDI,Burundi,2017,10.06,-7.7025,,18.5076749744059,-1.207803662023293,-0.5832352159265815,261.725839288764,11506762,16.6241273909209,84.06402845709205,,-1.223800185604602,-0.5637968110121323,6.7135,59.0
BDI,Burundi,2018,10.06,-7.9205,,13.4317629933204,-1.1910600414615915,-0.6164543254028076,267.5086921726874,11859446,17.6820221982475,82.3461245571632,,-1.2070768218510746,-0.600491179070604,7.0173,42.0
BDI,Burundi,2019,10.06,-8.661000000000001,,13.1274376353104,-1.173164463286979,-0.6576513753744913,270.41100571080943,12255336,18.786178154187,77.41687542700978,,-1.1857695539677142,-0.6495513988428313,6.7574,57.0
BDI,Burundi,2020,10.06,-8.6567,,13.8475521568267,-1.327194179258694,-0.6784906602571478,263.46387635689734,12617036,19.9309984273971,70.28177171203384,,-1.3405339522628124,-0.6643170001195882,6.7617,74.0
BDI,Burundi,2021,10.06,-7.5137,,13.9570339894077,-1.3524248184906624,-0.7576789337627216,264.68265166424925,12965481,21.1108861865354,61.3041849395068,,-1.3707389699397312,-0.7469651939607038,7.9047,51.0
BDI,Burundi,2022,10.06,-7.7085,,,-1.4788964088190382,-0.7490984599762364,263.5875500516377,13321097,22.3202446002597,,,-1.4940482655326843,-0.736570520646082,7.7099,29.0
BDI,Burundi,2023,10.06,-7.231199999999999,,,-1.517845690230054,-0.8156153726159393,264.8433079502137,13689450,23.5534768372276,,,-1.5336563670052252,-0.7984238226529047,8.1872,60.0
BDI,Burundi,2024,10.06,,,,-1.9795485813604283,,268.70085739172424,14047786,24.8302838651025,,,-1.9836902854539364,,8.4217,57.0
CPV,Cabo Verde,1960,0.3,,,,,,,210024,6.50009775253468,,,,,,42.0
CPV,Cabo Verde,1961,0.3,,9.429280397022332,,,,,215087,6.59489432191283,,,,,,63.0
CPV,Cabo Verde,1962,0.3,,9.429280397022332,,,,,221919,7.22263287503178,,,,,,57.0
CPV,Cabo Verde,1963,0.3,,9.429280397022332,,,,,229373,8.3337834019702,,,,,,63.0
CPV,Cabo Verde,1964,0.3,,9.429280397022332,,,,,237006,9.80596957125737,,,,,,59.0
CPV,Cabo Verde,1965,0.3,,9.429280397022332,,,,,244856,11.5168150514225,,,,,,60.0
CPV,Cabo Verde,1966,0.3,,9.429280397022332,,,,,252976,13.343943510995,,,,,,55.0
CPV,Cabo Verde,1967,0.3,,9.429280397022332,,,,,261404,15.164978618504,,,,,,21.0
CPV,Cabo Verde,1968,0.3,,9.429280397022332,,,,,270164,16.8575440424788,,,,,,75.0
CPV,Cabo Verde,1969,0.3,,9.429280397022332,,,,,279248,18.2992634514487,,,,,,24.0
CPV,Cabo Verde,1970,0.3,,9.429280397022332,,,,,287885,19.3392812631966,,,,,0.2283,55.0
CPV,Cabo Verde,1971,0.3,,9.429280397022332,,,,,294046,20.0042899177288,,,,,0.2264,26.0
CPV,Cabo Verde,1972,0.3,,9.429280397022332,,,,,297386,20.4734745546593,,,,,0.2291,36.0
CPV,Cabo Verde,1973,0.3,,9.429280397022332,,,,,299881,20.8474870509805,,,,,0.231,66.0
CPV,Cabo Verde,1974,0.3,,9.429280397022332,,,,,302570,21.1578960816143,,,,,0.239,78.0
CPV,Cabo Verde,1975,0.3,,9.429280397022332,,,,,305847,21.4362703214828,,,,,0.2447,25.0
CPV,Cabo Verde,1976,0.3,,9.429280397022332,,,,,309455,21.7141784455078,,,,,0.2527,48.0
CPV,Cabo Verde,1977,0.3,,9.429280397022332,,,,,312834,22.0231891286113,,,,,0.2607,57.0
CPV,Cabo Verde,1978,0.3,,9.429280397022332,,,,,316147,22.3948710457152,,,,,0.2665,21.0
CPV,Cabo Verde,1979,0.3,,9.429280397022332,,,,,319480,22.8607928717416,,,,,0.2977,68.0
CPV,Cabo Verde,1980,0.3,,9.429280397022332,,,,581.755065828323,323301,23.4604730207698,,84.0505820548006,,,0.297,67.0
CPV,Cabo Verde,1981,0.3,,9.429280397022332,,,,622.1758437894325,327846,24.4882806244481,,92.16438744651659,,,0.2904,60.0
CPV,Cabo Verde,1982,0.3,,9.429280397022332,,,,630.3732151658364,332724,26.0892463324208,,102.11592188226373,,,0.1737,64.0
CPV,Cabo Verde,1983,0.3,,9.429280397022332,,,,680.3092707610659,337654,28.130646238488,,102.43676700803282,,,0.1701,30.0
CPV,Cabo Verde,1984,0.3,,9.429280397022332,,,,696.0472556837614,342505,30.4859764133008,,100.4734549575249,,,0.1866,62.0
CPV,Cabo Verde,1985,0.3,,9.429280397022332,,,,745.6202290801426,347365,33.0287329275104,,101.82128505225525,,,0.1928,52.0
CPV,Cabo Verde,1986,0.3,,9.429280397022332,,,,756.2601004140305,352312,35.6324118517678,,93.05252412314832,,,0.1282,39.0
CPV,Cabo Verde,1987,0.3,,9.429280397022332,60.8796729017154,,,777.8309573559517,357302,38.1705092567242,,83.83261889256352,,,0.1546,73.0
CPV,Cabo Verde,1988,0.3,,9.925558312655088,60.0629565311657,,,813.0374584673192,362329,40.5165212130308,,76.20162485175827,,,0.1793,71.0
CPV,Cabo Verde,1989,0.3,,9.925558312655088,70.3592648621057,,,846.5740360920572,367803,42.5439437913386,,81.43779264177002,,,0.193,35.0
CPV,Cabo Verde,1990,0.3,,10.173697270471465,59.4333436553037,0.4832873394585174,,835.120723175504,375428,44.1279427641346,,85.9515840306445,0.5084352054371879,,0.2157,38.0
CPV,Cabo Verde,1991,0.3,,10.173697270471465,56.3332448772327,0.4902263333404832,,826.681399309547,384586,45.3967306887148,,80.95396930966211,0.5156866068792822,,0.2403,51.0
CPV,Cabo Verde,1992,0.3,,10.173697270471465,45.7077442097603,0.5801427562383692,,896.5193595585408,393415,46.5644771731675,,83.93988996811267,0.6107152376017279,,0.2686,68.0
CPV,Cabo Verde,1993,0.3,,10.173697270471465,27.1444086620911,0.6492456284945403,,953.8610111157287,401965,47.6439492545935,,60.30643200238976,0.6849372230177947,,0.2719,55.0
CPV,Cabo Verde,1994,0.3,,10.173697270471465,28.7234814829324,0.7001756983573545,,1113.9380647646738,410228,48.6494973094647,,71.56344204560644,0.7384742394315291,,0.2689,59.0
CPV,Cabo Verde,1995,0.3,,10.421836228287841,29.9993587098815,0.7162601628668899,,1248.2810435075874,418104,49.5954717142527,,77.51555138097469,0.7568895223452532,,0.298,46.0
CPV,Cabo Verde,1996,0.3,,10.421836228287841,29.5237149865058,0.7023731533625647,,1365.4982060362265,425581,50.4962228454294,,75.48996785739084,0.7451325301620529,,0.2863,69.0
CPV,Cabo Verde,1997,0.3,,10.918114143920596,28.6220609982413,0.7535288531162944,,1492.0184742250713,432798,51.3661010794665,,85.97934615471904,0.7829805556940891,,0.3017,40.0
CPV,Cabo Verde,1998,0.3,,10.918114143920596,22.5622500835649,0.9036380849875212,,1652.1111722059313,439784,52.2194567928358,,81.88141375062754,0.9278450133695428,,0.3223,71.0
CPV,Cabo Verde,1999,0.3,,10.918114143920596,14.2843908832858,1.4066578192202968,0.3967461643526245,1809.8058262413715,446519,53.070640362009,,80.96901996404429,1.418048775944322,0.4645737850545827,0.3424,61.0
CPV,Cabo Verde,2000,0.3,0.5039,10.918114143920596,17.4649201812329,1.4367695181044282,0.765413170501213,2037.3172091271385,453317,53.9332149202283,3.110047846889952,87.52060836149165,1.4410566016120907,0.8057512708526108,0.5292,68.0
CPV,Cabo Verde,2001,0.3,0.5367,11.41439205955335,24.2633064289875,1.5143892233547604,0.6832205984673545,2051.217338881015,460293,54.7762172320995,2.163627971382414,92.16372249741522,1.520276797804431,0.7275044553072354,0.5657,49.0
CPV,Cabo Verde,2002,0.3,0.5735,11.662531017369728,19.1975373411355,1.5122067912774544,0.9729479644138852,2127.7087229650238,467046,55.5703407979481,3.162541208023691,101.08970229361618,1.519602424048464,0.99654801297406,0.6062,28.0
CPV,Cabo Verde,2003,0.3,0.5076,11.662531017369728,14.3561834653377,1.516377848542865,0.978845260537378,2186.8950042276465,473383,56.3297071979641,2.703110842645726,98.76838080765474,1.525055226204189,0.999075283903146,0.5439,49.0
CPV,Cabo Verde,2004,0.3,0.5405,11.910669975186105,25.6539720118683,1.4792905396231226,1.0171097528648922,2379.7963622413467,479370,57.0677167011018,2.938622549243636,101.56716998950186,1.4894151021184927,1.0272155481543297,0.5805,31.0
CPV,Cabo Verde,2005,0.3,0.7594000000000001,11.910669975186105,32.1530220394275,1.443663644324622,1.0875890152652326,2514.167792553269,485115,57.7977695763157,2.732356180632043,104.34383985705252,1.456045299192356,1.0927049137218292,0.803,58.0
CPV,Cabo Verde,2006,0.3,0.8082,11.910669975186105,30.8532933725145,1.3959367081371363,1.2595702433040212,2683.839438568925,490728,58.5332660925599,2.965088474414156,117.81669723282168,1.4093053140762004,1.2705209242217042,0.8547,74.0
CPV,Cabo Verde,2007,0.3,0.8919,11.910669975186105,22.0523330657685,1.40590493658023,1.1980106489304096,3056.9710285115443,496190,59.287606518789,2.5584686429316252,94.20620754778469,1.420395826809577,1.20711693953902,0.9413,42.0
CPV,Cabo Verde,2008,0.3,0.8649,12.40694789081886,49.2057876087633,1.60405015686982,1.239344514498705,3238.4415928749763,501355,60.0741911239572,1.9279216235129464,90.96638823962556,1.617227405600614,1.246131840979492,0.9172,74.0
CPV,Cabo Verde,2009,0.3,0.8532,12.40694789081886,21.7497375837386,1.6318368965680787,1.2626765932698727,3159.5869869397743,506141,60.906420177019,1.5780562140196412,80.46095613253439,1.650968651515954,1.2657081794854723,0.9083,68.0
CPV,Cabo Verde,2010,0.3,0.8978999999999999,12.40694789081886,33.2873704914624,1.716350375521501,1.3183812109994884,3194.6166773423265,509784,61.7974262732302,1.2129459795278386,85.54844988161913,1.735299624536684,1.3200777366329428,0.9559,77.0
CPV,Cabo Verde,2011,0.3,1.0278,12.40694789081886,40.1340983255841,1.6460962508493877,1.382635085274896,3309.201216438979,511447,62.7419929036884,7.047181987666715,90.55645011227475,1.6648343288769645,1.3812371646284078,1.0803,22.0
CPV,Cabo Verde,2012,0.3,0.9097999999999999,12.40694789081886,25.055847063546,1.6316169751868328,1.2365057313193095,3341.742105483601,511955,63.7260454520996,19.0087101906534,90.64991655411696,1.6508078162501298,1.2401622346955494,0.9568,26.0
CPV,Cabo Verde,2013,0.3,0.9013,12.40694789081886,16.5579387748728,1.6060622761111505,1.3076816495416974,3361.0938770220514,512225,64.7486207521826,21.278335761200132,86.16986003084179,1.6213860284230217,1.3124221543545167,0.9427,43.0
CPV,Cabo Verde,2014,0.3,0.9533999999999999,12.40694789081886,12.0093542433174,1.609872701258017,1.21862650040788,3383.8422809790954,512326,65.8085112712742,22.210880119507035,91.30385241172215,1.6191408097619784,1.2190311631750186,0.9893,70.0
CPV,Cabo Verde,2015,0.3,0.9788000000000001,12.40694789081886,9.49812397150104,1.591032123216221,1.1056591948258971,3415.0626673093116,512394,66.9045094767116,20.265535241818224,94.00848701679931,1.600838671374496,1.110442360015313,1.0092,73.0
CPV,Cabo Verde,2016,0.3,1.0175,12.40694789081886,10.1923207968108,1.6051108827623335,1.0592210937354196,3560.140072953397,512554,68.0354078358316,18.597684580386503,95.3781398609533,1.6156197657445603,1.0629488160741725,1.055,29.0
CPV,Cabo Verde,2017,0.3,1.054,12.40694789081886,12.3203094483764,1.621785747738531,0.9913819237164648,3719.7130604791478,512893,69.1999988159713,17.636397872240266,100.05213390421892,1.6320184871074108,0.9970976646589932,1.0987,67.0
CPV,Cabo Verde,2018,0.3,0.9521000000000001,12.40694789081886,14.343668170972,1.6113799649671523,0.9459924993931824,3853.6794003524146,513415,70.3970748844677,20.7974489083376,105.86752405210451,1.621937465277076,0.9497001264507172,1.0039,78.0
CPV,Cabo Verde,2019,0.3,0.9919,12.40694789081886,13.1611296712207,1.5672192873962412,0.8252716896074633,4115.90283469406,514104,71.6254285086577,18.658162805372758,103.60265646372568,1.578624166224045,0.8412842334097907,1.0509,52.0
CPV,Cabo Verde,2020,0.3,0.7851999999999999,12.40694789081886,11.5827986817016,1.5206433388115816,0.8227370438945328,3255.9362898405752,514679,72.8838521558784,16.81810593594238,78.39345459319013,1.5369187508324165,0.8397102815621686,0.8442,76.0
CPV,Cabo Verde,2021,0.3,0.8136000000000001,12.40694789081886,17.6577234520724,1.545538087456181,0.6345721454703203,3471.655342178596,516649,74.1607930892827,18.265594928110495,77.45505862653414,1.55992103570223,0.6480456636405042,0.8726,79.0
CPV,Cabo Verde,2022,0.3,0.8508,12.40694789081886,,1.5423576666601284,0.7092091415393504,3997.7676325065327,519741,75.033738060849,,96.9941368513357,1.557255151367106,0.7243565490749205,0.9098,61.0
CPV,Cabo Verde,2023,0.3,0.8240000000000001,12.40694789081886,,1.4607789031510596,0.2249813373090514,4168.677484075933,522331,75.9064245753376,,95.03249433466918,1.4766214126412716,0.2253053355099266,0.883,46.0
CPV,Cabo Verde,2024,0.3,,,,1.3546062767207223,,4448.966090788908,524877,76.7721471004354,,96.50535366786292,1.3741250817613573,,0.9126,53.0
CMR,Cameroon,1960,273.0,,,,,,935.6999548120106,5159057,13.6119108368075,,,,,,27.0
CMR,Cameroon,1961,273.0,,10.577309555541452,,,,932.2800269399416,5239273,13.9384757726207,,,,,,52.0
CMR,Cameroon,1962,273.0,,10.683082651096868,,,,942.7592898509981,5338620,14.369167285079,,,,,,61.0
CMR,Cameroon,1963,273.0,,10.788855746652281,,,,956.8917286613971,5456623,14.8934582332916,,,,,,77.0
CMR,Cameroon,1964,273.0,,10.894628842207696,,,,969.2290476655226,5578257,15.5008214763674,,,,,,51.0
CMR,Cameroon,1965,273.0,,11.00040193776311,,,,966.9505940497911,5704686,16.1807298734157,,48.0200388004601,,,,43.0
CMR,Cameroon,1966,273.0,,11.106175033318525,,,,988.5944377725441,5837295,16.9226562835454,,44.5719713285582,,,,78.0
CMR,Cameroon,1967,273.0,,11.21194812887394,,,,860.0868992462504,5977318,17.7160735658656,,43.204517026989514,,,,73.0
CMR,Cameroon,1968,273.0,,11.317721224429354,,,,892.4911041444778,6125863,18.5504545794855,,46.756755688093534,,,,66.0
CMR,Cameroon,1969,273.0,,11.42349431998477,,,,912.7541084547707,6283462,19.4152721835141,,46.242564916464396,,,,63.0
CMR,Cameroon,1970,273.0,,11.42349431998477,3.9056080686076,,,916.7106257791954,6449793,20.2999992370605,,50.87995264105418,,,7.7397,22.0
CMR,Cameroon,1971,273.0,,11.529267415540183,3.44997096942163,,,923.6047606077026,6624408,21.374848143842,,50.176130520438434,,,7.7767,46.0
CMR,Cameroon,1972,273.0,,11.529267415540183,3.40293940698369,,,922.8805020538638,6806872,22.7302457878973,,46.47761948844077,,,7.5669,38.0
CMR,Cameroon,1973,273.0,,11.529267415540183,4.16426611493589,,,945.9327074377317,6996660,24.2359867488176,,44.690894096169316,,,7.6012,45.0
CMR,Cameroon,1974,273.0,,11.635040511095598,4.46539196756751,,,1018.7972641880062,7193583,25.7618656061943,,48.23801324186239,,,7.7992,62.0
CMR,Cameroon,1975,273.0,,11.740813606651013,4.14874628645289,,,1102.1763671609363,7397120,27.1776769396186,,48.22799390317913,,,8.4768,53.0
CMR,Cameroon,1976,273.0,,11.846586702206427,4.29183538065111,,,1014.0766715403792,7597962,28.3678197492979,,50.00721605736993,,,8.7875,23.0
CMR,Cameroon,1977,273.0,,11.986207188339575,5.50587069688216,,,1124.0377673179864,7796501,29.419914701097,,52.865708956373034,,,9.7765,63.0
CMR,Cameroon,1978,273.0,,11.92908971673965,5.258276204833,,,1334.4875045737583,8011921,30.4351996787323,,51.77722643771232,,,10.6471,61.0
CMR,Cameroon,1979,273.0,,12.476994351716698,8.6753319317877,,,1375.918174329861,8239641,31.4090465731337,,49.320941716909964,,,12.9045,49.0
CMR,Cameroon,1980,273.0,,12.502379894649998,10.665759917148,,,1305.6836618432055,8512219,32.343730778183,,55.01613908690616,,,15.8263,70.0
CMR,Cameroon,1981,273.0,,12.502379894649998,9.2169659100934,,,1475.9895017454646,8816377,33.2415276877619,,50.28117841370066,,,18.5818,68.0
CMR,Cameroon,1982,273.0,,12.502379894649998,6.89224737528175,,,1549.6127243804774,9028678,34.1047126957522,,62.12539351896105,,,20.4234,55.0
CMR,Cameroon,1983,273.0,,12.502379894649998,9.03755710702326,,,1622.468293043712,9215397,34.9355611960357,,59.701190873731015,,,23.0003,67.0
CMR,Cameroon,1984,273.0,,12.502379894649998,10.4276064282249,,,1695.9506100132737,9475078,35.7363485824943,,64.47202025124719,,,25.7292,64.0
CMR,Cameroon,1985,273.0,,12.502379894649998,12.0212500844164,,,1778.8809027749146,9761730,36.5093502490097,,65.02458837565528,,,29.94,56.0
CMR,Cameroon,1986,273.0,,12.544689132872163,4.42594525006075,,,1842.9643174566943,10060342,37.2568415894637,,46.00580702492309,,,30.4017,59.0
CMR,Cameroon,1987,273.0,,12.544689132872163,6.46397291302272,,,1749.4246657075068,10370749,37.9817383019459,,37.32029526895024,,,30.2981,40.0
CMR,Cameroon,1988,273.0,,12.565843751983246,5.82856800063092,,,1565.1347528699357,10684968,38.6934138807857,,31.99460885683343,,,27.7756,60.0
CMR,Cameroon,1989,273.0,,12.565843751983246,10.1594216647002,,,1492.2817607878076,11002745,39.3961686754218,,38.476483784826335,,,30.4327,53.0
CMR,Cameroon,1990,273.0,,12.565843751983246,11.9086296967309,-0.2933248264704285,0.2490646010822208,1360.4776529601113,11331821,40.0887363273593,98.47979236188358,37.49644544112596,-0.2987632519569878,0.2398668992100088,30.0848,78.0
CMR,Cameroon,1991,273.0,,12.58699837109433,7.76889322336422,-0.2225971797684488,0.2451439875337972,1271.0465860838779,11667180,40.770166213607,98.56088560885608,34.63877935567148,-0.2242019259543798,0.2288340960651844,29.3003,70.0
CMR,Cameroon,1992,273.0,,12.608152990205411,7.80091581012743,-0.0403265740924762,0.0427084853735207,1196.8508191889514,12006353,41.4395077111738,98.72122762148338,38.86259217302771,-0.0359456788469621,0.0446795806840078,28.26,40.0
CMR,Cameroon,1993,273.0,,12.608152990205411,5.29907362885666,-0.0128276587266712,-0.0050133683207893,1070.982753776357,12353131,42.0958101970685,98.9406779661017,26.15884295860653,-0.0060623274394017,-0.003530701400177,27.4932,21.0
CMR,Cameroon,1994,273.0,,12.608152990205411,8.65495242504441,-0.0537573479718532,-0.0583910485012788,1060.8732655290871,12704903,42.7381230483001,98.82352941176471,36.96112100519215,-0.0508445838625031,-0.0574527754999419,26.687,54.0
CMR,Cameroon,1995,273.0,,12.608152990205411,8.98379335404863,-0.0449863329747729,-0.1032830662581664,1062.0160734998694,13058516,43.3654956418773,98.85098743267504,36.68227266370099,-0.0411014630632456,-0.1032424505192548,27.2835,32.0
CMR,Cameroon,1996,273.0,,12.608152990205411,9.19379916300563,-0.0937119884816275,-0.1466614268330855,1077.3892520296101,13414757,43.9769773548092,98.86246122026887,45.11561210204421,-0.0884463757838596,-0.1470021757247728,28.5482,70.0
CMR,Cameroon,1997,273.0,,12.608152990205411,8.90970986050162,-0.160755878034967,-0.1954396962961041,1096.6975773500712,13775214,44.5716175641045,98.84910485933503,48.46963527044549,-0.1583176341045842,-0.1962069157523962,28.0435,70.0
CMR,Cameroon,1998,273.0,,12.608152990205411,5.51531751570534,-0.1596018094221111,-0.2465918330059151,1118.5081996307854,14144860,45.1484656467721,98.35858585858585,42.29465383440741,-0.1553753926638671,-0.247667341536611,28.7155,44.0
CMR,Cameroon,1999,273.0,,12.608152990205411,5.15124734114853,-0.1667180245594422,0.057407962961307,1138.362985465651,14525140,45.7065709798209,98.75592417061611,37.238379846481386,-0.1600905176310054,0.0278956047096928,29.3652,68.0
CMR,Cameroon,2000,273.0,-45.9091,12.608152990205411,8.33574817486337,-0.1012624104716009,0.0100103678850438,1151.2768930294671,14912631,46.2449829402599,98.9080459770115,47.927944246014945,-0.1001106417976785,-0.0139023677127271,30.6929,60.0
CMR,Cameroon,2001,273.0,-45.7916,12.608152990205411,5.68439536844397,0.0616288352532308,0.1845536367018617,1169.9267046498426,15309490,46.7627509050978,98.10787913018922,51.572269189036554,0.0538515764302819,0.1665018623395988,30.8104,64.0
CMR,Cameroon,2002,273.0,-46.9894,12.608152990205411,5.27982808459118,0.0350669017888325,0.1024350236684407,1189.9670789702654,15725528,47.2589242513436,96.42424242424242,48.48172272796026,0.0245682384480281,0.0783634515026363,29.6126,76.0
CMR,Cameroon,2003,273.0,-46.24680000000001,12.608152990205411,5.0826805069134,0.0367569635053884,0.0796926073675571,1221.0944614145385,16160340,47.7325523560061,95.76927252985885,40.24319258945293,0.0250593709919353,0.0579694614429,30.3552,29.0
CMR,Cameroon,2004,273.0,-46.492200000000004,12.608152990205411,4.73178788679167,0.0705440595525332,-0.0021281869753187,1271.7432687416708,16610487,48.1826845960942,95.38053527980536,41.83774242725573,0.0607296890380025,-0.026111850102775,30.1098,30.0
CMR,Cameroon,2005,273.0,-46.296800000000005,12.614499375938736,7.39166566634719,0.0856823239637575,0.0080875079515549,1264.74345218659,17074594,48.5837852394685,94.2092907092907,44.997681347847774,0.0765002811616798,-0.0188277905908076,30.3052,57.0
CMR,Cameroon,2006,273.0,-47.0086,12.614499375938736,8.54390800832229,0.128694995921999,-0.081748059874686,1277.329907123417,17550407,49.2044173412861,76.2267920094007,47.104434180356705,0.1226985537383375,-0.116549834041865,29.5934,78.0
CMR,Cameroon,2007,273.0,-46.20100000000001,12.614499375938736,8.98192175035093,0.204681551876693,0.0551055150334758,1295.7306747128673,18049896,49.7027028593758,73.37936296013733,53.21569086051775,0.2014262184909039,0.0302503606529035,30.401,63.0
CMR,Cameroon,2008,273.0,-46.4121,12.614499375938736,10.0769277835546,0.2453823225411063,0.1250484951555706,1295.0221127605203,18574056,50.0858325268669,74.49885583524028,56.92441715627342,0.2440361323678309,0.103664900592798,30.1899,79.0
CMR,Cameroon,2009,273.0,-45.5324,12.614499375938736,5.82385438485316,0.3349998640559424,0.2654460477875332,1290.8996135114862,19113974,50.4714131335678,69.44484785615491,42.17610735947648,0.3340639669087833,0.2477998958077232,31.0696,37.0
CMR,Cameroon,2010,273.0,-46.101600000000005,13.1158638488714,6.92041886170631,0.2907244844410265,0.4212429018772842,1290.9013745759012,19668066,50.8505075371362,72.22661016949152,47.238585396595106,0.2924487044141589,0.4028212963288554,30.5004,44.0
CMR,Cameroon,2011,273.0,-46.40860000000001,13.1158638488714,8.16416608406496,0.3164757609304873,0.5059890457016518,1297.3064962694025,20232304,51.2229843034125,74.08372721134369,51.52198760391801,0.3182897032443093,0.4889888803474707,30.1934,27.0
CMR,Cameroon,2012,273.0,-45.632600000000004,13.1158638488714,8.40581417479506,0.4456716958041,0.5240847001524287,1319.6696163405359,20809529,51.5887119982861,77.62208454810495,50.03601272712294,0.4481150296336336,0.5103206180820041,30.9694,24.0
CMR,Cameroon,2013,273.0,-43.7124,13.1158638488714,7.33302882488587,0.50758136001255,0.5808885657435164,1347.2130636705986,21402376,51.9475591877024,68.5718984962406,49.674536346213436,0.5098398412548643,0.5657189173950786,32.8896,35.0
CMR,Cameroon,2014,273.0,-41.30950000000001,13.1158638488714,7.03590731300358,0.6574775609367564,0.6310215793910946,1381.8193845490673,22059893,52.2993944376709,63.24530753681778,50.83238930876478,0.6638066471223377,0.6174370325444373,35.2925,39.0
CMR,Cameroon,2015,273.0,-38.048500000000004,13.1158638488714,5.63563339959601,0.6095667852349702,0.6186968643592272,1415.0000971056854,22763414,52.6440863142742,54.888541014402,45.54014682793927,0.6157525664575785,0.6079237813467023,38.5535,39.0
CMR,Cameroon,2016,273.0,-37.622800000000005,13.1158638488714,5.36737216526029,0.594810116513288,0.4607850849751044,1435.618307278388,23454161,52.9815033836792,58.19575315195753,40.63863152682682,0.5999540425109419,0.4605153274465663,38.9792,73.0
CMR,Cameroon,2017,273.0,-38.8474,13.1158638488714,6.08352640758934,0.56052220681892,0.3590226305979377,1444.9068291657331,24128601,53.3115142121504,63.128461918892185,39.19902160526295,0.5637789149840094,0.358435927332044,37.7546,67.0
CMR,Cameroon,2018,273.0,-38.4324,13.1158638488714,6.10463986256462,0.5392046028276499,0.3413768411658449,1461.0196999931686,24806383,53.6339873660653,59.487716847130045,40.58760287702803,0.5479595617400388,0.3340145192624312,38.1696,70.0
CMR,Cameroon,2019,273.0,-37.710100000000004,13.1158638488714,5.55584424286198,0.6082524874913444,0.2625221197564562,1470.3178527618725,25506095,53.9487914119331,60.23105033596605,43.37851324804155,0.6154060807661873,0.2504752610549247,38.8919,37.0
CMR,Cameroon,2020,273.0,-37.0073,13.1158638488714,4.34202268521826,0.5744467715087496,0.1905806015350757,1434.5191372340912,26210558,54.2557949164174,59.07017341040463,33.73883136238705,0.5815421965194822,0.1756353483562954,39.5947,46.0
CMR,Cameroon,2021,273.0,-36.765800000000006,13.1158638488714,5.52598268395679,0.4796471645392567,0.0717568101366085,1443.576002376632,26915758,54.5548664463635,53.87568536482497,36.730834718855796,0.488900958914993,0.0516565235490724,39.8362,35.0
CMR,Cameroon,2022,273.0,-36.2535,13.1158638488714,,0.5467073451812735,0.0872738112395519,1458.661804316926,27632771,54.8458745688318,,41.28660255946786,0.5531977557252375,0.0679545110425507,40.3485,72.0
CMR,Cameroon,2023,273.0,-36.24400000000001,13.1158638488714,,0.3769652075671279,0.1052458007786077,1468.1783700733736,28372687,55.1286878511388,,37.89033212425784,0.3811020766966076,0.0891688572739567,40.358,42.0
CMR,Cameroon,2024,273.0,,,,0.1619736169260849,,1480.7309743199316,29123744,55.4031748609078,,34.40317859154232,0.1625345211564737,,40.6219,35.0
CAF,Central African Republic,1960,141.0,,2.6967157854184727,,,,575.8943914688064,1702346,20.1233615875244,,57.454536741819226,,,,45.0
CAF,Central African Republic,1961,141.0,,2.6967157854184727,,,,593.1895583325248,1734580,20.6646644721118,,62.251654598482546,,,,62.0
CAF,Central African Republic,1962,141.0,,2.712767665093583,,,,560.3267681525748,1768115,21.2411510198558,,62.29507256651555,,,,32.0
CAF,Central African Republic,1963,141.0,,2.7288195447686925,,,,545.5814086641119,1803063,21.8553746740567,,63.72239744549155,,,,53.0
CAF,Central African Republic,1964,141.0,,2.7448714244438026,,,,545.8748921587018,1839583,22.5098888780147,,69.25285967846023,,,,39.0
CAF,Central African Republic,1965,141.0,,2.7609233041189123,,,,539.8170402138221,1877854,23.20724707503,,64.76964498644986,,,,41.0
CAF,Central African Republic,1966,141.0,,2.7769751837940224,,,,531.90309134597,1918082,23.9500027084028,,70.87628865979381,,,,32.0
CAF,Central African Republic,1967,141.0,,2.7930270634691325,,,,544.7470727687648,1960444,24.7407092214333,,73.20096774193549,,,,78.0
CAF,Central African Republic,1968,141.0,,2.8090789431442422,,,,540.0934131292878,2005100,25.5819200574216,,73.94352310511874,,,,33.0
CAF,Central African Republic,1969,141.0,,2.8251308228193523,,,,565.3083431967799,2051515,26.476188659668,,64.93312236061202,,,,60.0
CAF,Central African Republic,1970,141.0,,2.841182702494462,8.23424630585922,,,565.8121742005976,2097505,27.6171278366582,,73.50084780288864,,,1.572,51.0
CAF,Central African Republic,1971,141.0,,2.857234582169572,8.06681115669064,,,560.4646557222715,2141450,29.0750627800494,,67.22269527910088,,,1.6455,24.0
CAF,Central African Republic,1972,141.0,,2.8732864618446823,9.00910875043085,,,549.5987117241394,2183769,30.667615507899,,58.7478877440636,,,1.739,45.0
CAF,Central African Republic,1973,141.0,,2.889338341519792,12.1458882060324,,,549.35454984184,2226008,32.2124080382642,,65.10492521251436,,,1.8214,47.0
CAF,Central African Republic,1974,141.0,,2.905390221194902,11.3710603689298,,,573.0242090100116,2269338,33.5270623892025,,71.07293706724639,,,1.9206,55.0
CAF,Central African Republic,1975,141.0,,2.9214421008700118,10.4601226359877,,,564.2607624734463,2313916,34.3949253700663,,61.050316635162346,,,1.9744,21.0
CAF,Central African Republic,1976,141.0,,2.937493980545122,8.59719839790315,,,586.1371575733573,2348566,34.8418271555259,,51.51347706793988,,,2.0528,29.0
CAF,Central African Republic,1977,141.0,,2.9535458602202316,11.3529502830117,,,602.1997010831413,2372930,35.1599393343814,,59.52930382356713,,,2.213,66.0
CAF,Central African Republic,1978,141.0,,2.9695977398953417,10.5583932570226,,,603.119667759043,2397961,35.4453027854613,,57.30607790014409,,,2.4437,54.0
CAF,Central African Republic,1979,141.0,,2.985649619570452,9.3862613838053,,,581.9822983974507,2423794,35.7003739664201,,57.5655068303631,,,3.0375,71.0
CAF,Central African Republic,1980,141.0,,3.0017014992455615,10.0920450629049,,,549.8510693994984,2450535,35.9276093349123,,66.30232808323223,,,3.2358,24.0
CAF,Central African Republic,1981,141.0,,3.0017014992455615,9.87266053457357,,,535.2718032043629,2478402,36.1294653485925,,58.44319389240672,,,3.3596,64.0
CAF,Central African Republic,1982,141.0,,3.0017014992455615,11.3446708331431,,,569.9098605877534,2507375,36.308398465115,,56.40225873356876,,,6.5554,23.0
CAF,Central African Republic,1983,141.0,,3.0017014992455615,9.20741189969057,,,517.4005612368007,2537399,36.4668651421345,,60.76526041974728,,,6.678,61.0
CAF,Central African Republic,1984,141.0,,3.0017014992455615,9.01827799160902,,,559.5760637367408,2568610,36.6073218373054,,58.895671643101174,,,6.2472,78.0
CAF,Central African Republic,1985,141.0,,3.0017014992455615,5.48291975769364,,,574.3248507218193,2600932,36.7322250082822,,53.6444942027307,,,6.4192,57.0
CAF,Central African Republic,1986,141.0,,3.0017014992455615,5.98444005599789,,,587.3483223523862,2634258,36.8440311127194,,46.80905809127563,,,6.9706,46.0
CAF,Central African Republic,1987,141.0,,3.0017014992455615,5.42855292552335,,,551.0394345861065,2669155,36.9451966082716,,46.394434562893764,,,6.8454,64.0
CAF,Central African Republic,1988,141.0,,3.0017014992455615,5.53049968134074,,,551.2093701528778,2713965,37.0381800475841,,42.798634631106204,,,6.6492,34.0
CAF,Central African Republic,1989,141.0,,3.0017014992455615,6.12900263539733,,,547.9736387808332,2783970,37.1243778681434,,46.76704756194841,,,7.4406,25.0
CAF,Central African Republic,1990,141.0,,3.0017014992455615,6.36218527896026,-0.4229046385565091,-0.4982006312644255,519.7867359619116,2871910,37.2008008942142,,42.942983518374525,-0.4334464683861279,-0.503079991942579,7.6007,42.0
CAF,Central African Republic,1991,141.0,,3.0017014992455615,6.17153668390898,-0.344322771095844,-0.4699431495236151,500.9911508909012,2963191,37.2682293278798,,43.70932168712217,-0.3479666890164043,-0.478435659289087,8.1009,30.0
CAF,Central African Republic,1992,141.0,,3.0017014992455615,6.89469255761926,-0.3617077577807785,-0.6034128113739785,454.14896823947083,3058831,37.3280641352245,,43.2290760804125,-0.3648021688297713,-0.6127539573698472,8.082,48.0
CAF,Central African Republic,1993,141.0,,3.0017014992455615,6.52279360281746,-0.3845682587477355,-0.7371721347390204,441.38490750836417,3157839,37.3817062823325,,39.98862202191089,-0.3866900713874,-0.7371287494933115,7.541,62.0
CAF,Central African Republic,1994,141.0,,3.0017014992455615,11.7665873676875,-0.3948951932032343,-0.7397433497490141,448.78444295980086,3257954,37.4305567352881,,48.418032231852656,-0.3969266261060941,-0.7397154889480616,8.1914,78.0
CAF,Central African Republic,1995,141.0,,3.0017014992455615,12.3967733718779,-0.5194815855436672,-0.7328768970282237,468.15052762068575,3348052,37.4760164601754,,50.47589111711825,-0.5222227084949602,-0.7329690035757926,8.4009,26.0
CAF,Central African Republic,1996,141.0,,3.0017014992455615,12.0071547470753,-0.5370656481275943,-0.7441306978663635,437.9250547617231,3435965,37.5194864230787,,47.08440502930919,-0.5412276884062873,-0.7442654553134274,8.7379,37.0
CAF,Central African Republic,1997,141.0,,3.0017014992455615,13.1964001171988,-0.5482741247621644,-0.7573500735923203,448.6346636395505,3531700,37.5623675900822,,55.8185083614851,-0.5518073508737799,-0.7575365311871801,7.8481,61.0
CAF,Central African Republic,1998,141.0,,3.0017014992455615,13.5362576835447,-0.5986057296541031,-0.7727212894900529,457.14885841643763,3628827,37.6060609272702,,51.049531876716145,-0.6009778879187679,-0.7729690868112584,9.1633,29.0
CAF,Central African Republic,1999,141.0,,3.0017014992455615,9.612906860768,-0.6339870492818067,-0.5846516291046515,460.82790021608525,3729450,37.6519674007269,,43.21234389789598,-0.6371133416298819,-0.6020104909738903,8.9679,39.0
CAF,Central African Republic,2000,141.0,-159.8202,3.0017014992455615,11.1834541155259,-0.7379275324552965,-0.635609874913914,437.16892841482564,3833416,37.7014879765364,99.70899778838319,45.6597819937269,-0.7385992412319112,-0.6507684705978221,9.1683,42.0
CAF,Central African Republic,2001,141.0,-159.3852,3.0017014992455615,10.8709245460195,-0.8024650523026371,-0.7662076197143293,446.65863419208307,3919487,37.7560236207831,99.70557060416913,39.73049973723289,-0.8020744097434823,-0.7817521310616581,9.6033,33.0
CAF,Central African Republic,2002,141.0,-160.4277,3.0017014992455615,11.3592017688794,-0.8887414845711185,-0.8276835113136545,452.8087022170347,4006077,37.8169752995511,99.70557060416913,36.10856477947818,-0.8858253123813243,-0.8405723662538517,8.5608,69.0
CAF,Central African Republic,2003,141.0,-159.29219999999998,3.0017014992455615,11.7035944958621,-0.9107579495985242,-0.8291484644113124,418.2405322898585,4103086,37.8863171931924,99.70899778838319,36.231226002347356,-0.910853152530065,-0.8364343384502383,9.6963,23.0
CAF,Central African Republic,2004,141.0,-159.9457,3.0017014992455615,8.16831180133758,-0.9872607732703548,-0.8982006740382943,433.8252277702332,4192826,37.9626889392062,99.80301000709164,33.24395491882025,-0.9844823825009638,-0.9041605013748276,9.0428,46.0
CAF,Central African Republic,2005,141.0,-159.236,3.0017014992455615,8.63532012713763,-1.0271918480864222,-1.0237361960735747,427.96804315523684,4288810,38.0448510426866,99.8162440279309,35.070936865622556,-1.025000371496855,-1.0220755755331277,9.7525,36.0
CAF,Central African Republic,2006,141.0,-159.1721,3.0017014992455615,10.0149391864689,-1.1791154942692592,-1.174573074336325,439.2943309027676,4377579,38.134433681123,99.82400563181977,36.395870228737756,-1.171316507692458,-1.1649673493030308,9.8164,57.0
CAF,Central African Republic,2007,141.0,-158.13029999999998,3.0017014992455615,9.94773670399437,-1.0635598386608434,-1.1267202104304372,450.7627854018929,4462770,38.2343339436079,99.82020855807264,37.58089901878963,-1.0652838050212907,-1.1241042837528763,10.8582,27.0
CAF,Central African Republic,2008,141.0,-158.09609999999998,3.0017014992455615,11.7427274520468,-0.9748285077992724,-1.1152632820917845,450.3136168860222,4558984,38.3474489192338,99.80322707595435,34.43752180955166,-0.9754238099688272,-1.1186858239897883,10.8924,75.0
CAF,Central African Republic,2009,141.0,-158.7371,2.9952807473755176,8.76357439936913,-0.8753660340641211,-1.225382048503613,492.2153989148365,4529047,38.476675697093,99.82149232416994,31.494246489679885,-0.8765272338006564,-1.232021771978841,10.2514,61.0
CAF,Central African Republic,2010,141.0,-158.0657,2.9439147324151658,7.89856275992667,-0.9489794645924992,-1.2227754191969953,519.1414564084844,4492995,38.6244963104203,99.82275788727402,34.430481954304234,-0.9489676239438484,-1.2277859511542466,10.9228,63.0
CAF,Central African Republic,2011,141.0,-154.09920000000002,2.889338341519792,8.45049853159435,-1.0696100803044195,-1.1806372387927704,532.3829549385199,4565021,38.8030669465007,99.82417891553555,34.47561833272986,-1.0644778350730877,-1.1863343302757487,11.8438,30.0
CAF,Central African Republic,2012,141.0,-154.05780000000001,2.889338341519792,9.16768384336065,-1.119552060310466,-1.2078856172731227,553.7295783149125,4610848,39.0301696038517,99.8243641983982,33.05944859433144,-1.1147547703665777,-1.2149909172413802,11.5787,68.0
CAF,Central African Republic,2013,141.0,-157.92520000000002,2.889338341519792,13.29568815319,-1.147607017871926,-1.2599432817541112,349.82117168897287,4642419,39.3042963482777,99.8243641983982,38.39928757213153,-1.1436163192167603,-1.2652621791910734,11.5255,42.0
CAF,Central African Republic,2014,141.0,-159.9068,2.889338341519792,11.2660722533116,-1.303135628755419,-1.2442638409155469,351.5615549116249,4623182,39.6226521868738,99.83705278072972,53.09509201798247,-1.2932458527863908,-1.250034252602179,11.4561,47.0
CAF,Central African Republic,2015,141.0,-156.925,2.889338341519792,12.6926233912315,-1.3622325142335583,-1.2331947838535406,366.3228539381206,4629320,39.9824421267351,99.72663837134019,53.14514777696211,-1.3527586161901874,-1.239130267465842,11.8786,59.0
CAF,Central African Republic,2016,141.0,-151.6149,2.889338341519792,13.0582628938186,-1.4173288019935604,-1.262081455862411,376.85825412039844,4713663,40.3808711749566,95.62849466269697,50.530644021909985,-1.4103639247004285,-1.2692062535175304,12.6499,37.0
CAF,Central African Republic,2017,141.0,-148.283,2.889338341519792,13.4175903775497,-1.4659576785521171,-1.1954614539280846,387.3579513174203,4793511,40.8151443386334,96.47307142370805,57.143545711711894,-1.455173841760095,-1.20149845696239,12.1415,36.0
CAF,Central African Republic,2018,141.0,-147.90269999999998,2.889338341519792,11.1787424768372,-1.4642685672420472,-1.0437472418699687,395.02001545590855,4878657,41.2824666248606,96.47307142370805,49.660200002431836,-1.455599190065723,-1.044937700375953,12.4694,40.0
CAF,Central African Republic,2019,141.0,-148.0976,2.889338341519792,9.81112301862311,-1.358042848386297,-1.053206076322751,401.8258216143503,4944703,41.7800430407332,96.47307142370805,50.06580000148676,-1.3514792569711236,-1.054340115874184,12.2745,67.0
CAF,Central African Republic,2020,141.0,-147.76919999999998,2.889338341519792,9.88532886509892,-1.3529065040009078,-1.0582908123605916,398.8342741221393,5026628,42.3050785933463,96.47307142370805,49.52102000119206,-1.348072134233966,-1.0593742769049874,12.6029,41.0
CAF,Central African Republic,2021,141.0,-147.61579999999998,2.889338341519792,10.2601957578803,-1.401815716951679,-1.030552947614133,396.02062293196144,5112100,42.8547782897949,96.47307142370805,44.15911999510397,-1.3943405806301232,-1.0315056122366524,12.7563,63.0
CAF,Central African Republic,2022,141.0,-147.29309999999998,2.889338341519792,,-1.415130843004538,-0.9989338435630036,398.9153979564201,5098039,43.2751967457285,,45.233570001619995,-1.4063123443331624,-0.9998900731178184,13.079,21.0
CAF,Central African Republic,2023,141.0,-147.59439999999998,2.889338341519792,,-1.524855018489851,-1.0039913502472817,397.46779575045144,5152421,43.6983692134165,,43.480570208358,-1.5244792373772609,-1.004963321836304,12.7777,52.0
CAF,Central African Republic,2024,141.0,,2.889338341519792,,-1.6339477011995631,,389.93830796422935,5330690,44.1243555638904,,46.43189998022507,-1.6337587099345974,,13.4443,30.0
TCD,Chad,1960,15.0,,,,,,802.0898764119836,3049838,6.59333271154994,,30.4272143078476,,,,32.0
TCD,Chad,1961,15.0,,,,,,797.068975711056,3111947,6.92133708176102,,32.46780886409092,,,,32.0
TCD,Chad,1962,15.0,,,,,,822.9601729253121,3175598,7.25906894026772,,33.65933722136603,,,,46.0
TCD,Chad,1963,15.0,,,,,,793.4791970358327,3240905,7.6006134138896,,32.16026944322076,,,,22.0
TCD,Chad,1964,15.0,,,,,,757.9850417244016,3307479,7.96765511598421,,35.05707450873882,,,,32.0
TCD,Chad,1965,15.0,,,,,,747.4965643285922,3374220,8.41194483843781,,31.31329358597806,,,,77.0
TCD,Chad,1966,15.0,,,,,,719.7642741687677,3440903,8.92652367221407,,31.87583477889519,,,,40.0
TCD,Chad,1967,15.0,,,,,,711.310053751623,3508512,9.49264753853897,,32.52602726986259,,,,28.0
TCD,Chad,1968,15.0,,,,,,694.2618637619007,3578231,10.0915723586385,,33.62604128062433,,,,64.0
TCD,Chad,1969,15.0,,,,,,727.2239586719844,3651113,10.7045540537388,,30.905662031336078,,,,74.0
TCD,Chad,1970,15.0,,,3.97796114841242,,,725.5039711370997,3727828,11.3128485450656,,38.30956790845337,,,8.7495,70.0
TCD,Chad,1971,15.0,,,3.41327687868115,,,694.3909432147831,3807316,11.8977117538452,,36.9700137014997,,,8.8404,36.0
TCD,Chad,1972,15.0,,,3.47021052678578,,,686.8702321117446,3893252,12.4769191741943,,33.94915755367029,,,9.4319,41.0
TCD,Chad,1973,15.0,,,5.08371241731335,,,614.6755421764057,3985909,13.3398670777992,,39.22903079326235,,,8.5325,34.0
TCD,Chad,1974,15.0,,,5.81663743279141,,,630.5501989380526,4078356,14.4536820143545,,45.19481740031297,,,7.0965,39.0
TCD,Chad,1975,15.0,,,5.68186561420352,,,672.7044746831507,4167234,15.6667291946334,,40.25327869958535,,,7.3779,56.0
TCD,Chad,1976,15.0,,,5.35463116003651,,,679.0580044527514,4251297,16.8273738294088,,42.4681536718392,,,7.6649,58.0
TCD,Chad,1977,15.0,,,8.09744940757087,,,681.351575203841,4331667,17.783981129454,,43.726654621192715,,,8.3189,25.0
TCD,Chad,1978,15.0,,,7.21980942866371,,,665.8997249403185,4411366,18.384916305542,,44.39031039078174,,,8.5961,22.0
TCD,Chad,1979,15.0,,,8.47665819315549,,,512.207079130753,4505384,18.7456377571299,,52.41622967353411,,,8.8881,23.0
TCD,Chad,1980,15.0,,,10.0783919659402,,,480.15738651114293,4515453,19.0828185094898,,45.81058348784817,,,9.0983,65.0
TCD,Chad,1981,15.0,,,10.370678498481,,,484.57416047239946,4520959,19.3966457121171,,37.7617788793387,,,9.2383,36.0
TCD,Chad,1982,15.0,,,14.6271123152802,,,487.0483252214941,4738483,19.6873065145073,,20.056797593173105,,,9.7929,77.0
TCD,Chad,1983,15.0,,,10.034189434446,,,536.1809525051173,4979130,19.9549880661559,,39.96040584322792,,,9.7715,49.0
TCD,Chad,1984,15.0,,,8.31292207832378,,,540.0071595090601,5045145,20.1998775165583,,42.07083877541909,,,8.0423,49.0
TCD,Chad,1985,15.0,,,5.7303662971421,,,651.0919822927711,5096269,20.42216201521,,43.23366538798963,,,8.1831,57.0
TCD,Chad,1986,15.0,,,8.60106538644531,,,606.106003867547,5251069,20.6220287116064,,48.76989912790275,,,8.7597,61.0
TCD,Chad,1987,15.0,,,7.90416622031188,,,571.2576709659608,5438309,20.799664755243,,51.8817263983252,,,9.2242,60.0
TCD,Chad,1988,15.0,,,6.58618031747852,,,637.7384012428977,5625602,20.9552572956152,,45.123382903232226,,,9.5387,50.0
TCD,Chad,1989,15.0,,,7.07578489310118,,,646.5941445606683,5819586,21.0889934822186,,45.19009186565548,,,9.985,35.0
TCD,Chad,1990,15.0,,,7.51734818693891,-0.5090153683426754,-1.0997502036536633,602.6706857666237,5982833,21.2010604645485,,41.38702344281653,-0.5229486050998085,-1.0970960428800085,11.0657,62.0
TCD,Chad,1991,15.0,,,6.91105202800515,-0.5100659781887309,-0.9666410027628476,630.6206826855968,6205676,21.2916453921005,,36.34954132191181,-0.5240014719751378,-0.9622476656149914,17.9493,76.0
TCD,Chad,1992,15.0,,,7.23066186985987,-0.5375457342426005,-0.9611656070343312,652.7850021636987,6474656,21.3609354143699,,35.90456002909202,-0.5509925812351042,-0.957659840926254,18.6912,58.0
TCD,Chad,1993,15.0,,,8.50696655660757,-0.5618645173558244,-0.9684194565957484,537.4105359211638,6629146,21.4101199820059,,42.64733333337468,-0.5738715934723311,-0.9655151713651122,19.2919,47.0
TCD,Chad,1994,15.0,,,12.1988096377489,-0.5731138532793003,-0.9712741517867092,578.4235037762619,6783450,21.4507061631048,,50.98835135589355,-0.5849628724090096,-0.9690524326864168,20.3073,55.0
TCD,Chad,1995,15.0,,,14.2163486584076,-0.5945073313740495,-0.9791084687615416,560.3314468340286,7089064,21.4898472014251,,55.69655657263134,-0.60550157294248,-0.9771399323008813,21.2371,44.0
TCD,Chad,1996,15.0,,,12.7277173769849,-0.6275198545865477,-1.0239179439696215,547.9257994660022,7410108,21.5269357382438,,46.61003319294462,-0.637137322939939,-1.0174107790936189,22.0874,57.0
TCD,Chad,1997,15.0,,,12.4551814464249,-0.6583161888512519,-1.0211882518127693,559.2598558358832,7670366,21.5618719838381,,49.313101141288016,-0.6617124450068536,-1.0148267959968384,22.8364,61.0
TCD,Chad,1998,15.0,,,11.6316656029818,-0.7020233026900504,-0.970132291078944,577.9095734687119,7938840,21.5945561484855,,48.05898289512494,-0.7044254953919414,-0.9686928342410568,24.1335,23.0
TCD,Chad,1999,15.0,,,9.50402148727577,-0.7485115108648734,-1.0096014446002066,554.1489007570955,8222705,21.6248884424631,,50.50786776428229,-0.7505290361521337,-1.007969553990032,25.4532,68.0
TCD,Chad,2000,15.0,21.426000000000002,,10.5734977135563,-0.8262784709049276,-1.0785710990467687,530.6003312705411,8512093,21.6527690760484,10.0,51.57117201356519,-0.827017630970103,-1.0792472927611283,26.57,33.0
TCD,Chad,2001,15.0,22.692099999999996,,8.36504776729485,-0.8731210134691932,-1.073568256631344,572.806706828797,8804124,21.6780982595188,8.045977011494253,64.32190804068539,-0.873479688408081,-1.0713457933163963,27.8361,26.0
TCD,Chad,2002,15.0,24.1839,,8.65186088391704,-0.9132697201801558,-1.0863638921540435,600.1714519746407,9116192,21.7007762031515,8.160919540229886,126.3508078499123,-0.9113065762904672,-1.082228857101323,29.3279,40.0
TCD,Chad,2003,15.0,26.3123,,14.3393379007977,-0.953116451500915,-1.1173123138451593,661.5569166816766,9487833,21.7207031172239,8.318181818181818,83.3789149599315,-0.9494211927150924,-1.1113734838177651,31.4563,32.0
TCD,Chad,2004,15.0,29.593400000000003,,34.9264279168197,-1.0375254795918116,-1.1106894490554178,845.5181311734194,9920036,21.7377792120134,7.34065934065934,101.76859092156376,-1.0328554186620893,-1.1094083166789737,34.7374,70.0
TCD,Chad,2005,15.0,31.491100000000003,,36.3205988355502,-1.0743270027538327,-1.1405351029253852,952.8719100970355,10328092,21.7519046977973,7.78,77.57749364979699,-1.0699544445829046,-1.1404273743818865,36.6351,36.0
TCD,Chad,2006,15.0,33.158,,34.2599109523942,-1.022173237175113,-1.163853864359487,914.2106645988939,10706424,21.7629797848529,7.480769230769231,77.0815766029615,-1.0204904361864946,-1.1647809201991173,38.302,43.0
TCD,Chad,2007,15.0,35.0778,,33.0605206762299,-0.9402229196861898,-1.1509298582096137,920.3528156749666,11081660,21.7709046834576,7.878787878787878,75.10599627319486,-0.9400128134050514,-1.1486043258937568,40.2218,22.0
TCD,Chad,2008,15.0,36.834,,33.9195928441547,-0.8593814220324992,-1.1976779280620358,916.0872746325047,11476296,21.7755796038887,8.350515463917525,69.06777460906413,-0.8603880981240326,-1.1958543491871367,41.978,56.0
TCD,Chad,2009,15.0,38.909800000000004,,19.3963985864073,-0.8386919590401584,-1.1787467882021485,871.4853112730773,11893754,21.7784396568755,9.175257731958762,64.85975119170668,-0.8404371764441256,-1.17319901529804,44.0538,79.0
TCD,Chad,2010,15.0,42.048700000000004,,23.7814056347722,-0.8858005130834473,-1.2457398467500405,956.9530187156511,12312575,21.8472378191095,8.83,63.7311691270791,-0.887648491677756,-1.2389621472849348,46.6298,62.0
TCD,Chad,2011,15.0,44.942,,28.1688125971144,-0.9407983105223368,-1.2133564169608868,965.2869635570568,12754997,21.9558736797638,4.182266009852217,57.543756187089826,-0.9430935969657122,-1.2043716205086183,48.9602,79.0
TCD,Chad,2012,15.0,48.6248,,24.7933556227023,-1.0028905170159708,-1.1648937358616949,1016.4215206189443,13210998,22.1061904148178,3.6851063829787236,54.3851887421013,-1.0066364193400843,-1.1646179133091286,52.0802,72.0
TCD,Chad,2013,15.0,51.8592,,20.0436304196548,-1.0652462069911623,-1.162496145042207,1008.6171142929393,13691079,22.2975929852391,3.2862453531598517,51.53081645498161,-1.0646608556914834,-1.158929073756,54.7517,35.0
TCD,Chad,2014,15.0,55.4283,,15.6882203824047,-1.1016091700805983,-1.169668978718862,993.3211577083953,14188678,22.5294513486009,3.146853146853147,40.811626985931866,-1.1026251803806513,-1.1675068985666632,57.7579,39.0
TCD,Chad,2015,15.0,60.997699999999995,,11.9712071081449,-1.190296751791098,-1.2764789707440989,993.9907306108692,14647621,22.8011258828974,3.2344827586206897,48.5114982079885,-1.1898936583626731,-1.2732749681709143,62.7645,43.0
TCD,Chad,2016,15.0,64.9044,,13.110061160108,-1.134887863107438,-1.256047205207207,923.5658720479898,15114655,23.1119734707179,6.261904761904762,43.95801493315369,-1.1329202383205013,-1.257318909217261,66.1083,60.0
TCD,Chad,2017,15.0,69.3352,,16.8846139020106,-1.1274518186637743,-1.2528943915209316,879.0758954667178,15622759,23.461349471105,6.231543624161074,43.29006138524677,-1.1285494802804437,-1.2538346630859798,69.9762,71.0
TCD,Chad,2018,15.0,73.4675,,20.9399413766231,-1.1756727050006577,-1.27197766286438,898.8347940073988,16156531,23.8486084924975,5.875,46.738431786018346,-1.1800348966343794,-1.2763734871568888,74.1145,67.0
TCD,Chad,2019,15.0,77.42880000000001,,19.6499588651766,-1.2308743072617017,-1.249623254348087,917.203710065059,16685223,24.2731047386633,5.595238095238096,46.67772471527682,-1.2366924192131226,-1.258467704786982,78.0828,36.0
TCD,Chad,2020,15.0,77.2718,,13.9330901678111,-1.274617850454536,-1.2764992797307908,884.9805419331973,17224679,24.7341921795416,5.677514792899408,40.64281706219321,-1.2834571206931185,-1.2788752888460004,82.4158,22.0
TCD,Chad,2021,15.0,80.9973,,21.3429312625159,-1.255038257001859,-1.251508491030714,857.5276305790873,17828273,25.2312246423075,4.643373493975904,43.94650410158949,-1.2678487163259604,-1.253790053355303,86.1413,40.0
TCD,Chad,2022,15.0,86.38719999999999,,,-1.232925168380655,-1.2488786055957268,862.6021281725198,18455316,25.7635558629694,,47.98837843194294,-1.247923057383689,-1.2522556809830128,91.5312,21.0
TCD,Chad,2023,15.0,91.7293,,,-1.2710359539421938,-1.1586174301985634,856.8324887453422,19319064,26.3305395171046,,46.89510150943433,-1.2845620567714795,-1.159007323347451,96.8733,76.0
TCD,Chad,2024,15.0,,,,-1.3375590690291244,,849.7073210006251,20299123,26.9315292389497,,47.86798929516993,-1.3486758067436213,,101.1738,34.0
COM,Comoros,1960,1.2,,34.92745835572273,,,,,197700,13.1582448093106,,,,,,53.0
COM,Comoros,1961,1.2,,34.92745835572273,,,,,201201,14.0436931933351,,,,,,44.0
COM,Comoros,1962,1.2,,34.92745835572273,,,,,204702,14.9472190921321,,,,,,33.0
COM,Comoros,1963,1.2,,34.92745835572273,,,,,208185,15.8317176139493,,,,,,63.0
COM,Comoros,1964,1.2,,34.92745835572273,,,,,211644,16.6600838670345,,,,,,37.0
COM,Comoros,1965,1.2,,34.92745835572273,,,,,214967,17.3952129596355,,,,,,68.0
COM,Comoros,1966,1.2,,34.92745835572273,,,,,218663,18.0,,,,,,63.0
COM,Comoros,1967,1.2,,34.92745835572273,,,,,223859,18.5034198595806,,,,,,33.0
COM,Comoros,1968,1.2,,34.92745835572273,,,,,230244,18.9631194826166,,,,,,29.0
COM,Comoros,1969,1.2,,34.92745835572273,,,,,237001,19.3850020865354,,,,,,48.0
COM,Comoros,1970,1.2,,34.92745835572273,,,,,244185,19.7749708887649,,,,,0.1937,75.0
COM,Comoros,1971,1.2,,34.92745835572273,,,,,251865,20.1389291067326,,,,,0.1976,58.0
COM,Comoros,1972,1.2,,34.92745835572273,,,,,260077,20.4827799578662,,,,,0.2004,21.0
COM,Comoros,1973,1.2,,34.92745835572273,,,,,268820,20.8124266595933,,,,,0.2051,49.0
COM,Comoros,1974,1.2,,34.92745835572273,,,,,278075,21.1337724293417,,,,,0.2114,77.0
COM,Comoros,1975,1.2,,34.92745835572273,,,,,287692,21.4527204845388,,,,,0.2165,77.0
COM,Comoros,1976,1.2,,34.92745835572273,,,,,297538,21.775174042612502,,,,,0.2244,58.0
COM,Comoros,1977,1.2,,34.92745835572273,,,,,307579,22.1070363209904,,,,,0.2295,67.0
COM,Comoros,1978,1.2,,34.92745835572273,,,,,317688,22.4542105371,,,,,0.2351,61.0
COM,Comoros,1979,1.2,,34.92745835572273,,,,,327791,22.8225999083691,,,,,0.2411,63.0
COM,Comoros,1980,1.2,,34.92745835572273,0.814546844007259,,,1171.4721819588149,337721,23.2167687463019,,35.75618350915532,,,0.241,55.0
COM,Comoros,1981,1.2,,34.92745835572273,0.811701996052721,,,1201.0986398841476,347382,23.6658981255069,,35.75551973610225,,,0.2401,49.0
COM,Comoros,1982,1.2,,34.92745835572273,1.28846170265126,,,1215.6926423562893,357139,24.1958739975537,,35.75728508583343,,,0.2374,62.0
COM,Comoros,1983,1.2,,34.92745835572273,0.793048315135405,,,1218.845928028559,367233,24.7837548436415,,35.75732675979181,,,0.2377,71.0
COM,Comoros,1984,1.2,,34.92745835572273,0.769874522955636,,,1234.6510527584273,377637,25.4036823536605,,35.75659199048369,,,0.239,43.0
COM,Comoros,1985,1.2,,34.92745835572273,0.516529285634037,,,1233.9517660800075,388352,26.0297982175004,,35.757685475385,,,0.2358,54.0
COM,Comoros,1986,1.2,,34.92745835572273,0.619038524904053,,,1224.9189724803753,399318,26.6362441250514,,35.756616711657216,,,0.2237,30.0
COM,Comoros,1987,1.2,,34.92745835572273,0.505536403155049,,,1216.4904145869639,410439,27.1971617662032,,35.75681697194346,,,0.257,79.0
COM,Comoros,1988,1.2,,34.92745835572273,0.546126078404436,,,1242.89592167457,421687,27.686692830846,,35.75653123881637,,,0.2587,21.0
COM,Comoros,1989,1.2,,34.92745835572273,0.599385261262843,,,1199.0372321428529,433103,28.0789790088695,,35.75775935666875,,,0.2625,60.0
COM,Comoros,1990,1.2,,34.92745835572273,0.733042703680398,-0.0704406060365606,-0.2820232780133425,1253.7619629434187,444596,28.3481619901639,,35.75703171753446,-0.0671009025827416,-0.2371946313790559,0.3117,54.0
COM,Comoros,1991,1.2,,34.92745835572273,0.752536473967662,-0.0542700517666179,-0.2471220129982784,1148.1393188835623,455556,28.4669403072928,,35.75721110707997,-0.0502543626256553,-0.2051651321913058,0.3008,59.0
COM,Comoros,1992,1.2,,34.92745835572273,0.732272832794765,-0.0777082781897514,-0.2221872908053379,1207.2920944385548,465113,28.4656667857423,,35.75735553997802,-0.0730447696219108,-0.190999439623771,0.2984,33.0
COM,Comoros,1993,1.2,,34.92745835572273,0.633194861811434,-0.1202860727657469,-0.2360624139259861,1215.6495051112024,473682,28.4403314078112,,35.75695191624973,-0.1149019108827311,-0.2049170293327958,0.3045,48.0
COM,Comoros,1994,1.2,,34.92745835572273,1.09160634596395,-0.1321755015710715,-0.2187902375927437,1146.707139419189,482142,28.3994895148917,,35.757279406155114,-0.1266584922824468,-0.1913489447697381,0.3106,69.0
COM,Comoros,1995,1.2,,34.92745835572273,1.68993932810546,-0.1697514142908534,-0.2132812656867793,1190.5003800428774,490586,28.3468419976372,,35.757238536976836,-0.1640169605703714,-0.1872778327556554,0.3215,39.0
COM,Comoros,1996,1.2,,34.92745835572273,1.72539613160936,-0.1090752309011202,-0.1612901915908756,1164.2033610942287,499107,28.286089746701,,35.7578150774993,-0.1018553048285575,-0.1391377175561062,0.332,35.0
COM,Comoros,1997,1.2,,34.92745835572273,1.76066086457314,-0.1450684547878122,-0.1113117571306078,1194.7948732742313,507777,28.2209336527364,,35.757043860422364,-0.1412334168885432,-0.0934196524477704,0.338,62.0
COM,Comoros,1998,1.2,,34.92745835572273,1.83249756382208,-0.1212120464157412,-0.0868848306195934,1174.6898960510155,516597,28.1550746063967,,35.75725005433939,-0.1148284245024276,-0.0745100931332905,0.3598,39.0
COM,Comoros,1999,1.2,,34.92745835572273,1.27104755225648,-0.1061084400636583,-0.0582762653776268,1185.070435793369,525886,28.0922134983353,,35.757157047698904,-0.0974442761659093,-0.042578504534386,0.386,61.0
COM,Comoros,2000,1.2,-1.9405999999999999,34.92745835572273,1.39951988105558,-0.154040120243297,-0.1949684876555781,1150.8284010635398,536080,28.0360512192055,0.0,35.75747853062669,-0.1418159612195109,-0.1850161347783673,0.4194,24.0
COM,Comoros,2001,1.2,-1.896,34.92745835572273,1.27343022376926,-0.1430868630971025,-0.0875331084630368,1188.5010704935657,547220,27.9902886596605,0.0,35.75722885093456,-0.125668350053933,-0.0830173866496884,0.424,64.0
COM,Comoros,2002,1.2,-1.8441999999999998,34.92745835572273,1.37514673190594,-0.177142344026426,-0.0093756879335605,1217.115015599429,558923,27.9586267103537,10.036801605888257,35.75711903359134,-0.1559962964034479,-0.008896800225225,0.4358,22.0
COM,Comoros,2003,1.2,-1.7798000000000003,34.92745835572273,1.65536751885293,-0.1231989839908623,0.0739003588009396,1216.9803671294853,569798,27.9448864609618,12.582573136206355,35.7569591176854,-0.1005234734790746,0.0734517049767569,0.4602,63.0
COM,Comoros,2004,1.2,-1.7205000000000001,34.92745835572273,1.23259320703783,-0.0050628377549825,0.1274492039820346,1231.1474679884893,580704,27.9596300229124,12.195121951219512,35.75706312532485,0.016315609907458,0.1284411080404865,0.4795,61.0
COM,Comoros,2005,1.2,-1.6956000000000002,34.92745835572273,1.29730854580131,0.0897877253887641,0.0962112238577662,1274.614366297404,592677,28.016895208368,11.655011655011654,35.75740932382584,0.1124141009745381,0.0942729769306181,0.4844,22.0
COM,Comoros,2006,1.2,-1.6446,34.92745835572273,1.26530963882956,0.1757123975115382,0.0970766942928893,1227.2463639212501,604753,28.1143215973031,12.487512487512488,35.75727457398422,0.1929157915977308,0.0967659785727467,0.5154,33.0
COM,Comoros,2007,1.2,-1.6749,34.92745835572273,1.58338531970231,0.2684163153592773,0.0836290687846572,1212.6962908489631,616927,28.2493321448949,9.652509652509652,33.15617921274949,0.2858509665468701,0.0871033894166084,0.4651,55.0
COM,Comoros,2008,1.2,-1.6487,34.92745835572273,1.71669245535594,0.2982963130202592,0.1246461966005922,1235.9724718737423,629307,28.4193498063202,10.416666666666668,36.21852635428094,0.3167380708018806,0.1262581750598777,0.4713,40.0
COM,Comoros,2009,1.2,-1.5939,34.92745835572273,1.74911916314292,0.3110784024968461,0.1637488609110551,1250.9003534422654,641947,28.6217975367563,9.72762645914397,37.896922325354176,0.3297380771307834,0.1643922214506046,0.5061,31.0
COM,Comoros,2010,1.2,-1.525,34.92745835572273,1.59344239758779,0.336259811920531,0.2574654555239183,1272.6065066470471,654836,28.8540982913801,7.288629737609329,39.55010580298979,0.355042468634802,0.2540478870718919,0.535,76.0
COM,Comoros,2011,1.2,-1.491,34.92745835572273,1.63354218561465,0.316117730878836,0.3446978136809544,1299.110990219218,668056,29.1136750253686,8.012820512820513,40.00094857243996,0.3331321142378117,0.3364048536202882,0.529,26.0
COM,Comoros,2012,1.2,-1.4375,34.92745835572273,1.91653686564634,0.3535038414001464,0.3504333310706853,1313.5812493744022,681630,29.397950693899,7.886435331230284,40.81044240894227,0.3670264964728744,0.3427435531881652,0.5425,78.0
COM,Comoros,2013,1.2,-1.358,34.92745835572273,1.84106336379863,0.3230947018089328,0.319173939591101,1343.5451171047011,696192,29.7043482521482,8.183306055646481,39.243330414992855,0.3339976199169471,0.3249273611832245,0.582,56.0
COM,Comoros,2014,1.2,-1.3295,34.92745835572273,1.97695678379704,0.3008531402374789,0.3137727643382528,1342.3280242136357,711503,30.0302906552932,8.695652173913043,39.23582441691938,0.3107020675840949,0.3204964629922527,0.5705,31.0
COM,Comoros,2015,1.2,-1.3274,34.92745835572273,2.46576426845081,0.178454446963933,0.3617910307901925,1329.3704823598596,726682,30.3732008585112,0.0,37.804952071456256,0.1854871766730192,0.3596987574724845,0.5926,42.0
COM,Comoros,2016,1.2,-1.3075,34.92745835572273,2.50675650816682,0.155670783031105,0.397759825865346,1345.625557393058,741741,30.7305018169792,0.0,37.13287971583374,0.1590968854501242,0.3867920202001443,0.6325,30.0
COM,Comoros,2017,1.2,-1.2578,34.92745835572273,2.36385311111587,0.1923770715391393,0.4175381894933688,1369.4103826248497,756669,31.0996559689293,0.0,40.164358921351955,0.1957951898635514,0.4034090747604682,0.7022,61.0
COM,Comoros,2018,1.2,-1.3232,34.92745835572273,1.55194278873705,0.1779748476873824,0.3940497683251064,1391.8462046101163,771590,31.4073645195839,0.0,42.99615333694532,0.1814577759531444,0.3944976919251242,0.6568,39.0
COM,Comoros,2019,1.2,-1.3077999999999999,34.92745835572273,1.48652356146246,0.2594831429281604,0.3904720893456669,1389.3643064380456,786578,31.7287584068243,0.0,42.26807853729085,0.2617282271213373,0.3892176363929416,0.6922,54.0
COM,Comoros,2020,1.2,-1.5547999999999997,34.92745835572273,1.59920965443734,0.3908145791258671,0.4089352638698411,1359.7062468671402,802163,32.0638072194881,0.0,33.729934602921816,0.385901874852768,0.4059111209842202,0.7452,72.0
COM,Comoros,2021,1.2,-1.2641,34.92745835572273,1.62843413378353,0.4921862518264339,0.3445362111064224,1359.7624202115874,818174,32.4124444313246,0.0,42.06772363684464,0.4889713927903752,0.3385432102287508,0.8759,35.0
COM,Comoros,2022,1.2,-1.2205000000000001,34.92745835572273,,0.4395834895755595,0.3665361957340647,1368.3741885335987,834188,32.7746035528748,,50.38877048146993,0.4374839324717762,0.3596725311916907,0.9195,53.0
COM,Comoros,2023,1.2,-1.2031,34.92745835572273,,0.4383052884478244,0.612207420716722,1382.5130850310604,850387,33.1502180946901,,45.683778919627166,0.4340362576288289,0.6138368814423515,0.9369,50.0
COM,Comoros,2024,1.2,,,,0.603156954960389,,1401.8889841155299,866628,33.5392215673301,,44.37317674990267,0.5953729602536447,,0.9494,22.0
COD,"Congo, Dem. Rep.",1960,900.0,,2.8230519838556716,,,,1302.843459034813,15264846,22.2999992370605,,,,,,32.0
COD,"Congo, Dem. Rep.",1961,900.0,,2.8230519838556716,,,,1131.9877258645226,15662374,22.4039303624686,,,,,,70.0
COD,"Congo, Dem. Rep.",1962,900.0,,2.8230519838556716,,,,1336.6998089344045,16075724,22.5253645210241,,,,,,47.0
COD,"Congo, Dem. Rep.",1963,900.0,,2.8230519838556716,,,,1369.6008215416748,16507599,22.6635481638071,,,,,,64.0
COD,"Congo, Dem. Rep.",1964,900.0,,2.8142299464061225,,,,1300.8958995997975,16955327,22.8177277418976,,,,,,38.0
COD,"Congo, Dem. Rep.",1965,900.0,,2.8054079089565738,,,,1278.250794030716,17427802,22.9871497063755,,,,,,59.0
COD,"Congo, Dem. Rep.",1966,900.0,,2.8054079089565738,,,,1326.4877135679367,17931929,23.1710605083208,,,,,,67.0
COD,"Congo, Dem. Rep.",1967,900.0,,2.809818927681348,,,,1275.6480001233695,18462782,23.3687065988136,,,,,,62.0
COD,"Congo, Dem. Rep.",1968,900.0,,2.8230519838556716,,,,1292.4576202688036,19012189,23.5793344289339,,,,,,24.0
COD,"Congo, Dem. Rep.",1969,900.0,,2.8318740213052203,,,,1372.721587630728,19570445,23.8021904497616,,,,,,50.0
COD,"Congo, Dem. Rep.",1970,900.0,,2.8406960587547694,11.5046853227158,,,1330.8019173871319,20137436,24.0365211123768,,,,,9.7212,39.0
COD,"Congo, Dem. Rep.",1971,900.0,,2.853929114929093,7.72327726191126,,,1372.6715866208433,20695569,24.2815728678594,,,,,9.9629,54.0
COD,"Congo, Dem. Rep.",1972,900.0,,2.8671621711034163,7.43392562272526,,,1338.8047731890438,21251160,24.5365921672894,,,,,10.2434,25.0
COD,"Congo, Dem. Rep.",1973,900.0,,2.8759842085529654,11.9960503859177,,,1409.509600502262,21827665,24.8008254617469,,,,,10.4582,60.0
COD,"Congo, Dem. Rep.",1974,900.0,,2.889217264727289,11.6583916855696,,,1415.301377840502,22418878,25.0735192023119,,,,,10.8115,68.0
COD,"Congo, Dem. Rep.",1975,900.0,,2.8870117553649015,6.71984207250208,,,1309.616940621808,23021101,25.3539198400642,,,,,10.9749,55.0
COD,"Congo, Dem. Rep.",1976,900.0,,2.9068613396263867,8.1737053449497,,,1208.4399218396447,23624031,25.641273826084,,,,,15.7201,58.0
COD,"Congo, Dem. Rep.",1977,900.0,,2.9156833770759354,7.88149912064675,,,1187.227817984469,24229061,25.9348276114512,,,,,15.5928,53.0
COD,"Congo, Dem. Rep.",1978,900.0,,2.92009439580071,6.42880460245793,,,1089.43139011844,24992689,26.2338276472459,,,,,14.9175,61.0
COD,"Congo, Dem. Rep.",1979,900.0,,2.911272358351161,8.436072055967,,,1056.3276492832442,25886782,26.537520384548,,,,,15.9741,72.0
COD,"Congo, Dem. Rep.",1980,900.0,,2.92009439580071,10.6395169208555,,,1046.1988418799801,26711099,26.8451522744375,,,,,15.6713,42.0
COD,"Congo, Dem. Rep.",1981,900.0,,2.9333274519750336,9.82072833832507,,,1040.0524365530796,27500515,27.1559697679944,,,,,16.1699,27.0
COD,"Congo, Dem. Rep.",1982,900.0,,2.9289164332502593,9.63848872576461,,,1004.6891768624482,28338190,27.4692193162988,,,,,20.8914,76.0
COD,"Congo, Dem. Rep.",1983,900.0,,2.9333274519750336,10.6597698511749,,,987.0786124020511,29250963,27.7841473704305,,,,,22.9558,41.0
COD,"Congo, Dem. Rep.",1984,900.0,,2.9421494894245828,13.4416318491215,,,1007.5315807596974,30245081,28.1000003814697,,,,,26.2854,25.0
COD,"Congo, Dem. Rep.",1985,900.0,,2.9553825455989062,13.2611891160138,,,979.2298762349507,31264816,28.4242457661701,,,,,23.5704,25.0
COD,"Congo, Dem. Rep.",1986,900.0,,2.9642045830484554,12.7478537069267,,,993.629063435171,32265196,28.7644881926091,,,,,24.806,65.0
COD,"Congo, Dem. Rep.",1987,900.0,,2.9553825455989062,16.4658779391934,,,988.5441793067687,33298904,29.1201799888515,,,,,26.058,44.0
COD,"Congo, Dem. Rep.",1988,900.0,,2.9553825455989062,19.3538876984561,,,961.8856341137608,34382752,29.4907734829627,,,,,27.1659,59.0
COD,"Congo, Dem. Rep.",1989,900.0,,2.9553825455989062,20.3570439094778,,,920.1591219576337,35486866,29.8757210030076,,,,,24.4193,53.0
COD,"Congo, Dem. Rep.",1990,900.0,,2.9421494894245828,20.0654594433289,-0.4877602065802101,0.1196303110319838,831.6629474409694,36684063,30.2744748770515,99.5575221238938,,-0.5008563246295391,0.119536297128076,25.3323,79.0
COD,"Congo, Dem. Rep.",1991,900.0,,2.946560508149357,13.3310087682815,-0.408157871617997,0.2260905815358821,736.6912154708116,37925817,30.6864874331592,99.58341223253171,,-0.413377790457919,0.2200817196040145,23.0224,37.0
COD,"Congo, Dem. Rep.",1992,900.0,,2.9553825455989062,15.849972288394,-0.3855885869109349,0.1257413765584416,637.436883335816,39228910,31.1112109993961,99.68713979911081,,-0.3932954035328285,0.1175215276217277,23.641,28.0
COD,"Congo, Dem. Rep.",1993,900.0,,2.9553825455989062,10.7154645334115,-0.3942276254493446,0.1169029412245509,532.2144506122306,40656336,31.5480979038271,99.69341749323715,,-0.4022356708527281,0.1114341148346628,25.4757,52.0
COD,"Congo, Dem. Rep.",1994,900.0,,2.9553825455989062,23.5633733588919,-0.4301252879916875,0.1163592918825086,487.81460148018124,42626876,31.9966004745173,99.66114457831326,42.51672246817731,-0.4368229885472384,0.1120494161979436,23.3382,32.0
COD,"Congo, Dem. Rep.",1995,900.0,,2.9553825455989062,36.2921410617751,-0.4518683212810288,0.1637979341914295,471.2542166786365,44433704,32.4561710395319,99.70859640602234,52.20853141779791,-0.4573771508869671,0.1572342264992726,23.9856,50.0
COD,"Congo, Dem. Rep.",1996,900.0,,2.9553825455989062,36.2990334122152,-0.5120367232860746,0.226384259450657,457.55178560631964,45296124,32.9262619269359,99.70535275822557,60.31625674341448,-0.5156656247527837,0.2283768008267369,25.0851,54.0
COD,"Congo, Dem. Rep.",1997,900.0,,2.9553825455989062,32.2278074977846,-0.5716756243954574,0.1786081759306649,424.9666097342026,46029902,33.4063254647945,99.62324013484037,33.750000421875,-0.5758132613428311,0.1845656955309502,23.7662,54.0
COD,"Congo, Dem. Rep.",1998,900.0,,2.9553825455989062,32.1829001126895,-0.6349654962007113,0.1185076934217328,406.85928763503745,47297600,33.8958139811728,99.59813874788495,62.67930672658692,-0.6380028409063746,0.1289923155290394,24.4995,25.0
COD,"Congo, Dem. Rep.",1999,900.0,,2.9553825455989062,28.4965787872588,-0.7046074294205819,0.0160825486600758,376.62289344811023,48912971,34.3941798041357,99.52892406255889,41.17766081915286,-0.7074770650586558,0.0347821908825505,23.9343,36.0
COD,"Congo, Dem. Rep.",2000,900.0,442.6947,2.9553825455989062,7.51126046065517,-0.8425796294749501,0.1750234817994444,339.52682222392025,50507442,34.9008752617485,,27.014402922756858,-0.8430127772860825,0.1738596810239364,26.349,45.0
COD,"Congo, Dem. Rep.",2001,900.0,440.7126,2.9553825455989062,18.4200094895652,-0.8712493454392233,0.1376733085173288,322.0339200243072,52132646,35.4153526820763,,25.041937513839134,-0.8724196991821948,0.1364333532612977,24.3669,59.0
COD,"Congo, Dem. Rep.",2002,900.0,439.5812,2.9553825455989062,18.8676859222972,-0.8308627090161942,0.104449936952474,321.54784819045057,53750524,35.937064393184,,29.316845642982127,-0.8360571104046398,0.1031935733665673,23.2355,37.0
COD,"Congo, Dem. Rep.",2003,900.0,440.85330000000005,2.9553825455989062,29.5533566420657,-0.8268722815044072,0.0684303832196119,329.70953654046934,55343867,36.4654627231369,97.29505530253742,54.03135617764191,-0.8360574513628034,0.0671112805071774,24.5076,72.0
COD,"Congo, Dem. Rep.",2004,900.0,441.38030000000003,2.9553825455989062,24.0864214623167,-0.8632936142666299,0.0196761326153558,341.7149257514194,56997741,37.0,97.40166949632145,49.33641462549942,-0.8722851769719278,0.0182455863635894,25.0346,75.0
COD,"Congo, Dem. Rep.",2005,900.0,442.0154,2.9553825455989062,23.7428655133964,-0.9580700223282708,-0.0022697716597832,351.70848641168305,58775724,37.4018738621901,97.32814192849403,51.02767491455654,-0.9668528213574066,-0.0038821094419019,25.6697,50.0
COD,"Congo, Dem. Rep.",2006,900.0,442.5819,2.9553825455989062,24.0258161811706,-0.9575461021498533,0.0129102373724853,358.4543822755789,60615908,37.8024827128113,95.61842976300807,44.766708992973555,-0.9663125701926452,0.0065094574253923,26.2362,51.0
COD,"Congo, Dem. Rep.",2007,900.0,443.3501,2.9553825455989062,25.7637080243213,-0.9485848121445912,-0.1207577563055451,377.437143095814,62477752,38.201781337298,95.91276272474045,72.9983031777719,-0.9557246863517498,-0.1252339030321034,27.0044,37.0
COD,"Congo, Dem. Rep.",2008,900.0,444.028,2.977437639222779,28.4584070916592,-0.992872558959486,-0.051303680685239,393.3311824648217,64390664,38.5997245210844,95.63918615404941,72.95270931965663,-1.0009741631002214,-0.0592885836065466,27.6823,21.0
COD,"Congo, Dem. Rep.",2009,900.0,444.02,3.498820052491123,28.261800820164,-1.1331652290235148,-0.0261261312656565,383.515898271062,66412044,38.9962670496049,97.0237671581088,63.08600455053116,-1.1345419490822284,-0.035173923512511,27.6743,47.0
COD,"Congo, Dem. Rep.",2010,900.0,445.1485,4.020202465759467,25.9608846428413,-1.1559304237486094,-0.0264975317267131,400.6195679730917,68563038,39.391363708294,94.80080787679879,80.99751539095821,-1.156125879324913,-0.0362221359274777,28.8028,73.0
COD,"Congo, Dem. Rep.",2011,900.0,552.945,4.541584879027812,28.8830474855316,-1.123408461407472,0.0216435873464901,417.1304340459909,70849311,39.7849692825859,90.82396767268594,83.41336379983026,-1.1219133353879256,0.0117846482191037,29.8786,30.0
COD,"Congo, Dem. Rep.",2012,900.0,559.8686,5.062085088551201,27.1229704627568,-1.085464049928531,-0.0702107948566151,438.4060582436327,73254618,40.1770385579151,99.2926957435628,66.70567474657476,-1.0849398305534037,-0.0806408331338792,36.8022,38.0
COD,"Congo, Dem. Rep.",2013,900.0,561.8265,5.198385567146733,25.746219512295,-1.0353840305944468,-0.1784885590502676,464.52671546049373,75789395,40.5675263197158,99.9848975188781,72.55575451390136,-1.038689286325421,-0.1793295918294788,38.7601,65.0
COD,"Congo, Dem. Rep.",2014,900.0,563.8011,5.431728457687303,24.5568779878184,-0.9788451387690152,-0.1712534592900643,481.8302418837761,78403242,40.9563873534225,98.5309004632245,74.11317293820207,-0.9867008353355364,-0.1668376833981253,40.7347,59.0
COD,"Congo, Dem. Rep.",2015,900.0,44.5897,5.49612933106901,20.1093927301662,-1.0091856663861796,-0.1751705040228792,495.8266330148833,81035531,41.3435764444694,97.92305115032389,57.753923616324485,-1.0140608398334183,-0.1671110434646992,42.257,62.0
COD,"Congo, Dem. Rep.",2016,900.0,45.084,5.585231909309455,20.5721227000572,-0.963920762639767,-0.1512461810039017,480.4613778804748,83956415,41.7290483782911,96.6408797461429,68.00833428601322,-0.9535203952593534,-0.142352883574413,42.7513,46.0
COD,"Congo, Dem. Rep.",2017,900.0,46.7571,5.840629893473897,24.7656558437341,-0.9226729369286254,-0.1264548588906923,482.8546821285406,87083398,42.1127579403217,,65.9184525277578,-0.9173533717831416,-0.1133123409215189,44.4244,51.0
COD,"Congo, Dem. Rep.",2018,900.0,47.441300000000005,5.952228667210693,18.4167757889728,-0.9791561331464492,-0.0866664725594611,495.3121057110268,90047644,42.4946599159958,,72.55917390813357,-0.9747313240921764,-0.0725217174228989,45.1086,58.0
COD,"Congo, Dem. Rep.",2019,900.0,49.1253,6.0342736154914975,12.7500585788424,-1.0333375116259322,-0.0444047977087253,482.5242951294715,92947442,42.8747090907476,,60.914352374279225,-1.0267828388231302,-0.0310022462477093,46.7926,23.0
COD,"Congo, Dem. Rep.",2020,900.0,51.9605,6.0342736154914975,15.9281973313702,-1.0858925937702306,-0.0443874394429729,470.8529500009291,95989998,43.2528602500115,95.29987212276215,61.02847077279156,-1.0804307259471913,-0.0247221302846238,49.6278,77.0
COD,"Congo, Dem. Rep.",2021,900.0,55.176700000000004,6.0450291347786775,38.8272665239082,-1.0847807688326012,0.1935887186249311,485.1608059297844,99148932,43.6290681792218,90.39827102449381,75.38705238607322,-1.0819296642199705,0.1876056751052468,52.844,79.0
COD,"Congo, Dem. Rep.",2022,900.0,58.310700000000004,6.396808627952626,,-1.1255430635427328,0.219004289150622,513.5127043721666,102396968,44.003287663813,,85.82216918799581,-1.1208081702505186,0.2133049692798753,55.978,32.0
COD,"Congo, Dem. Rep.",2023,900.0,59.5337,6.5714756180939995,,-1.1756797296738728,0.250130854366779,539.4591263791301,105789731,44.3754734892194,,86.74005817982886,-1.1689178325002445,0.2456120715169768,57.201,50.0
COD,"Congo, Dem. Rep.",2024,900.0,,,,-1.2158943534872022,,554.244129980766,109276265,44.7455804408753,,100.55408831727506,-1.2088742570811242,,58.4917,59.0
COG,"Congo, Rep.",1960,222.0,,1.5226939970717424,,,,1192.8561652957596,1056732,36.7193612039898,,106.06049210998015,,,,66.0
COG,"Congo, Rep.",1961,222.0,,1.5226939970717424,,,,1259.5043262365173,1084389,37.0,,103.12075746049855,,,,67.0
COG,"Congo, Rep.",1962,222.0,,1.5226939970717424,,,,1290.7632557273155,1113175,37.0187574684261,,93.44131168869168,,,,71.0
COG,"Congo, Rep.",1963,222.0,,1.5226939970717424,,,,1206.1534137723022,1143263,37.0738060288988,,94.3204210439142,,,,76.0
COG,"Congo, Rep.",1964,222.0,,1.5168374816983894,,,,1218.5587395811574,1174816,37.1633099142098,,94.60161267435312,,,,71.0
COG,"Congo, Rep.",1965,222.0,,1.5168374816983894,,,,1228.7760089868195,1207880,37.2854333571505,,89.09463187353253,,,,71.0
COG,"Congo, Rep.",1966,222.0,,1.5168374816983894,,,,1210.7388395268404,1242534,37.4383405905127,,80.99630996309963,,,,51.0
COG,"Congo, Rep.",1967,222.0,,1.5168374816983894,,,,1201.4013042372196,1278691,37.6201958470878,,86.30140176393866,,,,71.0
COG,"Congo, Rep.",1968,222.0,,1.5168374816983894,,,,1255.9295187190182,1316519,37.8291633596676,,87.62057877813506,,,,69.0
COG,"Congo, Rep.",1969,222.0,,1.5197657393850659,,,,1311.230016990274,1356182,38.0634073610436,,88.96957269641376,,,,36.0
COG,"Congo, Rep.",1970,222.0,,1.5226939970717424,6.64483208044262,,,1353.2381740704398,1397638,38.3210920840074,,92.49997368421052,,,2.4693,44.0
COG,"Congo, Rep.",1971,222.0,,1.5226939970717424,5.89798568466017,,,1414.238711249109,1441039,38.6003817613506,,85.23108729500993,,,2.7485,54.0
COG,"Congo, Rep.",1972,222.0,,1.5226939970717424,5.74750804951389,,,1489.1652626292614,1486468,38.8994406258648,,80.09662801932367,,,2.9578,34.0
COG,"Congo, Rep.",1973,222.0,,1.534407027818448,7.45591229078477,,,1562.1262719910246,1533680,39.2164329103416,,74.99999172185431,,,11.4656,40.0
COG,"Congo, Rep.",1974,222.0,,1.540263543191801,29.5241490629841,,,1633.521859622204,1582301,39.6010806992311,,112.70391767210788,,,15.7828,44.0
COG,"Congo, Rep.",1975,222.0,,1.5431918008784773,17.0646401469805,,,1711.4375468084122,1627032,40.2437702078688,,99.63503649635037,,,10.3142,51.0
COG,"Congo, Rep.",1976,222.0,,1.554904831625183,19.7434495458121,,,1685.4823089279919,1667225,41.2133168737384,,106.9328951747088,,,10.308,70.0
COG,"Congo, Rep.",1977,222.0,,1.5461200585651538,21.7703953144671,,,1498.3180235678074,1707568,42.4189103975899,,110.85095212765958,,,4.8504,76.0
COG,"Congo, Rep.",1978,222.0,,1.4143484626647145,22.5804659965101,,,1556.6671722844114,1748089,43.7914801829815,,104.79052445789208,,,4.4578,37.0
COG,"Congo, Rep.",1979,222.0,,1.4202049780380672,43.0659126477545,,,1670.7796605911824,1788524,45.2619556334712,,96.03921568627452,,,4.6081,25.0
COG,"Congo, Rep.",1980,222.0,,1.4289897510980967,33.8386873025772,,,1921.968618297657,1828985,46.7612661526171,,120.14428412874585,,,5.5402,27.0
COG,"Congo, Rep.",1981,222.0,,1.437774524158126,20.6974005938285,,,2211.3167418509056,1869759,48.2203411439773,,134.11482370315673,,,6.5847,68.0
COG,"Congo, Rep.",1982,222.0,,1.5109809663250366,9.91090162200608,,,2674.9510924062215,1910430,49.5701100111097,,123.77464788732395,,,7.3999,39.0
COG,"Congo, Rep.",1983,222.0,,1.5226939970717424,20.1874480240288,,,2773.6266375892715,1950321,50.7415021575726,,109.7097097097097,,,7.5392,38.0
COG,"Congo, Rep.",1984,222.0,,1.528550512445095,24.3770640167178,,,2894.0997351711876,1999528,51.64425476977,,107.25091288471572,,,9.0336,43.0
COG,"Congo, Rep.",1985,222.0,,1.5461200585651538,26.1502684270415,,,2776.7642848910473,2059311,52.3123299063106,,112.79357231149567,,,8.8573,44.0
COG,"Congo, Rep.",1986,222.0,,1.5373352855051245,13.4057657739929,,,2511.486820463928,2120602,52.8612816098073,,93.50223488767006,,,8.7701,73.0
COG,"Congo, Rep.",1987,222.0,,1.4582723279648608,21.6894901597359,,,2443.7901987864643,2183473,53.3525676707376,,80.35519248324657,,,9.3947,60.0
COG,"Congo, Rep.",1988,222.0,,1.4641288433382138,22.3720464943537,,,2415.940916438353,2247653,53.7961874417823,,81.04704097116844,,,10.2685,64.0
COG,"Congo, Rep.",1989,222.0,,1.4699853587115665,36.5775807866716,,,2408.1415989625716,2313558,54.2021402756221,,83.35300932249868,,,10.9119,38.0
COG,"Congo, Rep.",1990,222.0,,1.4026354319180088,42.7260969986879,-0.1065942720225201,1.5302551051735076,2363.7670181458698,2380560,54.5804255249375,99.39148073022312,70.81935433070866,-0.1046784537637783,1.5393748094708015,10.903,35.0
COG,"Congo, Rep.",1991,222.0,,1.4084919472913615,25.375432599605,-0.1435476114710573,1.3288973679834108,2352.5275408077646,2449229,54.9410425424093,100.0,69.68454299466632,-0.1437620894438137,1.325254701411643,10.7838,55.0
COG,"Congo, Rep.",1992,222.0,,1.4055636896046853,27.615953975567,-0.1677128675495014,1.311224724312111,2346.679137944055,2519465,55.2939906807182,99.06542056074767,57.14070588614116,-0.1675062013863267,1.3071906146429382,10.8585,60.0
COG,"Congo, Rep.",1993,222.0,,1.4202049780380672,32.036674252406,-0.1988361191828666,1.2938751504982202,2255.943608019606,2595124,55.6492692925447,99.17127071823204,74.1761942770688,-0.1978050422460534,1.2890815697700486,11.1968,65.0
COG,"Congo, Rep.",1994,222.0,,1.38506588579795,39.6825674039049,-0.2122185312675654,1.2276980539404452,2069.796404565668,2673144,56.0168777305696,99.38271604938271,132.73624842216702,-0.211144412270363,1.22557394120359,9.8096,50.0
COG,"Congo, Rep.",1995,222.0,,1.390922401171303,39.1289096653397,-0.2348739304480382,1.2412967870465696,2092.5433790524467,2749461,56.4068153474735,99.43502824858757,128.31250426055672,-0.2330970420573168,1.2326894347675024,12.1338,59.0
COG,"Congo, Rep.",1996,222.0,,1.3967789165446558,39.2687753315493,-0.2405520227092644,1.181776225954699,2122.628192948368,2826785,56.8293178931295,99.56331877729258,128.407663306917,-0.2409899252778427,1.1737936437758851,15.6656,32.0
COG,"Congo, Rep.",1997,222.0,,1.4348462664714494,45.5915923371128,-0.2729654569363615,1.1154324180399453,2064.7536042465013,2887862,57.2976513812709,99.55849889624724,135.7581795382459,-0.2752612410005155,1.1077682123520904,16.3154,52.0
COG,"Congo, Rep.",1998,222.0,,1.437774524158126,30.5229307392362,-0.3365080479334647,1.01210524861368,2095.3440357059526,2952061,57.8079287900723,99.4186046511628,148.90166246413355,-0.3387324436844319,1.0055458020702783,19.5795,65.0
COG,"Congo, Rep.",1999,222.0,,1.4494875549048316,39.2437225352843,-0.4046655088771443,0.9257804685688318,1986.8478922288964,3032874,58.345204994721,85.58558558558559,131.39419029876493,-0.406644584783914,0.92954482859474,19.9457,55.0
COG,"Congo, Rep.",2000,222.0,6.817899999999998,1.4348462664714494,59.6838725227388,-0.1111426368102263,0.8662679203349785,2057.0192202355106,3151345,58.8947380255871,28.608695652173914,123.90988440567065,-0.1266407944593356,0.8579964200988129,21.6697,31.0
COG,"Congo, Rep.",2001,222.0,4.8725,1.4348462664714494,48.0984534986102,-0.0820357323708605,0.7400117073242876,2056.165059226174,3272537,59.4417859130405,,130.73248108187278,-0.1022331603962141,0.7369553259360918,20.2091,74.0
COG,"Congo, Rep.",2002,222.0,-2.5760000000000005,1.4348462664714494,46.645011436159,-0.0821023217714685,0.6115037997145222,2100.1687671457357,3350771,59.9716066874511,,135.45607107225996,-0.1023556635998924,0.611065355934636,13.2454,41.0
COG,"Congo, Rep.",2003,222.0,-1.3344000000000005,1.4348462664714494,39.3172945315231,-0.1299365285025759,0.5341427630320889,2058.886836750381,3445753,60.4694583791889,93.34837092731829,156.86177733536766,-0.1512998659726295,0.5351113262093435,14.9718,27.0
COG,"Congo, Rep.",2004,222.0,-0.6293000000000006,1.4348462664714494,40.0820482272883,-0.0609339791578071,0.585121659421907,2058.8840294689585,3565554,60.9205990186239,77.49677419354839,131.36819871732226,-0.0753856598776539,0.5872819088710569,16.1617,50.0
COG,"Congo, Rep.",2005,222.0,2.492000000000001,1.4348462664714494,48.0989114251068,-0.0366512061238153,0.6844065773641094,2140.036862002514,3696393,61.310286636126,89.17090069284065,119.552892262402,-0.0502601098135766,0.6955915598826848,19.7678,67.0
COG,"Congo, Rep.",2006,222.0,4.0036999999999985,1.4348462664714494,53.3147620920685,-0.0130118653880481,0.663215329077931,2226.0233547376,3837409,61.6237792620651,88.67549668874172,125.60076297449076,-0.0274678169936543,0.6743193879701278,21.7643,41.0
COG,"Congo, Rep.",2007,222.0,0.4632000000000005,1.4348462664714494,47.4870837640152,0.0065490641547998,0.6212673363302674,2004.10103961966,3980430,61.8502563370293,89.38574938574939,148.5866253950688,-0.0057016357141843,0.6344442029168089,18.7086,39.0
COG,"Congo, Rep.",2008,222.0,-0.2021000000000015,1.4348462664714494,52.6445029945798,0.0477048898421014,0.5776496977210325,2061.5582988057413,4113517,62.0354815675203,87.85249457700651,133.10848665960847,0.03803515121083,0.5924125137826382,18.5281,61.0
COG,"Congo, Rep.",2009,222.0,0.9883999999999986,1.4641288433382138,35.5779092675085,0.1019329861206643,0.5380022940198318,2211.315723820279,4281219,62.2172294650265,66.79035250463822,135.55236568197543,0.0855746436232989,0.5541010112170294,20.2034,34.0
COG,"Congo, Rep.",2010,222.0,2.3043000000000013,1.493411420204978,43.9398414162223,0.1042882707080391,0.5676179315615728,2332.2850805595294,4462290,62.3922871058739,58.756377551020414,124.06475439960735,0.0864746615354497,0.5819624346060006,22.0041,53.0
COG,"Congo, Rep.",2011,222.0,0.9406999999999996,1.5519765739385067,51.8437302128778,0.0526737050281097,0.614730447431523,2307.4938439971515,4609724,62.5597508130231,63.57153905645785,124.59174271014146,0.0365185190491099,0.6255176227594369,21.1253,26.0
COG,"Congo, Rep.",2012,222.0,-0.3097999999999992,1.5519765739385067,41.3573491386651,0.0221567718053037,0.5128706227473828,2467.0610290683885,4740450,62.7187169094345,59.90823529411765,97.44443514544302,0.006003351188514,0.5119217353063349,20.3596,26.0
COG,"Congo, Rep.",2013,222.0,-1.375399999999999,1.610541727672035,33.1448495573332,-0.0053541703164351,0.5640694222948203,2390.6575493866167,4857099,62.8682817180686,59.07613908872902,93.00286339152353,-0.0218818628044285,0.580320681929693,19.7788,43.0
COG,"Congo, Rep.",2014,222.0,-1.4268,1.610541727672035,27.6582312920434,-0.052560593915265,0.5776504982895188,2488.681185489924,4975880,63.0075415618859,59.59141583054627,104.19762010341688,-0.0695561918191928,0.5924460884401512,20.2122,64.0
COG,"Congo, Rep.",2015,222.0,-5.695599999999999,1.610541727672035,15.885704604199,-0.0892780442861043,0.5940714731508331,2439.351894036956,5097581,63.135592763847,40.77039711191336,117.32072155858117,-0.1072236305440048,0.6092517708385559,20.0504,74.0
COG,"Congo, Rep.",2016,222.0,-10.101200000000002,1.610541727672035,17.0000392659621,-0.1238215566758563,0.6285823165244647,2174.1931025122426,5222536,63.2515316469123,39.402641381645786,122.25981828402067,-0.1440698209554484,0.6418570039078688,19.7518,41.0
COG,"Congo, Rep.",2017,222.0,-8.331399999999999,1.610541727672035,29.8063807729514,-0.2012774186076869,0.6190830108677149,2003.2712107518719,5351011,63.3544545340423,41.63933873144399,94.61709525834216,-0.2195348401551542,0.6334142586834292,21.4216,71.0
COG,"Congo, Rep.",2018,222.0,-4.380499999999998,1.610541727672035,42.6682046537325,-0.1990003625937337,0.6286190915472915,1909.9560382117047,5483118,63.4434577481975,34.799095607235145,100.58321677971374,-0.214573999796142,0.6444320303011428,25.1015,34.0
COG,"Congo, Rep.",2019,222.0,-3.2133000000000003,1.610541727672035,39.2430391553175,-0.1634488401862474,0.6339701221125063,1885.5108087773124,5616661,63.5176376123385,29.493023255813956,91.57575479303745,-0.1763561616562049,0.6511836506619276,26.2687,45.0
COG,"Congo, Rep.",2020,222.0,9.8464,1.610541727672035,26.2181324216101,-0.1126482894943763,0.6247273502723081,1725.5104004996258,5752791,63.5760904494257,28.0734375,69.30662471883969,-0.1251068479128891,0.647226560480262,25.1544,54.0
COG,"Congo, Rep.",2021,222.0,5.052599999999998,1.610541727672035,37.7125480946685,-0.0732563244514954,0.5833862481704551,1701.790604568719,5892183,63.6179125824196,26.27394589324884,85.54620315521876,-0.0811658106582926,0.6100753168407739,23.298,71.0
COG,"Congo, Rep.",2022,222.0,6.175599999999999,1.610541727672035,,-0.0127471409273543,0.5733281211298625,1686.0023439138517,6035104,63.6422003342807,,98.16133669220008,-0.0156245756883661,0.6017866687800856,24.421,56.0
COG,"Congo, Rep.",2023,222.0,6.171199999999999,1.610541727672035,,0.1003697458884086,0.5128281461388751,1677.085492059241,6182885,63.6626757615625,,96.21039440396183,0.1020040460169921,0.545349678727697,24.4166,23.0
COG,"Congo, Rep.",2024,222.0,6.171199999999999,1.610541727672035,,0.0467341466158068,,1679.5806109770717,6332961,63.8866111699904,,93.18812208397523,0.0544208271137422,,24.623,50.0
CIV,Côte d'Ivoire,1960,76.84,,,,,,1495.1674675419372,3673666,18.432515852339,,57.144067572815416,,,,47.0
CIV,Côte d'Ivoire,1961,76.84,,5.283018867924529,,,,1584.7970080204684,3810151,19.7456488225576,,63.39605591950136,,,,63.0
CIV,Côte d'Ivoire,1962,76.84,,5.283018867924529,,,,1544.7308407717533,3956939,21.0517187529334,,60.139553503330326,,,,53.0
CIV,Côte d'Ivoire,1963,76.84,,5.283018867924529,,,,1701.850981161555,4112061,22.3078735305445,,57.45531758539302,,,,33.0
CIV,Côte d'Ivoire,1964,76.84,,5.283018867924529,,,,1925.7818518302233,4273952,23.471261042469,,60.60880001423148,,,,69.0
CIV,Côte d'Ivoire,1965,76.84,,5.283018867924529,,,,1795.1544652520683,4442377,24.4990235677489,,66.94763092729136,,,,68.0
CIV,Côte d'Ivoire,1966,76.84,,5.283018867924529,,,,1927.0129124016269,4617519,25.3840175139237,,65.10334587451139,,,,34.0
CIV,Côte d'Ivoire,1967,76.84,,5.345911949685535,,,,1939.0957400260522,4799744,26.1667202287161,,65.01500699477648,,,,26.0
CIV,Côte d'Ivoire,1968,76.84,,5.345911949685535,,,,2099.199405405866,4990021,26.8756201861492,,68.69483570427863,,,,77.0
CIV,Côte d'Ivoire,1969,76.84,,5.345911949685535,,,,2209.89957239449,5192221,27.539200227042,,63.831591182129834,,,,72.0
CIV,Côte d'Ivoire,1970,76.84,,5.345911949685535,5.88211960748263,,,2340.3106520563565,5411567,28.1859431922138,,64.87695669597801,,,6.0353,48.0
CIV,Côte d'Ivoire,1971,76.84,,5.345911949685535,5.64893582443539,,,2453.146527854894,5650868,28.8443319224839,,60.63731917286794,,,6.1639,56.0
CIV,Côte d'Ivoire,1972,76.84,,5.377358490566038,6.24912983609408,,,2445.0761127619444,5909716,29.5428492586715,,62.51877165329621,,,6.5699,42.0
CIV,Côte d'Ivoire,1973,76.84,,5.471698113207547,7.46318789264459,,,2475.0267703928725,6184944,30.3099780415957,,68.98587056221159,,,6.7599,42.0
CIV,Côte d'Ivoire,1974,76.84,,5.581761006289308,6.97736372517021,,,2466.819985222381,6474057,31.174201112076,,84.07307130901577,,,6.9691,64.0
CIV,Côte d'Ivoire,1975,76.84,,5.7075471698113205,5.73987904350225,,,2551.2970644557004,6776297,32.1922046152639,,73.31336678575718,,,7.4335,35.0
CIV,Côte d'Ivoire,1976,76.84,,5.786163522012579,5.84187720102765,,,2765.8677207908277,7057958,33.6710973445348,,77.98922385969036,,,8.0917,50.0
CIV,Côte d'Ivoire,1977,76.84,,5.911949685534592,5.2925209975451,,,2861.158768094494,7321950,35.3137698132902,,78.95660402640603,,,8.2713,57.0
CIV,Côte d'Ivoire,1978,76.84,,6.0062893081761,4.33407992517679,,,3055.940304793392,7603130,36.4000015258789,,73.95669727745005,,,9.0424,70.0
CIV,Côte d'Ivoire,1979,76.84,,6.053459119496855,4.7895015532176,,,3010.6607475213686,7902267,36.8617009805874,,72.2659282420616,,,8.9114,30.0
CIV,Côte d'Ivoire,1980,76.84,,6.147798742138365,4.92349095170293,,,2576.9166009572887,8220714,37.1825465500242,,76.18028969457067,,,8.8625,47.0
CIV,Côte d'Ivoire,1981,76.84,,6.19496855345912,4.54771649448935,,,2562.4259192337295,8556596,37.4694535276869,,77.45919887520205,,,8.9237,43.0
CIV,Côte d'Ivoire,1982,76.84,,6.2578616352201255,5.51492457907009,,,2466.303637829419,8907936,37.7343984448654,,75.75002166650296,,,9.2784,65.0
CIV,Côte d'Ivoire,1983,76.84,,6.39622641509434,5.73408169227322,,,2276.867000170612,9272744,37.9674546257742,,72.68017696891943,,,10.7112,35.0
CIV,Côte d'Ivoire,1984,76.84,,7.235849056603774,5.26549184879047,,,2128.6419047801487,9650516,38.1840779398354,,77.10319819192803,,,10.6031,68.0
CIV,Côte d'Ivoire,1985,76.84,,7.484276729559748,4.57801260968679,,,2138.0601118861787,10040483,38.3956360000261,,79.17251371205984,,,10.5216,47.0
CIV,Côte d'Ivoire,1986,76.84,,7.484276729559748,3.56320419608402,,,2123.07460132975,10440917,38.6134964193236,,69.67735716376026,,,10.4609,45.0
CIV,Côte d'Ivoire,1987,76.84,,7.547169811320755,3.29287411035561,,,2035.62090959375,10851475,38.8490268107049,,63.05024828106098,,,10.4158,55.0
CIV,Côte d'Ivoire,1988,76.84,,7.610062893081761,2.81389097771771,,,1981.388774517722,11275189,39.1117034868819,,58.37827151783132,,,10.3695,72.0
CIV,Côte d'Ivoire,1989,76.84,,7.610062893081761,2.93839141128914,,,1962.4217000380386,11719771,39.3925656514032,,61.088544044965474,,,9.9928,43.0
CIV,Côte d'Ivoire,1990,76.84,,7.641509433962264,4.08956490608254,-0.1448204777201943,-0.4757714252838979,1866.0785698741042,12189778,39.6845429703483,66.66666666666666,58.801495610320906,-0.1444101700887299,-0.4750973683314165,9.9376,64.0
CIV,Côte d'Ivoire,1991,76.84,,7.70440251572327,3.47748565263375,-0.1712276038710821,-0.462329993746223,1794.1206256691842,12683870,39.9873817237167,69.0148596587782,56.99782131429688,-0.1721854807038435,-0.4616479072516242,10.2538,32.0
CIV,Côte d'Ivoire,1992,76.84,,8.176100628930817,3.46029006444351,-0.2044853374336017,-0.1795299002575709,1719.7126133516329,13200310,40.3003187081632,56.648648648648646,60.02506533609009,-0.2051948459352597,-0.1997464140281209,10.387,28.0
CIV,Côte d'Ivoire,1993,76.84,,9.125786163522012,3.38754855261651,-0.2361578369329723,-0.1418374838914892,1649.4703618361893,13735951,40.6225907203425,50.22851919561243,55.34852184908428,-0.2360527659517838,-0.1646597788346632,10.6167,25.0
CIV,Côte d'Ivoire,1994,76.84,,9.433962264150944,5.29950791803271,-0.0669748191684272,-0.0692681613541814,1598.6923905581348,14287201,40.9534345569096,49.724692926725965,69.83665801669868,-0.0641297040479468,-0.0974818112301572,11.4811,54.0
CIV,Côte d'Ivoire,1995,76.84,,9.433962264150944,5.16486501492941,-0.0053477392107142,0.006107137813834,1647.0877707550433,14855565,41.2920870145192,60.536138445877164,76.20234390524199,-0.000697888709682,-0.0267231958251277,12.089,35.0
CIV,Côte d'Ivoire,1996,76.84,,9.433962264150944,3.10906315979616,0.0610191871425746,0.1272950710638579,1706.9765001448511,15442312,41.6377848898263,54.69613259668509,52.80429442115666,0.061321500253154,0.0862139457667342,13.4398,69.0
CIV,Côte d'Ivoire,1997,76.84,,9.119496855345911,2.79707040165525,0.1139564861779062,0.2335449222614687,1801.13163122133,16047170,41.9897649794856,46.61374348796824,54.006290338036656,0.111139520135025,0.1852594118633893,14.7175,46.0
CIV,Côte d'Ivoire,1998,76.84,,9.119496855345911,2.46774712006096,0.2154571226869339,0.2231804910183053,1808.4228902798568,16663948,42.3472061187643,34.236698160119346,53.65383379447608,0.2089686463537172,0.1765345246276274,14.4967,52.0
CIV,Côte d'Ivoire,1999,76.84,,8.80503144654088,2.23064062431383,0.3331256208615633,-0.0397875779346111,1770.8654038935695,17215935,42.710690759617,36.41270500311397,55.89356269087465,0.3211003711648587,-0.078692222754382,16.4148,31.0
CIV,Côte d'Ivoire,2000,76.84,87.8401,8.80503144654088,2.86211491053466,0.3267703131310436,-0.3878455472521952,1717.9538565123084,17699004,43.0840065011913,36.75,54.963991629515206,0.3163216301711861,-0.3878050846461392,16.3241,55.0
CIV,Côte d'Ivoire,2001,76.84,86.68,8.80503144654088,2.32208785748223,0.3482391615889014,-0.4045822630542082,1636.5731870521795,18178913,43.4670149035012,36.8474923234391,53.114104718044665,0.3390258805625786,-0.4046250978053836,16.532,43.0
CIV,Côte d'Ivoire,2002,76.84,87.03829999999999,8.80503144654088,2.45890647990383,0.3412439200208244,-0.4126738070566867,1551.279259028382,18654771,43.859032147728,32.659614658103514,55.90194822753883,0.3322873735516478,-0.4127663571475463,17.3099,59.0
CIV,Côte d'Ivoire,2003,76.84,87.00919999999999,8.80503144654088,2.64883554896755,0.2451011157989817,-0.4267804441082173,1441.5880175503685,19125542,44.2593744150531,36.01729899744447,53.26006068187701,0.2370232302965237,-0.4269454142012931,15.8514,41.0
CIV,Côte d'Ivoire,2004,76.84,87.8882,8.80503144654088,2.49321707811937,0.1984109521648286,-0.4553984538895562,1451.8654714189363,19595000,44.667357886658,31.727767695099818,58.118296303594555,0.1912917269089899,-0.455681134105376,16.6589,36.0
CIV,Côte d'Ivoire,2005,76.84,89.3886,8.80503144654088,3.71197677716882,0.2289621884767304,-0.4569171981284623,1431.7332020311126,20068458,45.082298743724,25.227952825206827,62.820936040280614,0.2229751447991559,-0.4573853177486214,17.5958,70.0
CIV,Côte d'Ivoire,2006,76.84,92.1908,8.80503144654088,5.60158447625658,0.2991517822560947,-0.4849046865469298,1437.7745379858582,20546802,45.5035131674326,26.702033598585324,63.69037706145198,0.2920047071365409,-0.4854857526766507,17.7482,29.0
CIV,Côte d'Ivoire,2007,76.84,91.6884,9.119496855345911,4.9838724678869,0.2910908470756442,-0.0418780307436507,1420.1738958245014,21030558,45.930317338965,31.912626531699523,61.43094234844263,0.2785577203107503,-0.0783605614362974,18.1591,59.0
CIV,Côte d'Ivoire,2008,76.84,92.5804,9.119496855345911,5.56200251854781,0.3641426210810903,-0.1602338730073805,1454.627318000822,21514439,46.3620274395029,32.72413793103448,61.94062129694993,0.3521155310408967,-0.1907066086707008,19.0181,77.0
CIV,Côte d'Ivoire,2009,76.84,94.74449999999999,9.119496855345911,3.87323197312723,0.2466552807530627,-0.2493749330933405,1473.9183699329042,21997940,46.7979596502274,36.29705331289389,66.67290374691848,0.2317767330410543,-0.2745256199462571,18.4168,56.0
CIV,Côte d'Ivoire,2010,76.84,94.9783,9.119496855345911,4.33013803473931,0.2413603159458743,-0.3307472806348972,1540.5292727024596,22488065,47.2374301523201,27.124895222129087,67.472940081257,0.2274106470185508,-0.3475916395260935,19.8203,59.0
CIV,Côte d'Ivoire,2011,76.84,97.1389,9.119496855345911,5.53239950172039,0.157748802373754,-0.7313579533517748,1426.4646386453364,22982000,47.6797551269623,29.08673553041482,64.71590306113451,0.143086991839237,-0.7173843623068245,20.4445,75.0
CIV,Côte d'Ivoire,2012,76.84,99.591,9.433962264150944,5.36757176448081,0.1735781993807887,-0.4760756243851378,1503.4343304668153,23467078,48.1242507553354,25.498859749144813,70.3010893191249,0.1629161036433874,-0.4807170909564059,23.0251,38.0
CIV,Côte d'Ivoire,2013,76.84,101.9063,11.0062893081761,4.15503587681362,0.2520259256277436,-0.3715888742796382,1632.3271278700586,23939775,48.5702332186208,20.991764705882353,58.35267925272344,0.2451195331150811,-0.3831312336851409,24.3394,77.0
CIV,Côte d'Ivoire,2014,76.84,103.3937,11.0062893081761,3.41935511091434,0.2967319547416754,-0.3778028000509441,1742.5369300117768,24527395,49.0173144557368,23.099203475742218,53.680417561034446,0.2900434182406732,-0.3859445575465361,25.2868,66.0
CIV,Côte d'Ivoire,2015,76.84,93.5154,12.118705031446542,3.07259669730878,0.670454393337067,-0.3343822838107025,1814.7185508801674,25246342,49.4694894689553,15.524563820018367,52.7153604615931,0.6736407753319463,-0.3408302615934234,26.3751,34.0
CIV,Côte d'Ivoire,2016,76.84,91.45689999999999,11.888658490566037,3.23053071841614,0.6857407438686083,-0.2810226096638971,1889.277779499377,25989405,49.929991034032,16.03334381881095,47.56631389356556,0.6864864406739564,-0.2880806123407859,27.5021,43.0
CIV,Côte d'Ivoire,2017,76.84,89.2231,12.526446226415095,3.38876801583982,0.7387966033597291,-0.2266197880759056,1972.8143178894707,26733372,50.3977309654344,19.00854066097289,48.65960503871765,0.7354845235038594,-0.2299720592507794,28.4254,49.0
CIV,Côte d'Ivoire,2018,76.84,85.6615,12.819372641509434,3.10996909544373,0.671809822847023,-0.1873917679249133,2013.323075984985,27464173,50.8718477756395,29.44637709969188,46.040028237159035,0.6649547274548049,-0.1909086072072335,27.9065,32.0
CIV,Côte d'Ivoire,2019,76.84,87.5656,13.646719496855345,2.95827158248838,0.6505044067754245,-0.1440092757190828,2093.0999433577913,28193009,51.3514799771241,32.753950338600454,44.66041058307946,0.6398594461278517,-0.1477917135949358,29.8106,76.0
CIV,Côte d'Ivoire,2020,76.84,87.8956,13.632517924528303,2.59163858078542,0.5994178553556193,-0.1530911447564215,2055.0848399643223,28915449,51.8357660823651,30.054260807685466,41.94263181905262,0.5861879139862809,-0.1525395881428482,30.1406,25.0
CIV,Côte d'Ivoire,2021,76.84,89.7329,13.804398742138362,4.73502206212113,0.5899029108559782,-0.1920446776841825,2146.476353179455,29639736,52.3183461956059,22.793073593073593,45.1140327762435,0.5733758866850684,-0.1923998274075788,35.0561,52.0
CIV,Côte d'Ivoire,2022,76.84,91.1976,14.179092767295598,,0.6116690700544528,-0.1921151716494743,2227.0984524698415,30395002,52.8492549676673,,52.866391041348315,0.5911811203681324,-0.1943486917072987,36.5208,70.0
CIV,Côte d'Ivoire,2023,76.84,91.40559999999999,15.103804088050316,,0.6332813929734411,0.044542425557261,2315.3814744164806,31165654,53.4075201638704,,48.81700391033316,0.6096876508145103,0.0535816542306685,36.7288,69.0
CIV,Côte d'Ivoire,2024,76.84,91.40559999999999,,,0.611713628209187,,2395.676890892219,31934230,53.9733113940142,,51.26403794091189,0.5876305177127144,,38.0267,35.0
DJI,Djibouti,1960,0.3,,0.04314063848144953,,,,,86024,50.7989009774412,,,,,,26.0
DJI,Djibouti,1961,0.3,,0.04314063848144953,,,,,89390,51.8796954147937,,,,,,29.0
DJI,Djibouti,1962,0.3,,0.04314063848144953,,,,,93283,53.0176451756564,,,,,,38.0
DJI,Djibouti,1963,0.3,,0.04314063848144953,,,,,97872,54.2039700819635,,,,,,23.0
DJI,Djibouti,1964,0.3,,0.04314063848144953,,,,,103198,55.4298682615396,,,,,,55.0
DJI,Djibouti,1965,0.3,,0.04314063848144953,,,,,109092,56.6865378422092,,,,,,21.0
DJI,Djibouti,1966,0.3,,0.04314063848144953,,,,,115269,57.9651769517971,,,,,,21.0
DJI,Djibouti,1967,0.3,,0.04314063848144953,,,,,121649,59.2569837181277,,,,,,37.0
DJI,Djibouti,1968,0.3,,0.04314063848144953,,,,,128250,60.5531562690257,,,,,,53.0
DJI,Djibouti,1969,0.3,,0.04314063848144953,,,,,136078,61.8448927323157,,,,,,40.0
DJI,Djibouti,1970,0.3,,0.04314063848144953,,,,,145175,63.1233912358223,,,,,0.9826,25.0
DJI,Djibouti,1971,0.3,,0.04314063848144953,,,,,155136,64.3798499073702,,,,,0.9979,78.0
DJI,Djibouti,1972,0.3,,0.04314063848144953,,,,,166256,65.6054668747838,,,,,1.0035,62.0
DJI,Djibouti,1973,0.3,,0.04314063848144953,,,,,178449,66.7914402658878,,,,,1.0347,36.0
DJI,Djibouti,1974,0.3,,0.04314063848144953,,,,,192613,67.9289682085069,,,,,1.1102,45.0
DJI,Djibouti,1975,0.3,,0.04314063848144953,,,,,209908,69.0092488304656,,,,,1.1692,26.0
DJI,Djibouti,1976,0.3,,0.04314063848144953,,,,,230737,70.0234802595885,,,,,1.2185,73.0
DJI,Djibouti,1977,0.3,,0.04314063848144953,,,,,254613,70.9628606237002,,,,,1.2965,27.0
DJI,Djibouti,1978,0.3,,0.04314063848144953,,,,,280031,71.8185880506254,,,,,1.3402,65.0
DJI,Djibouti,1979,0.3,,0.04314063848144953,,,,,304513,72.5818606681886,,,,,1.4965,65.0
DJI,Djibouti,1980,0.3,,0.04314063848144953,,,,,325815,73.2438766042144,,,,,1.5143,64.0
DJI,Djibouti,1981,0.3,,0.04314063848144953,,,,,343047,73.7958339865276,,,,,1.2718,63.0
DJI,Djibouti,1982,0.3,,0.04314063848144953,,,,,356880,74.2289309429525,,,,,1.2229,21.0
DJI,Djibouti,1983,0.3,,0.04314063848144953,,,,,369553,74.5539492577674,,,,,1.132,77.0
DJI,Djibouti,1984,0.3,,0.04314063848144953,,,,,384053,74.8487879867949,,,,,1.0416,23.0
DJI,Djibouti,1985,0.3,,0.04314063848144953,0.174830504488676,,,,402687,75.1332740303969,,,,,1.0748,72.0
DJI,Djibouti,1986,0.3,,0.04314063848144953,,,,,426341,75.3957483463265,,,,,1.0712,65.0
DJI,Djibouti,1987,0.3,,0.04314063848144953,0.552230097475681,,,,454399,75.6282696244695,,,,,1.3138,79.0
DJI,Djibouti,1988,0.3,,0.04314063848144953,0.562759522869694,,,,484523,75.8228965547117,,,,,1.2932,22.0
DJI,Djibouti,1989,0.3,,0.04314063848144953,0.588732441405909,,,,523355,75.9716878269389,,,,,1.9939,59.0
DJI,Djibouti,1990,0.3,,0.04314063848144953,0.568218462886332,0.0517316776879067,,,579538,76.0667021310371,,,0.0598830454999573,,1.8507,39.0
DJI,Djibouti,1991,0.3,,0.04314063848144953,0.583263427907537,0.0008541240234989,-1.485170964535639,,631092,76.099997794303,,,0.0044040294025234,-1.4693642391389996,2.124,62.0
DJI,Djibouti,1992,0.3,,0.04314063848144953,0.496362277793244,-0.0047123183621521,-1.3960888122438395,,626010,76.0505618940741,,,-0.0003637675687298,-1.385000650197483,1.9616,73.0
DJI,Djibouti,1993,0.3,,0.04314063848144953,0.380891593939275,-0.0201295527083363,-1.3945381615840784,,614245,75.9104671311523,,,-0.0146767480253608,-1.3846502879148352,1.9785,37.0
DJI,Djibouti,1994,0.3,,0.04314063848144953,0.418635434843989,-0.0492759785324211,-1.3828788801058494,,626710,75.691109845553,,,-0.0441148022746568,-1.3744884335227583,2.0104,25.0
DJI,Djibouti,1995,0.3,,0.04314063848144953,0.632478856364887,-0.0911634306050216,-1.3914422288074906,,633074,75.4038861624412,,,-0.0858854585717015,-1.3819401419001105,2.0886,29.0
DJI,Djibouti,1996,0.3,,0.04314063848144953,0.664007194070733,0.280260092477066,-1.371040167248024,,648348,75.060192206982,,,0.2900908973243387,-1.3651511031645407,2.1553,64.0
DJI,Djibouti,1997,0.3,,0.04314063848144953,0.676909112820101,0.2333579048855284,-1.3888225494327522,,671817,74.6714241043403,,,0.2434427232821978,-1.383604227019792,2.1747,64.0
DJI,Djibouti,1998,0.3,,0.04314063848144953,0.947348471648493,0.1378041760256576,-1.410979793606692,,699352,74.2489779796812,,,0.1477342542273847,-1.40608850498995,2.2213,40.0
DJI,Djibouti,1999,0.3,,0.04314063848144953,0.391087417725675,0.0728637186804731,-1.4667586071735512,,724218,73.8042499581697,,,0.0826918927126583,-1.461679180528725,2.3256,78.0
DJI,Djibouti,2000,0.3,0.3682000000000001,0.04314063848144953,0.382079268168498,-0.0035354074534043,-1.4491926770664705,,747318,73.3486361649708,0.0,,0.0096692081017345,-1.4450769241173589,1.8682,26.0
DJI,Djibouti,2001,0.3,0.38139999999999996,0.04314063848144953,0.415974590900068,0.0155451330716844,-1.360014616853392,,771313,72.8935327252495,0.0,,0.0279628754456888,-1.3653847031097488,1.8814,37.0
DJI,Djibouti,2002,0.3,0.41579999999999995,0.04314063848144953,0.454277724249501,0.0553445948630519,-1.3355125949800497,,795574,72.4503357641707,0.0,,0.0584899418296485,-1.3448774358053592,1.9158,49.0
DJI,Djibouti,2003,0.3,0.4756,0.04314063848144953,0.623059168138342,0.0821504226420048,-1.3222454628874452,,813519,72.0304414068997,0.0,,0.0855303587173795,-1.3324757854915903,1.9756,63.0
DJI,Djibouti,2004,0.3,0.45599999999999996,0.04314063848144953,0.573154706409986,0.0602798927581852,-1.283147529178131,,826124,71.6452457786012,0.0,,0.0643710432865114,-1.298066646695489,1.956,79.0
DJI,Djibouti,2005,0.3,0.43490000000000006,0.04314063848144953,0.539507984654084,-0.012971083499032,-1.1915347469973,,839167,71.3061450044404,0.0,,-0.0069372216124787,-1.2155496941437,1.9349,44.0
DJI,Djibouti,2006,0.3,0.4140999999999999,0.05608283002588438,0.616385691846383,-0.1372394771594504,-1.207498896527353,,855764,71.0245352095823,0.0,,-0.1237310585052565,-1.2330914832632656,1.9141,32.0
DJI,Djibouti,2007,0.3,0.4504999999999999,0.06471095772217428,0.523310116566421,-0.0920469432194403,-1.242192798590945,,874528,70.8118125191918,0.0,,-0.076289615514303,-1.2672980513003071,1.9505,41.0
DJI,Djibouti,2008,0.3,0.5404,0.051768766177739435,0.790439021922725,-0.0462035723492926,-1.3031490221755166,,892734,70.6793730584341,0.0,,-0.0303937631006893,-1.3277400882354853,2.0404,51.0
DJI,Djibouti,2009,0.3,0.4345000000000001,0.05608283002588438,0.743212074330782,-0.0030226793919193,-1.2631319616632404,,911527,70.6383251554484,0.0,,0.0199224100834855,-1.292054298209994,1.9345,66.0
DJI,Djibouti,2010,0.3,-4.9854,0.06902502157031924,0.838156180608274,0.0535597600970344,-1.281534338723606,,930251,70.6486554782903,0.0,,0.0792935490803926,-1.30438417791575,2.0146,27.0
DJI,Djibouti,2011,0.3,-5.1569,0.08628127696289906,0.888463490648047,-0.0400858237955777,-1.1527070779878998,,948558,70.6776532458676,0.0,,-0.0124994778527714,-1.1860176435626326,1.8431,67.0
DJI,Djibouti,2012,0.3,-4.9627,0.08628127696289906,0.945907199473507,-0.0596273385728084,-1.515622571538406,,966747,70.7266311335377,0.12804097311139565,,-0.0288340173315939,-1.517505549176324,2.0373,36.0
DJI,Djibouti,2013,0.3,-4.8639,0.08628127696289906,0.526727088783967,-0.0233779740991271,-1.50117997027228,2140.1376944233584,984824,70.7969331287484,0.11534025374855825,347.7203170584026,0.0108610804805084,-1.5031241404998816,2.1361,74.0
DJI,Djibouti,2014,0.3,-4.8419,0.08628127696289906,0.788998443214345,0.0240569572454423,-1.4504762043833517,2253.1408224976817,1002717,70.8899032189478,0.4975124378109453,298.564535821251,0.0577752109380114,-1.452394989160523,2.1581,21.0
DJI,Djibouti,2015,0.3,-4.9041999999999994,0.08628127696289906,0.662618364843773,0.0472358464963194,-1.422186364288298,2376.1255471987265,1020313,71.0068853915837,0.2801120448179272,268.36345625462917,0.083096596796675,-1.4240653032609798,2.0958,52.0
DJI,Djibouti,2016,0.3,-4.9222,0.08628127696289906,0.484424417766637,0.1468377378895605,-1.3784950154990128,2502.8518144943146,1037653,71.1492236341041,0.6772009029345373,213.07199860792073,0.1810957444154486,-1.3803249938226734,2.0778,67.0
DJI,Djibouti,2017,0.3,-4.9776,0.08628127696289906,0.571398008790601,0.383945818190928,-1.3064725783503048,2596.45134698268,1054841,71.318261933957,1.006711409395973,305.96796640346764,0.4235194148467316,-1.3082182868540926,2.0224,29.0
DJI,Djibouti,2018,0.3,-4.9073,0.08628127696289906,0.278959298930402,0.3946481567857554,-1.3053287930715776,2677.1650334451,1071882,71.5153442785902,1.079136690647482,300.39890052384357,0.4330107953306367,-1.307184192582976,2.0927,55.0
DJI,Djibouti,2019,0.3,-4.7783999999999995,0.08628127696289906,0.358531614173272,0.3801938890319197,-1.3169029228929812,2781.9435011348387,1088709,71.7418146554518,0.6550218340611353,320.9392303641797,0.4198582974565801,-1.3187485502613716,2.2216,59.0
DJI,Djibouti,2020,0.3,-4.837400000000001,0.12942191544434856,0.322148755925581,0.3230825441622522,-1.32763545883247,2773.4066178009693,1105188,71.9990170519895,0.47770700636942676,225.7448713237232,0.3632788740744404,-1.329485560685172,2.1626,26.0
DJI,Djibouti,2021,0.3,-4.7398,0.12942191544434856,0.277110490356489,0.2570252600447145,-1.3131873944250474,2854.15987035097,1121248,72.2882954556515,35.35353535353536,263.4777287338912,0.2939001309354464,-1.314971915045502,2.2602,36.0
DJI,Djibouti,2022,0.3,-4.6548,0.12942191544434856,,0.2184823594048996,-1.272424691752876,2959.786730112679,1137096,72.6109938538856,,302.28540923154515,0.2554480323877365,-1.2741852113720875,2.3452,28.0
DJI,Djibouti,2023,0.3,-4.6116,0.12942191544434856,,0.0902254347277433,-1.2685958068214678,3117.8155381530996,1152944,72.8408245988921,,285.9020438006442,0.1309867862833128,-1.27034440862399,2.3884,56.0
DJI,Djibouti,2024,0.3,,0.12942191544434856,,0.7484975856627258,,3290.42482052598,1168722,72.9052635052978,,241.23746309828667,0.7516417686304708,,2.4173,70.0
GNQ,Equatorial Guinea,1960,26.0,,1.5686274509803921,,,,,269807,26.0317601840134,,,,,,71.0
GNQ,Equatorial Guinea,1961,26.0,,1.5686274509803921,,,,,274896,26.1106039982883,,,,,,54.0
GNQ,Equatorial Guinea,1962,26.0,,1.4973262032085561,,,,,280286,26.1294480996515,,,,,,24.0
GNQ,Equatorial Guinea,1963,26.0,,1.4616755793226381,,,,,285965,26.1454840819746,,,,,,67.0
GNQ,Equatorial Guinea,1964,26.0,,1.3903743315508021,,,,,291942,26.1589984657337,,,,,,24.0
GNQ,Equatorial Guinea,1965,26.0,,1.3547237076648841,,,,,298238,26.170277771405,,,,,,79.0
GNQ,Equatorial Guinea,1966,26.0,,1.2834224598930482,,,,,304859,26.1796085194648,,,,,,45.0
GNQ,Equatorial Guinea,1967,26.0,,1.2477718360071302,,,,,311805,26.1872772303891,,,,,,48.0
GNQ,Equatorial Guinea,1968,26.0,,1.1764705882352942,,,,,318849,26.1935704246541,,,,,,36.0
GNQ,Equatorial Guinea,1969,26.0,,1.1408199643493762,,,,,322517,26.1987746227361,,,,,,40.0
GNQ,Equatorial Guinea,1970,26.0,,1.06951871657754,14.6066044239259,,,,320803,26.2031763451112,,,,,0.1251,32.0
GNQ,Equatorial Guinea,1971,26.0,,1.033868092691622,3.11442977033686,,,,315940,26.2070621122556,,,,,0.1255,54.0
GNQ,Equatorial Guinea,1972,26.0,,1.1051693404634582,3.6275780476031,,,,309468,26.2107184446454,,,,,0.1315,32.0
GNQ,Equatorial Guinea,1973,26.0,,1.06951871657754,4.58883141549785,,,,302281,26.2144318627569,,,,,0.1087,40.0
GNQ,Equatorial Guinea,1974,26.0,,0.9982174688057042,4.59504841264902,,,,294953,26.2184888870663,,,,,0.1155,51.0
GNQ,Equatorial Guinea,1975,26.0,,0.9625668449197862,5.33592552149925,,,,287901,26.2231760380496,,,,,0.119,78.0
GNQ,Equatorial Guinea,1976,26.0,,0.8912655971479502,4.42498606266299,,,,281031,26.2287798361831,,,,,0.1224,75.0
GNQ,Equatorial Guinea,1977,26.0,,0.8556149732620321,6.5383171340079,,,,276779,26.235586801943,,,,,0.123,77.0
GNQ,Equatorial Guinea,1978,26.0,,0.7843137254901961,,,,,276531,26.2438834558054,,,,,0.159,71.0
GNQ,Equatorial Guinea,1979,26.0,,0.7486631016042781,,,,,279846,26.2539563182465,,,,,0.157,50.0
GNQ,Equatorial Guinea,1980,26.0,,0.6773618538324421,18.0724069742167,,,457.60885754267025,288644,26.2660919097425,,,,,0.1624,51.0
GNQ,Equatorial Guinea,1981,26.0,,0.6417112299465241,26.9789681296791,,,460.69490321246235,303252,26.2805767507696,,,,,0.1732,26.0
GNQ,Equatorial Guinea,1982,26.0,,0.5704099821746881,33.3648320770985,,,443.12677990814234,322216,26.297697361804,,,,,0.171,39.0
GNQ,Equatorial Guinea,1983,26.0,,0.53475935828877,25.8642946058005,,,436.5718159058329,343421,26.3175517029202,,,,,0.1449,41.0
GNQ,Equatorial Guinea,1984,26.0,,0.53475935828877,19.6067788501783,,,415.03066105657336,364899,26.6193282681373,,,,,0.1568,73.0
GNQ,Equatorial Guinea,1985,26.0,,0.53475935828877,17.0683434813749,,,443.49567635069275,385547,27.4211574951498,,,,,0.1482,39.0
GNQ,Equatorial Guinea,1986,26.0,,0.53475935828877,19.5139638627404,,,412.6313125400017,404728,28.6120566626659,,,,,0.1565,41.0
GNQ,Equatorial Guinea,1987,26.0,,0.53475935828877,19.9401148755509,,,412.79022190750703,422522,30.0808110261592,,,,,0.1774,27.0
GNQ,Equatorial Guinea,1988,26.0,,0.53475935828877,16.4042113273297,,,407.2413601866682,439651,31.7162058411031,,,,,0.1753,27.0
GNQ,Equatorial Guinea,1989,26.0,,0.53475935828877,20.4822747766939,,,387.1282919104177,456808,33.407026362971,,,,,0.192,77.0
GNQ,Equatorial Guinea,1990,26.0,,0.5704099821746881,20.9666837696032,-0.3490301036699519,,366.3144047470226,474274,35.0420578472365,,,-0.3566624399904189,,0.1852,51.0
GNQ,Equatorial Guinea,1991,26.0,,0.5704099821746881,17.9183442083426,-0.3619004846650027,,349.352882285968,492217,36.5100855493731,,,-0.3700005908939849,,0.1926,61.0
GNQ,Equatorial Guinea,1992,26.0,,0.6060606060606061,21.452584980133,-0.3977629464969691,,453.6378139170675,510770,37.6998947248541,,,-0.4057045525527741,,0.195,36.0
GNQ,Equatorial Guinea,1993,26.0,,0.6060606060606061,26.5900630553468,-0.438790266458292,,485.39223171292485,530023,38.500270629153,,,-0.4459501549115537,,0.213,26.0
GNQ,Equatorial Guinea,1994,26.0,,0.6060606060606061,40.7769410514834,-0.3328800753667123,,545.5954708549474,550138,38.799943915078,,,-0.3352676661627068,,2.8209,33.0
GNQ,Equatorial Guinea,1995,26.0,,0.6060606060606061,50.1379223378986,-0.3749345575585454,,617.2948261287532,571264,38.8041524265093,,,-0.3772810890441487,,3.2123,40.0
GNQ,Equatorial Guinea,1996,26.0,,0.6417112299465241,68.668339724923,-0.3183900618574005,,989.777266733628,593492,38.8068320483764,,,-0.3174438302800638,,5.3322,50.0
GNQ,Equatorial Guinea,1997,26.0,,0.6773618538324421,71.3152028910831,-0.2686634304056891,,2380.3210682723206,616893,38.808691785582,,,-0.2676911953354935,,7.6381,79.0
GNQ,Equatorial Guinea,1998,26.0,,0.7130124777183601,61.9605840554592,-0.2581164134789317,,2833.3318462934335,641474,38.810342340543,,,-0.2534842407508109,,9.4809,63.0
GNQ,Equatorial Guinea,1999,26.0,,0.7130124777183601,67.4328688990253,-0.3437534996241804,,3423.1212616291186,667214,38.8123944156763,,,-0.3408412039820511,,10.3766,78.0
GNQ,Equatorial Guinea,2000,26.0,20.6195,0.7843137254901961,88.5923456549581,0.1413127327995047,-0.054824679695469,3839.0864273712828,703279,38.8154587133988,10.294117647058822,,0.1448371478951382,-0.054624703911958,12.0666,37.0
GNQ,Equatorial Guinea,2001,26.0,21.8932,1.06951871657754,,0.1968683684117509,-0.0056771756174423,5882.850503065862,749836,38.8638365386531,5.36842105263158,,0.1948047184189072,-0.0175149706782855,13.3403,56.0
GNQ,Equatorial Guinea,2002,26.0,19.037300000000002,1.3190730837789661,,0.2797847098201206,-0.0215731077915001,6604.005463108094,797957,39.1969150391705,5.36842105263158,,0.274314238321708,-0.0341378345467715,10.4844,43.0
GNQ,Equatorial Guinea,2003,26.0,20.2762,1.3190730837789661,,0.2400715495613768,-0.0350978015669773,7082.654891869211,847862,39.895902485648,5.0638297872340425,,0.236360233100515,-0.048511948394235,11.7233,67.0
GNQ,Equatorial Guinea,2004,26.0,24.7375,1.3190730837789661,,0.2504803350899078,-0.0451822121098447,9208.60566707162,899917,40.9304009672368,4.046242774566474,,0.2484216709342079,-0.0590703027462593,16.1846,43.0
GNQ,Equatorial Guinea,2005,26.0,24.1479,1.3190730837789661,56.289114416548,0.2395981548381988,-0.0225640352248971,10212.454505149759,947367,42.2814597171299,3.867403314917127,131.02447181320954,0.2370142728740582,-0.0369048633396922,15.595,66.0
GNQ,Equatorial Guinea,2006,26.0,25.4942,1.4616755793226381,53.9325201023447,0.1340714188094204,0.3991325821091253,10521.999677482723,990343,43.9301279685204,3.6458333333333335,118.53278236893708,0.1345211385660881,0.396750857662396,16.9413,66.0
GNQ,Equatorial Guinea,2007,26.0,26.686300000000003,1.4616755793226381,50.1443326959341,0.0610636281499794,0.4190901114073804,11594.917206845575,1036044,45.8574549546013,3.30188679245283,134.08378985756897,0.0656685161346033,0.4167673296402293,18.1334,35.0
GNQ,Equatorial Guinea,2008,26.0,25.5426,1.6399286987522281,46.4378660078331,-0.0357535343243555,0.4304322489132989,13048.070305016829,1084530,48.0444899085658,3.349282296650718,128.6880066014579,-0.0270934477629484,0.4281518647182856,16.9897,37.0
GNQ,Equatorial Guinea,2009,26.0,22.899099999999997,1.9251336898395723,27.7370036664958,-0.1331995810054702,0.4488275753985394,12627.86238154495,1135673,50.4722820636069,2.857142857142857,122.21207711080129,-0.1207558004375675,0.446627167572934,14.3462,30.0
GNQ,Equatorial Guinea,2010,26.0,23.5439,1.9251336898395723,36.311150239718,0.2292045186144391,0.5057140111789326,10984.324393242552,1189085,53.1218806529176,2.536231884057971,144.6682250012481,0.2397289021945071,0.5036588431813781,14.991,55.0
GNQ,Equatorial Guinea,2011,26.0,23.5995,1.9251336898395723,37.6841563581666,0.3272205171653761,0.5264853643362986,11203.907367909114,1241835,55.9743349096911,1.7766497461928936,114.37734663649024,0.3434730041744077,0.5245164151783585,15.0466,37.0
GNQ,Equatorial Guinea,2012,26.0,23.3967,1.9251336898395723,39.0027634245776,0.2810629422646609,0.5469467455746575,11650.719627088396,1293483,59.0106940671203,9.153005464480875,116.67542247236366,0.3010531250467546,0.5450909431601827,14.8438,62.0
GNQ,Equatorial Guinea,2013,26.0,22.5412,1.9251336898395723,33.3474569225038,0.1864588003187959,0.5870740461571902,10731.645572919062,1346218,62.2120073583984,15.24609843937575,106.89328492606582,0.2106036860149826,0.5853876639858343,13.9883,56.0
GNQ,Equatorial Guinea,2014,26.0,22.6176,1.9251336898395723,27.1072398964958,0.1057624077586881,0.6026470879557522,10363.487247354895,1399828,65.5593240167184,11.053089643167972,104.37919867138767,0.132415272541521,0.6010692157001143,14.0647,76.0
GNQ,Equatorial Guinea,2015,26.0,22.8344,1.9251336898395723,17.5005073478909,-0.0037672758969148,0.6376519625671638,9068.910032386446,1453923,68.951270615355,9.776751347190146,98.87805916807562,0.0246865331564473,0.6362611958030446,14.2815,79.0
GNQ,Equatorial Guinea,2016,26.0,21.726399999999998,1.9251336898395723,16.4599653575836,-0.0076084641404684,0.6811827676699751,7971.834019045732,1508186,69.253269853051,9.09799713876967,92.60073072379423,0.018047531432741,0.6799136412263288,13.1735,79.0
GNQ,Equatorial Guinea,2017,26.0,20.3307,1.9251336898395723,21.9589067386853,-0.0626894594962767,0.7192067479694317,7259.109364548028,1562396,69.5516019132985,9.559639909977493,102.42825825180255,-0.034938249431512,0.718027049575486,11.7778,36.0
GNQ,Equatorial Guinea,2018,26.0,19.202399999999997,1.9251336898395723,27.8023533090755,-0.0835034710678562,0.7623701879888862,6578.900397657107,1616422,69.8396623666175,9.411373707533235,103.64568162295322,-0.0559047191930664,0.7614294187290543,10.6495,50.0
GNQ,Equatorial Guinea,2019,26.0,18.5773,1.8894830659536541,25.4372801609757,0.0175274513054259,0.800719648437519,6018.120663218655,1670177,70.1175419547293,9.074786324786324,94.87879242535449,0.0522914269548582,0.8000089822881506,10.0244,31.0
GNQ,Equatorial Guinea,2020,26.0,18.322400000000002,1.8894830659536541,16.6815988795919,0.0520779188152792,0.8733888065541839,5575.262415114922,1716468,70.3853314193247,9.02834868887314,77.92788464418066,0.0840031365655332,0.8728726976891554,9.7695,58.0
GNQ,Equatorial Guinea,2021,26.0,17.8504,1.8894830659536541,23.500064053404,0.0459978645058409,0.8794168458186071,5487.924792019916,1758786,70.6431215020592,8.804844290657439,76.9666485998527,0.0771482803361791,0.8791429023643673,9.2975,49.0
GNQ,Equatorial Guinea,2022,26.0,17.6784,1.8894830659536541,,0.0280086613894945,0.8920384996408888,5524.243124185794,1803545,70.8910029445467,,81.81301613680989,0.0599043501956231,0.8918002568753495,9.1255,53.0
GNQ,Equatorial Guinea,2023,26.0,16.5276,1.8894830659536541,,0.7341078981221028,0.8840545247024115,5118.2198614833105,1847549,71.1290664883517,,61.443281519042,0.7372520527381892,0.8837914309550658,7.9747,31.0
GNQ,Equatorial Guinea,2024,26.0,,,,0.6370935076983623,,5041.940385511728,1892516,71.3574028749806,,60.54145109759066,0.6408193060092932,,8.1387,79.0
ERI,Eritrea,1960,2.8,,,,,,,972547,10.4014621683306,,,,,,33.0
ERI,Eritrea,1961,2.8,,,,,,,995573,10.6880395167343,,,,,,39.0
ERI,Eritrea,1962,2.8,,,,,,,1019788,10.9653120610397,,,,,,60.0
ERI,Eritrea,1963,2.8,,,,,,,1045092,11.2329340037658,,,,,,76.0
ERI,Eritrea,1964,2.8,,,,,,,1071287,11.4905595474322,,,,,,49.0
ERI,Eritrea,1965,2.8,,,,,,,1098335,11.737842894558,,,,,,26.0
ERI,Eritrea,1966,2.8,,,,,,,1124957,11.9744382476625,,,,,,60.0
ERI,Eritrea,1967,2.8,,,,,,,1152339,12.1999998092651,,,,,,52.0
ERI,Eritrea,1968,2.8,,,,,,,1181737,12.4116549253264,,,,,,29.0
ERI,Eritrea,1969,2.8,,,,,,,1212005,12.608156796719,,,,,,63.0
ERI,Eritrea,1970,2.8,,,,,,,1243453,12.7915984083304,,,,,4.106,67.0
ERI,Eritrea,1971,2.8,,,,,,,1276154,12.9640727450477,,,,,4.1369,28.0
ERI,Eritrea,1972,2.8,,,,,,,1309235,13.1276727917584,,,,,4.0877,50.0
ERI,Eritrea,1973,2.8,,,,,,,1342669,13.2844915333498,,,,,4.1318,21.0
ERI,Eritrea,1974,2.8,,,,,,,1375688,13.4366219547092,,,,,4.0968,30.0
ERI,Eritrea,1975,2.8,,,,,,,1408210,13.5861570407239,,,,,4.0062,52.0
ERI,Eritrea,1976,2.8,,,,,,,1443807,13.7351897762813,,,,,4.0081,36.0
ERI,Eritrea,1977,2.8,,,,,,,1482565,13.885813146268701,,,,,3.9957,70.0
ERI,Eritrea,1978,2.8,,,,,,,1522378,14.0401201355734,,,,,4.0535,72.0
ERI,Eritrea,1979,2.8,,,,,,,1563332,14.2002037290828,,,,,4.1269,62.0
ERI,Eritrea,1980,2.8,,,,,,,1605797,14.3681569116842,,,,,4.1786,59.0
ERI,Eritrea,1981,2.8,,,,,,,1649939,14.5460726682648,,,,,4.242,70.0
ERI,Eritrea,1982,2.8,,,,,,,1695461,14.7360439837122,,,,,4.2516,58.0
ERI,Eritrea,1983,2.8,,,,,,,1736160,14.9401638429135,,,,,4.3679,35.0
ERI,Eritrea,1984,2.8,,,,,,,1771730,15.1630640122333,,,,,4.2729,68.0
ERI,Eritrea,1985,2.8,,,,,,,1807816,15.4389057159424,,,,,4.3784,43.0
ERI,Eritrea,1986,2.8,,,,,,,1845164,15.7664384841919,,,,,4.4695,51.0
ERI,Eritrea,1987,2.8,,,,,,,1888669,16.1984958648682,,,,,4.4278,42.0
ERI,Eritrea,1988,2.8,,,,,,,1938255,16.6822948455811,,,,,4.4956,51.0
ERI,Eritrea,1989,2.8,,,,,,,1987017,17.6743583679199,,,,,4.6315,28.0
ERI,Eritrea,1990,2.8,,,,,,,2032737,18.5684947967529,,,,,4.7044,44.0
ERI,Eritrea,1991,2.8,,,,-0.2017238574458728,,,1919571,19.8300696376343,,,-0.2040293214790361,,4.8044,71.0
ERI,Eritrea,1992,2.8,,,0.0,-0.1755454822604863,,642.0722335272092,1798748,21.4315344055512,0.0,56.377189372113236,-0.175754314748074,,5.0362,46.0
ERI,Eritrea,1993,2.8,,4.930693069306931,5.38915220289485,-0.2171734249825656,,705.9884051580366,1856006,23.2697147008939,0.0,102.06000163492193,-0.2167463500965775,,4.2558,40.0
ERI,Eritrea,1994,2.8,,4.326732673267326,6.08521291013447,-0.2162547931593077,,829.9150372272684,1913915,25.2414361240526,0.0,110.8817782120176,-0.2155167201276965,,4.4651,79.0
ERI,Eritrea,1995,2.8,,4.336633663366336,8.86572432741363,-0.1890693659270715,-0.1389219141971062,806.7029953289561,2025267,27.2435242754175,0.0,105.32262860541184,-0.1872348539213072,-0.1401927682235776,4.5882,49.0
ERI,Eritrea,1996,2.8,,3.653465346534653,7.70881214712379,-0.2287333944499175,-0.2040399514496339,838.6605726352142,2128464,29.1728047553789,0.0,116.6175203012294,-0.2263694001356,-0.1993663906459398,5.0685,34.0
ERI,Eritrea,1997,2.8,,3.871287128712871,7.71804405641843,-0.2107025334983372,-0.1635502139373493,895.0337734520532,2152135,30.9261031643271,0.46728971962616817,115.41477665872222,-0.2075872955671999,-0.1563511054630265,5.4616,43.0
ERI,Eritrea,1998,2.8,,4.930693069306931,7.64973794016653,-0.2402652487100298,-0.1355121235671489,899.0829741991022,2180419,32.4002451026521,0.49261083743842365,94.92756567426845,-0.2361105343673052,-0.126381674900499,5.2094,52.0
ERI,Eritrea,1999,2.8,,4.930693069306931,4.92817247943917,-0.2638562714949199,0.0039996490835609,886.0536792183865,2212780,33.4920561707444,0.4524886877828055,96.2592361791151,-0.2589189402498333,0.0166297409989126,5.3378,53.0
ERI,Eritrea,2000,2.8,5.202299999999999,5.544554455445545,4.92225490549683,-0.2975663986408731,0.1015314001104485,845.1324300605436,2247031,34.0983619689941,0.0,67.88136192651456,-0.2885824771285293,0.1208014734748835,5.4323,47.0
ERI,Eritrea,2001,2.8,5.1209999999999996,5.564356435643565,4.51420535244362,-0.3846252495244316,0.1974781909089695,893.2687354391927,2312079,34.3253211975098,0.0,72.06271095897519,-0.3726197325309192,0.2087871715766363,5.351,70.0
ERI,Eritrea,2002,2.8,5.075699999999999,5.564356435643565,3.09853412022536,-0.4364683764102557,0.1715950764612396,889.0091135929823,2392978,34.5420799255371,0.0,76.59016365744506,-0.421064687799051,0.1885304567755006,5.3057,48.0
ERI,Eritrea,2003,2.8,5.1941,5.910891089108911,4.52985692591209,-0.5717867320661816,0.0992374814588537,830.3796722826013,2493903,34.7451286315918,0.0,74.00782429015521,-0.5523951131902254,0.1245540169466052,5.4241,75.0
ERI,Eritrea,2004,2.8,5.2654,4.942858530305489,3.2592329853456,-0.5649854821614009,0.0311977875852886,808.5914201845922,2598284,34.9324645996094,0.0,65.57090684903196,-0.5488622964198773,0.0628274326950255,5.4954,30.0
ERI,Eritrea,2005,2.8,5.2375,5.1228946906534265,3.27617159606179,-0.6060744404934486,0.0651337093668647,809.7947934688887,2661215,35.1022033691406,0.0,61.106031021807325,-0.5913399278295463,0.0884804975140921,5.4645,57.0
ERI,Eritrea,2006,2.8,5.0893999999999995,5.537005622564756,2.81942129990668,-0.6835967530156531,0.0063316867135768,789.4024320180846,2703502,35.2525177001953,0.0,45.260846053735435,-0.6669998217710817,0.0270948008223166,5.3164,23.0
ERI,Eritrea,2007,2.8,5.306699999999999,5.535698372056866,3.96277101960281,-0.7769921489626919,-0.1000726975768595,789.072701743247,2743222,35.3820953369141,0.06734006734006734,34.559559532637465,-0.7562783432904423,-0.0822124805546469,5.5337,53.0
ERI,Eritrea,2008,2.8,5.2543,5.534560297440157,4.28450780281294,-0.8621453466770137,-0.1895147466777219,693.3988742124936,2816327,35.4897117614746,0.6688963210702341,30.56095004944958,-0.8373305438632859,-0.1731244018488958,5.4813,51.0
ERI,Eritrea,2009,2.8,5.3156,5.699201497267787,2.40173936826907,-0.9127497034062914,-0.2465907008648458,702.4309364807783,2887885,35.5742034912109,0.6514657980456027,27.972141614814866,-0.8853730561503906,-0.2302776674366381,5.5426,36.0
ERI,Eritrea,2010,2.8,5.3157,5.6994128192333005,2.52187707517148,-0.943793026706196,-0.2951412209681009,703.8773743816538,2945186,35.6346549987793,0.6222910216718267,37.471465456569064,-0.9153346466592674,-0.2822517406735395,5.5367,68.0
ERI,Eritrea,2011,2.8,5.5982,5.698288553718125,26.9562621368195,-1.0072897185079273,-0.3474720890766827,751.3748997946678,2998485,35.6706275939941,0.6165644171779141,47.39379011886839,-0.9762879459320392,-0.3325453575494608,5.8192,46.0
ERI,Eritrea,2012,2.8,5.6683,5.698611818161096,,-1.0204107024024642,-0.3886753407184487,,3036988,35.6824264526367,0.631578947368421,,-0.9903025352769778,-0.3752723276854233,5.8893,62.0
ERI,Eritrea,2013,2.8,5.6991,5.700157914200859,,-1.0795674711775587,-0.4896453855633297,,3074360,35.6713333129883,0.7419354838709677,,-1.0469617607553243,-0.472726292300525,5.9201,70.0
ERI,Eritrea,2014,2.8,5.7528,5.700774524577092,,-1.0960629128575403,-0.5525233852767137,,3095173,35.639720916748,6.12589928057554,,-1.065742383432467,-0.533407198468748,5.9738,71.0
ERI,Eritrea,2015,2.8,5.7946,5.6982986242944484,,-1.1438990602641228,-0.7472788593797484,,3105546,35.591007232666,6.284132841328413,,-1.1147958210585436,-0.7268577367646943,6.0066,72.0
ERI,Eritrea,2016,2.8,5.8819,5.698831192022291,,-1.162828884545243,-0.8054328303935052,,3124698,35.5254287719727,6.971014492753623,,-1.138733541971585,-0.7859263203395108,6.0939,79.0
ERI,Eritrea,2017,2.8,5.8832,5.699124250266783,,-0.952210297383234,-0.6419906153368276,,3150347,35.4427146911621,6.957957957957958,,-0.9327655791954972,-0.6381674082957982,6.0952,43.0
ERI,Eritrea,2018,2.8,5.9974,5.698819189797389,,-0.678478129811566,-0.6448044046554428,,3192760,35.3451042175293,6.737891737891738,,-0.6652255318230693,-0.6407256256077077,6.2094,79.0
ERI,Eritrea,2019,2.8,6.0602,5.698685897898082,,-0.4152427804044485,-0.6771853358396515,,3240194,35.2352333068848,6.548476454293629,,-0.4017155258165217,-0.6738597867450292,6.2722,68.0
ERI,Eritrea,2020,2.8,6.0975,5.700555801712164,,-0.295523561346447,-0.6896288404460426,,3291271,35.116138458252,6.349462365591398,,-0.2897775472826374,-0.6866802000830469,6.3095,46.0
ERI,Eritrea,2021,2.8,6.1909,5.694093492063754,,-0.1249381941243766,-0.7500857115915668,,3350183,34.9871139526367,5.790575916230367,,-0.1040998294639236,-0.7485652115657547,6.4029,53.0
ERI,Eritrea,2022,2.8,6.283,5.694093492063754,,-0.0764746344551104,-0.7404847662865777,,3409447,34.8469276428223,,,-0.0558065021059561,-0.7395220287157945,6.495,32.0
ERI,Eritrea,2023,2.8,6.325,5.694093492063754,,,-0.8115889190538721,,3470390,34.696403503418,,,,-0.8132888540210258,6.537,64.0
ERI,Eritrea,2024,2.8,,,,,,,3535603,34.5365524291992,,,,,6.5793,52.0
SWZ,Eswatini,1960,2.64,,,,,,,345337,4.05605468939175,,,,,,70.0
SWZ,Eswatini,1961,2.64,,7.209302325581396,,,,,353264,4.50934604282058,,,,,,38.0
SWZ,Eswatini,1962,2.64,,7.790697674418605,,,,,361365,4.99165826155719,,,,,,60.0
SWZ,Eswatini,1963,2.64,,7.5,,,,,369759,5.5003389099887,,,,,,31.0
SWZ,Eswatini,1964,2.64,,7.674418604651163,,,,,378656,6.03273555250223,,,,,,52.0
SWZ,Eswatini,1965,2.64,,8.13953488372093,,,,,388336,6.58619575348491,,,,,,22.0
SWZ,Eswatini,1966,2.64,,8.662790697674419,,,,,398766,7.1598753100716,,,,,,66.0
SWZ,Eswatini,1967,2.64,,8.895348837209301,,,,,409031,7.78668605792886,,,,,,61.0
SWZ,Eswatini,1968,2.64,,8.895348837209301,,,,,419147,8.48787511620386,,,,,,54.0
SWZ,Eswatini,1969,2.64,,8.662790697674419,,,,,429875,9.24856755402791,,,,,,71.0
SWZ,Eswatini,1970,2.64,,8.662790697674419,17.3963038109363,,,904.7582889404841,441216,10.0553385340729,,,,,1.8589,58.0
SWZ,Eswatini,1971,2.64,,8.662790697674419,15.0597432086332,,,1001.9298418637667,453183,10.8947632190108,,,,,1.8736,56.0
SWZ,Eswatini,1972,2.64,,9.767441860465116,8.63783807986707,,,1027.69283540475,465788,11.7534167715134,,,,,1.9437,41.0
SWZ,Eswatini,1973,2.64,,9.767441860465116,6.69106391170173,,,1089.3879155981983,479038,12.6178743542528,,,,,2.0045,38.0
SWZ,Eswatini,1974,2.64,,9.011627906976743,8.36767450415574,,,1119.360037502288,492988,13.4747111299007,,,,,2.0449,69.0
SWZ,Eswatini,1975,2.64,,9.709302325581396,14.6435695586253,,,1238.163505975439,507673,14.3105022611292,,,,,2.1236,43.0
SWZ,Eswatini,1976,2.64,,9.36046511627907,15.1877912178144,,,1175.663106309153,523330,15.1072938404459,,,,,2.1938,39.0
SWZ,Eswatini,1977,2.64,,8.662790697674419,12.5608773550601,,,1150.1317529855858,540348,15.9275703287936,,,,,2.1604,68.0
SWZ,Eswatini,1978,2.64,,10.930232558139535,14.4191040315086,,,1127.6275912989597,558446,16.8382300309925,,,,,2.5718,51.0
SWZ,Eswatini,1979,2.64,,10.69767441860465,13.1624653456814,,,1124.8878546555359,577199,17.8053277569546,,,,,2.6253,37.0
SWZ,Eswatini,1980,2.64,,10.63953488372093,10.1316137159358,,,1223.701012245605,596644,18.7882511130803,,,,,2.6499,40.0
SWZ,Eswatini,1981,2.64,,7.790697674418605,11.001808698618,,,1357.007461516322,616808,19.7463877057699,,,,,2.6142,35.0
SWZ,Eswatini,1982,2.64,,7.732558139534884,12.4259358187246,,,1328.040380323751,637652,20.6391251414238,,,,,2.5852,40.0
SWZ,Eswatini,1983,2.64,,7.732558139534884,6.82994817807093,,,1300.5544789405994,658957,21.4258510264423,,,,,2.4404,35.0
SWZ,Eswatini,1984,2.64,,9.825581395348838,10.7645984174907,,,1336.4262957089327,680783,22.0659529672259,,,,,2.4473,60.0
SWZ,Eswatini,1985,2.64,,8.953488372093023,21.4686941721906,,,1337.1929593298737,706196,22.5188185701749,,,,,2.5939,57.0
SWZ,Eswatini,1986,2.64,,8.953488372093023,7.9742116409962,,,1442.8883964084162,734732,22.7396631606809,,,,,2.697,53.0
SWZ,Eswatini,1987,2.64,,9.534883720930234,5.51521361101247,,,1590.6893711170046,763811,22.8013109411083,,,,,2.6935,22.0
SWZ,Eswatini,1988,2.64,,10.290697674418604,8.65227228141971,,,1618.9193448016697,799798,22.8507835706931,,,,,2.7325,26.0
SWZ,Eswatini,1989,2.64,,11.162790697674419,8.82549328216776,,,1745.0256877422953,837800,22.8953061998797,,,,,2.8259,44.0
SWZ,Eswatini,1990,2.64,,10.465116279069768,5.59468301267685,0.2816277983239165,1.3535775306925055,2027.9748189335698,872428,22.9347990696928,,,0.2988334535409135,1.3661813958117357,3.2217,22.0
SWZ,Eswatini,1991,2.64,,10.63953488372093,4.79420832466728,0.0948997087292449,1.2888808322165823,1982.4152146531385,908189,22.9691824211569,,,0.098792648129922,1.2998021089309504,3.2955,59.0
SWZ,Eswatini,1992,2.64,,10.406976744186046,4.38880978587526,0.0641944880653816,1.086460742390486,1969.9608254368266,943416,22.9983764952968,,,0.0683845253318562,1.0939180071213015,3.1473,76.0
SWZ,Eswatini,1993,2.64,,10.348837209302324,4.22765551319908,0.0263358152713725,1.0626848204993988,1972.80340757512,971318,23.0223015331371,,,0.0312294168531159,1.0607472594269018,2.7879,68.0
SWZ,Eswatini,1994,2.64,,10.348837209302324,4.05796378289217,0.0313141027975223,1.041225213803489,2020.3848161010042,971212,23.0408777757025,,,0.0365876199099157,1.0362215871310183,3.5441,67.0
SWZ,Eswatini,1995,2.64,,10.348837209302324,4.1186163619443,0.0503296611843407,1.1313395263310957,2119.5816357716226,970433,23.0540254640177,,,0.0570890731263199,1.1158284240577956,3.5188,27.0
SWZ,Eswatini,1996,2.64,,10.348837209302324,4.44658303431243,0.1248289857377654,1.132906584463469,2157.861344703575,989841,23.0616648391073,,,0.1372414103987865,1.112975367768752,3.3025,27.0
SWZ,Eswatini,1997,2.64,,10.348837209302324,3.8630347045267,0.1112011989944444,1.0640998056480393,2187.6982967057024,1006635,23.0630430265279,,,0.1241114983236693,1.0454348373849385,3.3698,54.0
SWZ,Eswatini,1998,2.64,,10.348837209302324,4.11892279507686,0.2893267269220704,0.9547315318534584,2216.008966019961,1019653,23.0294921563872,,,0.2860472508934538,0.9386181704972584,3.3184,36.0
SWZ,Eswatini,1999,2.64,,10.348837209302324,3.24174582656197,0.5856613402079308,0.8586841940696518,2256.7691267876367,1030782,22.9514828473263,,,0.5815496706499136,0.8552928988532467,3.533,43.0
SWZ,Eswatini,2000,2.64,-0.48,10.348837209302324,2.96474122584246,0.4315165031392428,0.6677415097653966,2273.046837610558,1041414,22.8409330761997,,,0.4236009791287854,0.6658809786530326,3.255,77.0
SWZ,Eswatini,2001,2.64,-0.6079000000000003,10.348837209302324,3.46238536598299,0.5222026842103005,0.6277946423141182,2283.9831681536107,1051064,22.7095619136459,,,0.5148244169536703,0.6253289226873947,3.1169,34.0
SWZ,Eswatini,2002,2.64,-0.5722999999999998,10.348837209302324,4.47317674745905,0.5028752784418217,0.5638570078565912,2358.569356434677,1059441,22.5690884303038,,,0.4985340054066188,0.5618198892180911,3.1423,30.0
SWZ,Eswatini,2003,2.64,-0.5228999999999999,10.348837209302324,2.85629396804877,0.5732920038847868,0.5351051045684873,2448.83792077995,1066700,22.4312316968119,,,0.5716222853203745,0.5308524807480492,3.1815,49.0
SWZ,Eswatini,2004,2.64,-0.4798,10.348837209302324,2.36992798917747,0.6361328249623042,0.5688716631382257,2522.1434209716667,1073159,22.3077107838089,,,0.6317569076465644,0.5646999447388406,3.2144,27.0
SWZ,Eswatini,2005,2.64,-0.49700000000000033,10.348837209302324,2.05352202116111,0.644156760466055,0.4974124353916244,2658.7518050818708,1079022,22.2102447619336,,,0.6402681979632694,0.5004583712757731,3.187,34.0
SWZ,Eswatini,2006,2.64,-0.5636000000000001,10.290697674418604,2.01403860027349,0.5450722322864368,0.5427649636728443,2823.4872821540225,1084436,22.1505527018245,,,0.5420134164833329,0.5528223908838734,3.1102,53.0
SWZ,Eswatini,2007,2.64,-0.4753000000000003,10.290697674418604,2.65465043431262,0.590972042789536,0.6035892650530106,2928.468458230149,1090705,22.139989967508,,,0.5868710169854894,0.6177705297052315,3.1883,22.0
SWZ,Eswatini,2008,2.64,-0.5325,10.290697674418604,3.77519043420084,0.7134733580216184,0.6108286705364598,2950.673343621323,1098091,22.1692008829856,,,0.7130408526618608,0.6258271102999416,3.1209,40.0
SWZ,Eswatini,2009,2.64,-0.5595000000000003,10.290697674418604,2.67177186311795,0.6958323676614444,0.6486722419436423,2973.834569123791,1105153,22.2343865624794,49.66583229036296,,0.6950815227732994,0.6662554776776893,3.0837,67.0
SWZ,Eswatini,2010,2.64,-0.8448000000000002,10.290697674418604,2.3895930131961,0.7487043309315995,0.7202354092146181,3069.5217572588367,1111650,22.3330792067471,49.17772511848341,,0.750937510336677,0.7427466322939836,2.7882,66.0
SWZ,Eswatini,2011,2.64,-0.9701,10.290697674418604,2.64276236861755,0.9240806300179324,0.7851798244602761,3108.7022525309217,1117833,22.4634753665393,80.17132867132867,,0.9329397067868718,0.8089391689875648,2.6629,60.0
SWZ,Eswatini,2012,2.64,-0.9573,10.290697674418604,4.18067033297096,0.8012993645161639,0.7270281416147768,3218.5013820549298,1123863,22.6237715926065,91.876,,0.8105862235091849,0.752811740443676,2.6757,31.0
SWZ,Eswatini,2013,2.64,-0.7471000000000001,10.290697674418604,4.50064467722075,0.8195889710209743,0.6963376218316312,3332.119839279124,1129990,22.8121644356992,74.35087719298245,85.20345512749385,0.8288684966359348,0.7286380450619065,2.8859,29.0
SWZ,Eswatini,2014,2.64,-0.7366999999999999,10.290697674418604,3.43977917921013,0.8016183601625771,1.0555822780693225,3381.7929207129114,1136299,23.026850446568,94.58641975308642,91.62001869433976,0.8111545924892333,1.0565253200465077,2.8963,50.0
SWZ,Eswatini,2015,2.64,-0.7399,10.290697674418604,3.40740844429257,0.7238728259990177,1.1018186810370774,3419.822765595284,1142813,23.2660261759632,,88.26209440236836,0.7326548613502432,1.1021795000262822,2.8931,45.0
SWZ,Eswatini,2016,2.64,-0.6964999999999999,10.290697674418604,4.60471033148777,0.7154867472418905,1.1732258471783763,3500.176888479416,1149507,23.5278881746356,95.43181818181819,89.35848744399348,0.7214670126681746,1.1744481714987638,2.9365,25.0
SWZ,Eswatini,2017,2.64,-0.7248999999999999,10.290697674418604,4.03940046980401,0.8122165902865246,1.1793013399861678,3596.2360540049212,1158195,23.8052004963161,71.15581395348836,86.88014203029762,0.8196116513848002,1.1800724952841624,2.9081,55.0
SWZ,Eswatini,2018,2.64,-0.7179000000000002,10.290697674418604,3.14380015317315,0.8520616286982725,1.270076940720113,3565.54285067501,1168929,24.0579295404227,77.24130879345603,85.49277681735384,0.8603231201435872,1.271055070314806,2.9151,72.0
SWZ,Eswatini,2019,2.64,-0.6219000000000001,10.290697674418604,3.2760764754406,0.871053066037626,1.3475121894142696,3759.6710696466635,1179874,24.3459549517751,85.38888888888889,86.64079484775952,0.8800972483034587,1.3486677188153096,3.0111,63.0
SWZ,Eswatini,2020,2.64,-0.7759,10.290697674418604,3.38164464300091,0.961374245690296,1.4653590237549745,3609.3669136859003,1192729,24.6652798922192,79.26029962546816,84.01401884268776,0.9675044716273766,1.4666795066873668,2.8571,56.0
SWZ,Eswatini,2021,2.64,-0.7271000000000001,10.290697674418604,2.99915237990705,1.009732789392304,1.4994993539887562,3719.0383823980596,1206593,25.0156180525173,83.07220216606498,89.9313874866569,1.012844542362762,1.5009047872283925,2.9059,59.0
SWZ,Eswatini,2022,2.64,-0.5838000000000001,10.290697674418604,,0.9895784524395136,1.548229060574401,3695.649571795481,1218917,25.396682918542,,92.57158712983336,0.9913587725827668,1.549546978747229,3.0492,32.0
SWZ,Eswatini,2023,2.64,-0.7113,10.290697674418604,,1.0225062146412618,1.5386503683095984,3790.1657678809142,1230506,25.8081878500755,,99.72461108156166,1.0237625723343369,1.5399384717712037,2.9217,68.0
SWZ,Eswatini,2024,2.64,,,,0.9995358559146984,,3864.205505108393,1242822,26.2498461258639,,107.48062105387932,1.0002704428429112,,2.9298,26.0
ETH,Ethiopia,1960,,,,,,,,21376693,7.108798308432,,,,,,26.0
ETH,Ethiopia,1961,,,,,,,231.02031173248272,21906102,7.24281163556916,,,,,,58.0
ETH,Ethiopia,1962,,,,,,,235.01703820333702,22465126,7.37952636193974,,,,,,62.0
ETH,Ethiopia,1963,,,,,,,239.38677848861127,23051637,7.51883904180589,,,,,,55.0
ETH,Ethiopia,1964,,,,,,,242.7046240046734,23666548,7.6606462294298,,,,,,26.0
ETH,Ethiopia,1965,,,,,,,249.91223137536528,24310612,7.80484447907362,,,,,,74.0
ETH,Ethiopia,1966,,,,,,,261.1500229345574,24952689,7.95133034499954,,,,,,58.0
ETH,Ethiopia,1967,,,,,,,264.675697737817,25620276,8.10000038146973,,,,,,36.0
ETH,Ethiopia,1968,,,,,,,268.1284692035887,26337930,8.25173075699006,,,,,,46.0
ETH,Ethiopia,1969,,,,,,,264.4748859932201,27072571,8.40744626748687,,,,,,43.0
ETH,Ethiopia,1970,,,,,,,266.2454617152072,27829128,8.56711640835299,,,,,55.6581,26.0
ETH,Ethiopia,1971,,,,,,,275.9762635142815,28600106,8.73071067498127,,,,,55.9904,75.0
ETH,Ethiopia,1972,,,,,,,280.05813726386634,29374608,8.89819856276453,,,,,55.4529,42.0
ETH,Ethiopia,1973,,,,,,,286.6386465116503,30166785,9.06954956709563,,,,,56.0147,59.0
ETH,Ethiopia,1974,,,,,,,288.4633461766356,30957273,9.24473318336739,,,,,55.9337,60.0
ETH,Ethiopia,1975,,,,,,,285.00604543011593,31723252,9.42371890697266,,,,,54.397,72.0
ETH,Ethiopia,1976,,,,,,,278.31366202679993,32534418,9.60647623330427,,,,,54.2286,59.0
ETH,Ethiopia,1977,,,,,,,280.4444483657033,33167272,9.79297465775507,,,,,54.8666,78.0
ETH,Ethiopia,1978,,,,,,,283.2831387670768,33734592,9.98318367571788,,,,,55.4314,62.0
ETH,Ethiopia,1979,,,,,,,276.0402854826289,34238652,10.1770727825855,,,,,55.9425,38.0
ETH,Ethiopia,1980,,,,,,,292.1535068863424,34428514,10.3746114737509,,,,,55.9138,34.0
ETH,Ethiopia,1981,,,,13.1396723666779,,,297.3918438808905,35304012,10.5757692446068,,,,,56.3556,37.0
ETH,Ethiopia,1982,,,,18.1720808264592,,,288.6900887399618,36701290,10.7805155905461,,,,,57.4168,28.0
ETH,Ethiopia,1983,,,,10.6705766978567,,,303.8572831678698,37740817,10.9888200069616,,,,,58.9978,51.0
ETH,Ethiopia,1984,,,,10.6962785807802,,,287.62123200204877,38735722,11.2015259613264,,,,,57.5112,28.0
ETH,Ethiopia,1985,,,,6.86322788146794,,,248.4706050318195,39842136,11.4297619796544,,,,,59.8999,75.0
ETH,Ethiopia,1986,,,,10.6328387296923,,,264.53900242220533,41037656,11.67893537982,,,,,63.2647,30.0
ETH,Ethiopia,1987,,,,9.57484249756432,,,291.11225930914514,42460039,11.9426809359238,,,,,61.0578,65.0
ETH,Ethiopia,1988,,,,10.3883824891145,,,281.37402441710407,44150825,12.2152770565957,,,,,61.9208,21.0
ETH,Ethiopia,1989,,,,10.2290749794811,,,269.79352238661795,45879690,12.4910021504654,,,,,64.9793,30.0
ETH,Ethiopia,1990,,,,11.8988696565845,-0.3568669146006391,-0.955833007414708,267.0781345085983,47609755,12.7641346261628,88.35274542429285,,-0.3648078978800386,-0.9633103817130316,66.7758,31.0
ETH,Ethiopia,1991,,,,11.2321022643269,-0.3217687933213843,-0.7775948732100407,237.50245466790406,49717198,13.0289528923177,89.49545078577337,,-0.3254448270910908,-0.7743336578638306,67.6669,74.0
ETH,Ethiopia,1992,,,,15.0800651640453,-0.3598224026477923,-0.8696711703942656,207.96788087977447,51853747,13.2797353575599,92.7477840451249,,-0.3633367826396191,-0.8673944910388658,69.5142,61.0
ETH,Ethiopia,1993,122.0,,10.0,14.691573958175,-0.3895983386367367,-0.9695529339356492,227.17329561420752,53708891,13.5107604305191,91.3232104121475,,-0.3922641051242757,-0.9674049109228672,64.4984,56.0
ETH,Ethiopia,1994,122.0,,9.932,22.9178919826443,-0.4043388233575613,-1.0429610364776885,226.3999126425269,55611508,13.7172676452417,93.31495520330806,,-0.4069746897970097,-1.0410620331616878,67.1074,40.0
ETH,Ethiopia,1995,122.0,,9.94,31.6493035662108,-0.4214388994934066,-1.0657057968956984,232.23045063384473,57537335,13.8825578689575,93.51669941060904,,-0.4232183534166765,-1.0643539720386417,68.2238,71.0
ETH,Ethiopia,1996,122.0,,9.927,28.6687356738762,-0.4591102561668438,-1.018224374756932,252.61298500550598,59467635,14.102746963501,94.1983780411728,,-0.4600579831543173,-1.0180816802934711,71.6734,67.0
ETH,Ethiopia,1997,122.0,,9.9,27.0792852651477,-0.4876769891997387,-0.9854842593925984,252.31166668183232,61404539,14.3073453903198,97.02602230483272,,-0.4887617501370854,-0.9876232375905638,74.0605,21.0
ETH,Ethiopia,1998,122.0,,9.891,31.2141341594085,-0.5476497257999733,-0.9948226149971596,236.05551452187973,63363524,14.5135431289673,97.09618874773139,,-0.5477597526023812,-0.9988951164538638,79.0561,66.0
ETH,Ethiopia,1999,122.0,,9.881,19.6036651165619,-0.5991735926717049,-1.0077130141013853,240.60471128604854,65374561,14.713321685791,98.84428223844283,,-0.5993984634145709,-1.0109063119609336,79.1454,72.0
ETH,Ethiopia,2000,122.0,49.464,9.872,18.4852654796037,-0.6897444543199981,-1.007494622278218,247.50541365969403,67411494,14.9193096160889,,,-0.6879122477275593,-1.013805767718414,77.0809,71.0
ETH,Ethiopia,2001,122.0,64.19300000000001,9.862,18.1488127694134,-0.7844318556971921,-0.9111728992146608,260.0423160813501,69487762,15.1177673339844,,,-0.779825668813187,-0.9182494918113948,82.5438,52.0
ETH,Ethiopia,2002,122.0,81.2239,9.853000000000002,23.1893231496073,-0.8394529359177311,-0.8877990131164393,256.06663588370867,71635517,15.333233833313,,,-0.8322187696237979,-0.8945246849730822,90.3086,64.0
ETH,Ethiopia,2003,122.0,89.7709,10.928,36.1413210442662,-0.9467022636213476,-0.8389775105115669,243.07666602000856,73832663,15.5438537597656,,,-0.9350599672304872,-0.8533820231519413,89.5895,43.0
ETH,Ethiopia,2004,122.0,101.56540000000001,10.95519190060086,27.810993348368,-1.033327557700953,-0.8006756689712844,267.92351339171177,76077206,15.7585906982422,,,-1.0162876113439587,-0.8166010050422293,92.1179,62.0
ETH,Ethiopia,2005,122.0,114.2461,11.361866270045413,23.4931936600342,-1.082667185797915,-0.7132757959595759,290.8333814250588,78367470,15.982967376709,,,-1.064251214026848,-0.7258073048136774,95.5325,40.0
ETH,Ethiopia,2006,122.0,129.327,11.869434098413876,18.828854826567,-1.0790734416981105,-0.6755052692036483,313.01389672150344,80703490,16.2148475646973,,,-1.0578524441707555,-0.6852145081542235,101.3473,38.0
ETH,Ethiopia,2007,122.0,148.2457,12.438075431549295,21.9115368349794,-1.1541723570360878,-0.6362554848937281,338.7990646543079,83103217,16.0948330261902,96.63490273470539,,-1.1267429084987672,-0.640816732777045,110.9999,24.0
ETH,Ethiopia,2008,122.0,162.98340000000002,12.055982788104185,18.7793493652542,-1.2049272747357522,-0.6672408756299797,364.6422081557351,85543668,16.7936706542969,87.66137145882976,,-1.1751717475490928,-0.6710347472456005,116.4715,44.0
ETH,Ethiopia,2009,122.0,176.9327,12.35879930029419,16.4317377452986,-1.167140395609841,-0.6051729944952756,385.63241971137353,88007636,17.1511001586914,88.81543456543457,,-1.142047564642659,-0.6177469565224171,121.1547,75.0
ETH,Ethiopia,2010,122.0,191.8459,12.9057011034308,15.8199957578791,-1.1084409575399992,-0.53912374142308,421.89862237863287,90538514,17.4937839508057,99.56313788272963,,-1.086373779210006,-0.5590094700580306,126.8018,60.0
ETH,Ethiopia,2011,122.0,200.9756,13.462285318894596,17.4282532150132,-1.0220439974526332,-0.5373104188094592,455.90962864855527,93149970,17.863790512085,99.86038807382867,48.23293541168899,-1.008239440454053,-0.5564485833904758,126.6654,38.0
ETH,Ethiopia,2012,122.0,215.44050000000001,13.597592944279373,14.9281805721075,-0.7754790269227461,-0.5637644377879307,481.63999990980835,95798767,18.2061367034912,,45.39790418350722,-0.7603542830514473,-0.5826750105189162,131.8642,59.0
ETH,Ethiopia,2013,122.0,229.8782,13.708472856984502,14.0104012014584,-0.7036372925780758,-0.6782968651668647,518.324662208106,98438751,18.615514755249,,41.47178708076246,-0.6863925169727384,-0.6904895917097761,137.0358,70.0
ETH,Ethiopia,2014,122.0,242.05400000000003,13.819646174170606,13.3844820157845,-0.6454595136720603,-0.7727098925471507,556.3625322438668,101115610,19.0262870788574,77.59720910712412,40.74108414986262,-0.6276735514947778,-0.7787883173588223,143.1733,63.0
ETH,Ethiopia,2015,122.0,252.63689999999997,13.9303953410931,12.1932229078984,-0.4289131623584418,-0.8914747014263215,597.9121132186633,103867135,19.451566696167,91.47259684361549,39.65612414495149,-0.4133906595499352,-0.8882826300043976,147.7179,52.0
ETH,Ethiopia,2016,122.0,265.2489,14.04092034218873,11.2339790417281,-0.2037417627785048,-0.9859823320277112,636.835680951429,106718162,19.8763618469238,83.67038216560509,34.899021081611146,-0.1924412136413476,-0.985250948708742,154.2916,41.0
ETH,Ethiopia,2017,122.0,274.837,14.150157617791564,9.87787063669115,-0.3852770046361528,-0.970981396947396,678.9854191575698,109666481,20.3084850311279,95.01593655589123,31.103649492901635,-0.3656220822662754,-0.9701267473863376,157.8414,32.0
ETH,Ethiopia,2018,122.0,285.716,14.34303884573759,6.36887574699294,-0.4429217667226165,-0.9745045690477088,705.9688120733598,112664152,20.7838096618652,91.27211399463069,31.199368977788133,-0.4245594172726633,-0.973574891697884,162.6822,44.0
ETH,Ethiopia,2019,122.0,296.908,14.34734849179613,5.50373971369559,-0.4958071704228109,-0.9785995158351588,744.7027897539728,115737383,21.2486705780029,96.77994280774091,28.815293928834627,-0.4762521977628813,-0.9775713807540696,173.8742,27.0
ETH,Ethiopia,2020,122.0,304.5672,14.350088970888327,5.49770060254135,-0.6148048386190154,-0.983966910765596,768.7054244852086,118917671,21.6260051727295,95.43436965744317,24.006114340179355,-0.5964841311639691,-0.9828537053427128,181.5334,49.0
ETH,Ethiopia,2021,122.0,299.9944,14.560115607755955,5.86707347361267,-0.4978964262950122,-0.9683063948059366,790.6570195977804,122138588,22.1067085266113,,24.345057464764352,-0.4911491717791342,-0.9671181537352632,176.9606,38.0
ETH,Ethiopia,2022,122.0,303.4974,14.532555993856617,,-0.5219299801279078,-0.9319678750370184,811.177729326201,125384287,22.7367687225342,,26.595499696731277,-0.5159830435582032,-0.9308048907428214,180.4636,52.0
ETH,Ethiopia,2023,122.0,311.4807,14.532555993856617,,-0.5775105395197584,-0.9380568724362116,842.4466048940395,128691692,23.0586471557617,,20.59820150726521,-0.5678813849309902,-0.936912840802156,188.4469,73.0
ETH,Ethiopia,2024,122.0,,,,-0.6089094982006685,,883.4585886192912,132059767,23.6222839355469,,17.400435858318723,-0.5980627865734495,,192.704,42.0
GAB,Gabon,1960,164.0,,,,,,3311.2969381403577,512316,12.6000003814697,,66.79819617904262,,,,39.0
GAB,Gabon,1961,164.0,,0.34928396786587496,,,,3756.641607632168,518266,13.1381219347483,,62.87450501327132,,,,36.0
GAB,Gabon,1962,164.0,,0.38809329762874994,,,,3987.373027177011,524649,14.2379123962478,,62.48265714605515,,,,54.0
GAB,Gabon,1963,164.0,,0.42690262739162493,,,,4176.149995111741,531452,15.8055691261001,,92.4966571564271,,,,57.0
GAB,Gabon,1964,164.0,,0.4657119571544999,,,,4307.947118218119,538657,17.7472894844367,,77.8433514519825,,,,22.0
GAB,Gabon,1965,164.0,,0.504521286917375,,,,4601.582649524033,546308,19.9692708313893,,80.54054054054053,,,,24.0
GAB,Gabon,1966,164.0,,0.54333061668025,,,,4738.291469484987,554463,22.3777105270895,,79.30463233520403,,,,57.0
GAB,Gabon,1967,164.0,,0.582139946443125,,,,4857.542246538351,563108,24.8788059316691,,96.10781437125749,,,,60.0
GAB,Gabon,1968,164.0,,0.6209492762059999,,,,4899.799660246795,572257,27.3787544052595,,97.66799789629688,,,,64.0
GAB,Gabon,1969,164.0,,0.6597586059688749,,,,5195.799225725946,583276,29.7837533079926,,108.70632460409857,,,,71.0
GAB,Gabon,1970,164.0,,0.6985679357317499,11.9846295951762,,,5527.636050786665,595846,32.0,,87.70947760682066,,,6.8307,68.0
GAB,Gabon,1971,164.0,,0.7373772654946249,9.69646663923761,,,5969.4507518119735,608348,34.1746006169382,,118.6488106565176,,,7.3509,61.0
GAB,Gabon,1972,164.0,,0.7761865952574999,14.2254600114832,,,6511.217960447235,620960,36.4902200563138,,145.34531797235024,,,7.9204,35.0
GAB,Gabon,1973,164.0,,0.8149959250203749,13.195711730102,,,7026.715765947331,633995,38.9063938210336,,116.51145872129112,,,11.8748,63.0
GAB,Gabon,1974,164.0,,0.8538052547832499,43.8577037867226,,,9594.103231808314,647691,41.3826574140045,,100.80710250201777,,,14.5503,57.0
GAB,Gabon,1975,164.0,,0.9003764504987,32.2604204182376,,,11184.724189535154,662197,43.8785463381332,,97.42647058823529,,,16.7584,35.0
GAB,Gabon,1976,164.0,,1.0012807078821748,22.9571657553193,,,14823.88299304651,677628,46.3535960963265,,91.68404950632736,,,17.6232,70.0
GAB,Gabon,1977,164.0,,1.0594947025264874,29.263783787557,,,12653.313750291778,693984,48.7673421914913,,102.85424514633439,,,17.3996,71.0
GAB,Gabon,1978,164.0,,1.1138277641945125,30.34482531774,,,9377.062837802516,711245,51.0793201265342,,108.67952522255193,,,17.3734,62.0
GAB,Gabon,1979,164.0,,1.1215896301470873,56.6766946771444,,,9187.357658117711,729375,53.2490654043621,,95.8889233633261,,,16.4755,64.0
GAB,Gabon,1980,164.0,,1.1293514960996625,34.8256465835769,,,9182.526802195916,748389,55.2361135278817,,96.35036496350365,,,15.3888,78.0
GAB,Gabon,1981,164.0,,1.1371133620522373,19.6621310391057,,,9399.27026015795,768385,57.0,,104.05907575035731,,,14.5219,70.0
GAB,Gabon,1982,164.0,,1.1448752280048122,9.28789748413502,,,8866.934616199776,789286,58.5452504929655,,101.26167045167801,,,14.8913,43.0
GAB,Gabon,1983,164.0,,1.1526370939573873,18.6778196782677,,,9113.436705357894,811005,59.9374893809745,,104.86729087673142,,,14.4338,62.0
GAB,Gabon,1984,164.0,,1.1603989599099624,21.9280770199259,,,9533.316593248106,833501,61.2279002198546,,99.29314998072228,,,15.8204,44.0
GAB,Gabon,1985,164.0,,1.1681608258625373,25.4219478442254,,,9058.499549761496,856726,62.4676665654336,,119.85338220593135,,,17.0916,74.0
GAB,Gabon,1986,164.0,,1.1759226918151124,9.84909703703226,,,8741.051386077808,880705,63.7079719735395,,89.89564774751845,,,14.6099,27.0
GAB,Gabon,1987,164.0,,1.1836845577676873,18.3020181275691,,,7044.156748859465,905479,65.0,,87.91442761435951,,,13.6242,31.0
GAB,Gabon,1988,164.0,,1.1914464237202624,13.7354656182426,,,7730.935748405902,931020,66.3848281228557,,78.5220207494277,,,14.2387,25.0
GAB,Gabon,1989,164.0,,1.1992082896728373,26.6625947597505,,,8162.582407795538,957138,67.8303940892529,,86.99363534256833,,,17.3452,24.0
GAB,Gabon,1990,164.0,,1.2069701556254122,33.0286916647238,0.4575059076525115,1.2600140064008214,8354.263090008759,983734,69.2781718586779,72.39263803680981,76.89744539059608,0.4816383911504476,1.2556440717363415,20.4242,28.0
GAB,Gabon,1991,164.0,,1.2147320215779873,21.9792106166799,0.2845016586640616,1.1909415468990765,8627.389857379048,1010818,70.6696353906172,72.58883248730965,80.53493854813112,0.2917046744990607,1.1924090417741902,19.6006,50.0
GAB,Gabon,1992,164.0,,1.2224938875305624,25.2642206762982,0.5153051692655604,1.2103713661633972,8138.868219053715,1038380,71.9462586445569,72.50755287009063,79.868842088552,0.5071738471788299,1.2117961456295243,20.893,78.0
GAB,Gabon,1993,164.0,,1.2302557534831373,32.1984933285182,0.955854476626866,1.2198380130611468,8237.7433874389,1066405,73.045618801257,71.87187187187187,83.34303654202921,0.9198096585439788,1.221197302946887,21.5506,56.0
GAB,Gabon,1994,164.0,,1.2380176194357124,30.5940340962516,0.8596950783949397,0.9132572695003404,8322.610108430843,1094720,74.024363723863,70.82551594746717,99.92668680016334,0.8274891778171708,0.9044961395017852,21.0947,60.0
GAB,Gabon,1995,164.0,,1.2613032172934373,31.9828513449062,0.791047675610927,0.9426390129573304,8514.940098995961,1123213,74.9893550877512,70.23705004389815,95.13469618616678,0.7610329710863886,0.93404601685185,23.5815,35.0
GAB,Gabon,1996,164.0,,1.2613032172934373,32.9208323547404,0.7041499495929723,1.0463439646047723,8603.008134003612,1152015,75.9421043380347,64.00329489291599,95.67090085141444,0.6770804114683269,1.0396116687385897,26.5687,45.0
GAB,Gabon,1997,164.0,,1.2613032172934373,33.7890685570541,0.6494905884205858,1.0667296163907338,8870.125508640189,1181439,76.8793794878098,64.96815286624204,98.53626451384645,0.6298925259940765,1.0593540322234638,24.5359,57.0
GAB,Gabon,1998,164.0,,1.2613032172934373,20.2016349235387,0.5359459299704933,1.0467891547227797,8949.121100836497,1211736,77.7979485501723,60.98287416232316,95.97478260869565,0.5279011843607304,1.0377844567507069,28.5206,57.0
GAB,Gabon,1999,164.0,,1.2613032172934373,26.0513920456146,0.3066952111308439,1.1911731876538505,7944.645179364661,1243016,78.6945795382183,63.102409638554214,97.73145245559039,0.3067429377217212,1.1781765500280128,27.1582,21.0
GAB,Gabon,2000,164.0,-69.59960000000001,1.2613032172934373,47.7698658424489,1.298090571449568,1.1249244906701177,7596.099706505193,1275572,79.5660404650438,89.18555133079848,101.7019289396375,1.2837546260604158,1.1139786810094612,27.9484,37.0
GAB,Gabon,2001,164.0,-71.07079999999999,1.2613032172934373,32.5167942663475,1.199350165575725,1.1856798372194854,7556.769953148979,1309589,80.4090993437448,83.3596304193319,83.63861324241077,1.1879680992455564,1.1740881483762122,28.0148,59.0
GAB,Gabon,2002,164.0,-73.5304,1.2613032172934373,31.7271986277113,1.2443027438358052,1.187658812355046,7338.75620613605,1345135,81.2205241874174,83.417004048583,84.75908153762232,1.2300162814557654,1.1768003206753288,27.0928,26.0
GAB,Gabon,2003,164.0,-71.9725,1.2613032172934373,26.0570264508303,1.2376732052621424,1.3064050922137944,7301.671544428417,1382350,81.9970830091574,81.45501955671448,80.30260820563122,1.2274206077749874,1.306703810953332,30.1883,37.0
GAB,Gabon,2004,164.0,-75.7688,1.2613032172934373,27.4567837566907,1.2525591275827488,1.300755491398665,7148.98713447497,1421609,82.7355438220611,51.235867446393755,81.76753714186978,1.2374719094749034,1.3013533541406417,27.9296,47.0
GAB,Gabon,2005,164.0,-78.95840000000001,1.2613032172934373,37.767344326428,1.3712854860382344,1.3280054881901884,7130.2250577175355,1463495,83.4326746392243,51.11888111888112,83.94959983992409,1.3584830155464611,1.328455186098169,26.2776,51.0
GAB,Gabon,2006,164.0,-85.82939999999999,1.2613032172934373,37.655973866027,1.2550242070830804,1.30331487343812,6724.0814897727405,1508337,84.0852434737431,51.84254807692308,88.6494092562519,1.2437430474673747,1.3036189173095152,22.6362,51.0
GAB,Gabon,2007,164.0,-92.1328,1.2613032172934373,37.533512307082,1.136760643506494,1.2880205115202523,6908.673991629991,1556237,84.6900183387136,51.84890426758939,85.13247916365782,1.124677549247017,1.2882315969478368,19.5624,64.0
GAB,Gabon,2008,164.0,-93.8841,1.2613032172934373,41.0680827434693,1.1332791074840651,1.2635312813101771,6468.385233576093,1607175,85.2437672472316,53.03567508232712,88.99887259457478,1.1270519364021672,1.2636309156362984,21.0407,38.0
GAB,Gabon,2009,164.0,-97.69139999999999,1.2613032172934373,27.7362590783372,1.1340489957902846,1.2302335172795946,6264.836114801538,1661556,85.7432582123932,51.67359212684527,83.50457742356362,1.1304784421766587,1.2302151936464998,20.463,71.0
GAB,Gabon,2010,164.0,-100.3783,1.2613032172934373,35.6548863864577,1.1099012246440112,1.2057884761280897,6481.496120735622,1719879,86.1852592472945,47.050259067357516,89.15766272483529,1.108734191527145,1.2056252523885826,21.0057,25.0
GAB,Gabon,2011,164.0,-96.2699,1.2613032172934373,39.1459946806966,1.1793541061800108,1.2050922509419737,6699.233946065119,1781985,86.5665383650315,41.285714285714285,90.49837733313234,1.1717786866648745,1.2047078890664065,20.7041,48.0
GAB,Gabon,2012,164.0,-97.0753,1.2613032172934373,40.6293332424739,1.2141275451564473,1.180422978699755,6803.226680792107,1846889,86.8838635787001,42.08657407407407,92.3428089420545,1.209105085980681,1.1797818751325042,20.5927,59.0
GAB,Gabon,2013,164.0,-94.3531,1.2613032172934373,32.806984483505,1.1460729524015796,1.2030327712656177,6938.257538622355,1913059,87.1482480671637,42.59663483401546,90.63503614786447,1.1406881060492162,1.2022854252617925,20.3609,59.0
GAB,Gabon,2014,164.0,-93.24820000000001,1.2613032172934373,24.7540184011901,1.1305226518577205,1.1784319022824938,6998.605454395762,1978399,87.6236017962969,35.03481710004407,73.52032901624376,1.1256323982341525,1.177459968045395,20.5388,75.0
GAB,Gabon,2015,164.0,-93.23389999999999,1.2613032172934373,12.5534347249347,1.095029069560314,1.188938647953666,7047.126546343554,2040989,88.085308383892,38.11345755693582,73.94978145882813,1.0934061100573955,1.187863672169881,21.3991,74.0
GAB,Gabon,2016,164.0,-91.3644,1.2613032172934373,11.6621945364629,1.0797662433207624,1.1725284390737731,6991.325144673602,2100306,88.5445883406178,32.36738703339882,70.13338106453078,1.0764146810776527,1.1713811847367963,21.4436,54.0
GAB,Gabon,2017,164.0,-89.1052,1.2613032172934373,17.699784026005,0.9951198751035047,1.146955172043913,6840.0595934780185,2156900,89.0009733256896,34.14338919925512,75.06874044566383,0.9952368506744668,1.1457013408391368,19.6958,34.0
GAB,Gabon,2018,164.0,-90.4565,1.2613032172934373,21.16026297404,1.0515359500695691,1.152732848428384,6724.5961429107965,2212318,89.4539949981866,35.45045045045045,77.0365976973024,1.050217622795492,1.1515511330710149,18.3445,55.0
GAB,Gabon,2019,164.0,-88.5458,1.2613032172934373,19.1754988018892,1.0423860163458027,1.0014332808606878,6817.568794687638,2267706,89.9031850170394,34.67571378216426,73.4280894486644,1.0414574368482885,0.9960781170618938,20.2552,53.0
GAB,Gabon,2020,164.0,-88.7148,1.2613032172934373,13.4988249621846,1.0306249775769627,1.18318421599042,6534.279665289974,2322539,90.3480750410147,33.62794670310898,70.11405464660118,1.0307820721813965,1.1820362778807671,20.0862,46.0
GAB,Gabon,2021,164.0,-89.6319,1.2613032172934373,18.4933440925176,1.039431794925617,1.1545103576888225,6479.0490069076095,2376722,90.7881967286967,33.20816464237517,85.3483122054007,1.0403076867431562,1.153369102772972,19.1691,60.0
GAB,Gabon,2022,164.0,-88.86280000000001,1.2613032172934373,,1.0488316626391665,1.1619641926917454,6527.482079004042,2430747,91.2243355459988,,92.06308885001309,1.052573029713607,1.1608747570084763,19.9382,36.0
GAB,Gabon,2023,164.0,-87.24770000000001,1.2613032172934373,,1.0147848683343146,1.1539851012830658,6541.253686180696,2484789,91.6375962797313,,91.47865331869195,1.019604555428029,1.1528708298185029,21.5533,44.0
GAB,Gabon,2024,164.0,,,,0.9978942350734245,,6618.986858658849,2538952,91.8632094677575,,92.04680551512557,1.005610207664792,,21.782,69.0
GMB,Gambia,1960,3.0,,,,,,,398060,9.06718449184662,,,,,,48.0
GMB,Gambia,1961,3.0,,11.956521739130435,,,,,408930,8.92614083353027,,,,,,36.0
GMB,Gambia,1962,3.0,,12.055335968379447,,,,,420163,8.83801039069747,,,,,,26.0
GMB,Gambia,1963,3.0,,12.154150197628459,,,,,431757,8.82123739287275,,,,,,46.0
GMB,Gambia,1964,3.0,,12.25296442687747,,,,,443687,8.97559371363964,,,,,,50.0
GMB,Gambia,1965,3.0,,12.351778656126482,,,,,455952,9.33217246916084,,,,,,28.0
GMB,Gambia,1966,3.0,,12.450592885375494,,,,541.0801887731374,468516,9.86172838079784,,79.74794173527549,,,,35.0
GMB,Gambia,1967,3.0,,12.648221343873518,,,,526.3933605555687,481588,10.5368279617028,,87.71131855309218,,,,69.0
GMB,Gambia,1968,3.0,,12.648221343873518,,,,560.8683401697239,495269,11.3300377250278,,90.98379008746356,,,,47.0
GMB,Gambia,1969,3.0,,12.845849802371543,,,,558.5468642494797,509440,12.2139241839249,,91.4845908607864,,,,74.0
GMB,Gambia,1970,3.0,,12.845849802371543,2.30362071744818,,,576.3284949378002,524105,13.1610538515464,,78.7004130335016,,,0.6052,66.0
GMB,Gambia,1971,3.0,,13.142292490118576,1.88724297527365,,,559.6299136498596,539388,14.1439932410444,,69.54855895196506,,,0.6249,25.0
GMB,Gambia,1972,3.0,,13.636363636363635,2.05522959596527,,,544.8390519321969,555370,15.1353088655709,,74.52880067567568,,,0.6264,26.0
GMB,Gambia,1973,3.0,,14.130434782608695,2.75265579579351,,,577.9419300229009,571991,16.1269540216536,,77.48375,,,0.6313,32.0
GMB,Gambia,1974,3.0,,16.798418972332016,2.38001906403671,,,594.1613795845507,589085,17.287158390375,,82.68852959121415,,,0.6502,42.0
GMB,Gambia,1975,3.0,,16.205533596837945,2.76655082515048,,,648.280119394208,606821,18.7110000404511,,88.32316926770709,,,0.6696,44.0
GMB,Gambia,1976,3.0,,16.106719367588934,2.5586901896242,,,674.9740301615724,625667,20.3178993884755,,87.41173912225105,,,0.6641,38.0
GMB,Gambia,1977,3.0,,16.798418972332016,3.83842402970911,,,676.4554175376585,645770,22.0398278247921,,84.25261826855574,,,0.674,21.0
GMB,Gambia,1978,3.0,,17.490118577075098,3.27435973147021,,,696.1849053312128,667103,23.8087567397443,,93.56919642857143,,,0.7079,49.0
GMB,Gambia,1979,3.0,,16.40316205533597,2.49899491448749,,,664.3537545573657,689781,25.5566575236759,,98.21476967887689,,,0.7244,52.0
GMB,Gambia,1980,3.0,,15.711462450592887,2.73985934029447,,,682.144429383382,713913,27.2155015669304,,106.33468458295603,,,0.7492,35.0
GMB,Gambia,1981,3.0,,17.885375494071145,2.66742152917585,,,680.7632357911791,739125,28.7172602598516,,110.71812304052735,,,0.7583,33.0
GMB,Gambia,1982,3.0,,19.960474308300398,3.99471902120599,,,652.0666362080959,765753,29.9939049927831,,103.97254704792218,,,0.7557,22.0
GMB,Gambia,1983,3.0,,18.08300395256917,2.80043999765359,,,696.8494780732817,794525,30.9844971504735,,112.97054102085565,,,0.749,29.0
GMB,Gambia,1984,3.0,,16.699604743083004,3.10730857473472,,,694.302648852541,825631,31.7741376923283,,115.91412838263058,,,0.7419,24.0
GMB,Gambia,1985,3.0,,16.699604743083004,1.85444413926156,,,662.0081435500225,858874,32.4540605630479,,97.78146652255532,,,0.7669,43.0
GMB,Gambia,1986,3.0,,17.490118577075098,3.80952758024844,,,662.0023254929423,894019,33.0504584367687,,102.7224719975109,,,0.7806,62.0
GMB,Gambia,1987,3.0,,18.181818181818183,3.45855403208036,,,651.2450923574258,931091,33.5921287081256,,108.70499103024089,,,0.8758,21.0
GMB,Gambia,1988,3.0,,19.66403162055336,3.35239368109201,,,653.0000309650736,970160,34.1078687717537,,108.81899997205065,,,0.89,58.0
GMB,Gambia,1989,3.0,,17.885375494071145,3.51157802197105,,,663.3313098895466,1011357,34.6264760222881,,120.33740420312328,,,0.8831,40.0
GMB,Gambia,1990,3.0,,18.478260869565215,4.35432501091992,-0.1516367598737834,-0.7411451711291651,658.7111653321556,1054696,35.1767478543638,,131.4854153418491,-0.1514949064358089,-0.7358600280137884,0.9267,21.0
GMB,Gambia,1991,3.0,,19.367588932806324,2.10988163681651,-0.0476177613172654,-0.7033071533325191,651.229615381431,1099959,35.7874816626157,,64.10294689432875,-0.0455463348763037,-0.6981180902818783,0.9943,62.0
GMB,Gambia,1992,3.0,,16.007905138339922,2.31210814566337,0.1825897164014057,-0.6873455341980854,646.4210319326111,1145582,36.4874748416791,,67.44308364772382,0.1759822621981633,-0.6829246612534269,0.9767,54.0
GMB,Gambia,1993,3.0,,15.909090909090908,2.1538831567509,0.1612334129932413,-0.6540114407733156,641.9187384880015,1188365,37.3130852637624,,64.62992213125486,0.1516633926664432,-0.6494332715523334,0.9879,26.0
GMB,Gambia,1994,3.0,,17.786561264822133,2.37221061399988,0.0862072716097666,-0.6493532723266092,622.551318791124,1227226,38.3363887885843,,49.916078943854494,0.0792462738686615,-0.6455514574381118,1.0302,23.0
GMB,Gambia,1995,3.0,,18.280632411067195,3.03697990712517,0.091060027178717,-0.5312640250279156,609.6184914418465,1264313,39.5666608739251,,59.27679803396282,0.0834770773666101,-0.536220677998753,1.0418,35.0
GMB,Gambia,1996,3.0,,18.774703557312254,2.69758762305267,0.1407140091522669,-0.5545196577287651,605.4099248412598,1301410,40.9481646518734,,50.9543943800384,0.1329953841547008,-0.5587286904414728,1.0572,35.0
GMB,Gambia,1997,3.0,,20.25691699604743,2.60913573477658,0.1386844059374591,-0.6371839537023237,617.297597679527,1338889,42.4301869523111,,48.31749809809926,0.1317127363707873,-0.6435238636498994,1.0588,77.0
GMB,Gambia,1998,3.0,,21.245059288537547,2.54688725802424,0.1415859005308028,-0.6781809096030434,621.2260582316233,1376987,43.96201460512,,53.870962270150834,0.1414242644197917,-0.6813861829435985,1.088,30.0
GMB,Gambia,1999,3.0,,22.233201581027668,2.00134354349662,0.2320725707497284,-0.7658946097738092,642.8737050911533,1415779,45.4929344401818,,52.41329752306674,0.2412239380554897,-0.7635821451667372,1.1309,73.0
GMB,Gambia,2000,3.0,2.4392,23.122529644268774,2.25584549955561,0.1875115922141458,-0.7690664304093343,659.9112376411409,1455084,46.9722332873784,0.0,56.3598198850954,0.2010792444518868,-0.7662182672038564,1.2472,52.0
GMB,Gambia,2001,3.0,2.4331,24.110671936758894,2.48956240559623,0.4137411068114235,-0.7922538516851981,679.539755947951,1495011,48.3491979765917,0.022202486678507993,46.92926318656227,0.4110746439581168,-0.7877964166691371,1.2411,47.0
GMB,Gambia,2002,3.0,2.4585,25.09881422924901,3.54757628277213,0.4945762049131991,-0.8260282042085597,640.0389321361304,1535691,49.5731153377033,0.11656246688566281,59.64295091883396,0.4899482249211794,-0.8184227677906838,1.2665,42.0
GMB,Gambia,2003,3.0,2.5842,26.08695652173913,6.12286065692919,0.4882790676518858,-0.8664800248873789,665.8342223261942,1577611,50.6010077995371,0.29625639644492324,68.85879303422324,0.4823807274800523,-0.8556026847205147,1.3922,71.0
GMB,Gambia,2004,3.0,2.6389,26.976284584980238,2.5497949802114,0.512008237330556,-0.8931269306248968,693.563314497133,1621312,51.5062022597801,0.48954852746911187,49.93429956156826,0.5107308931315244,-0.8812841990019603,1.4469,64.0
GMB,Gambia,2005,3.0,2.6738,27.964426877470355,2.63182573752435,0.4500308563169946,-0.8942311822118097,658.676285443081,1667037,52.3582132660613,0.6547997457088366,50.01872339509755,0.4483190439622663,-0.8812686942602644,1.4818,79.0
GMB,Gambia,2006,3.0,2.7354000000000003,28.952569169960473,2.72961175784069,0.574475532363313,-0.9106595620840712,636.5960269088658,1715275,53.1603285370566,0.7082671876908048,50.374468581974966,0.5735647053041679,-0.896914111786622,1.5434,56.0
GMB,Gambia,2007,3.0,2.7694,29.940711462450594,3.04093237747013,0.6855414959908696,-0.9357899403158214,637.2093059753702,1765774,53.9196109423854,0.8305054474013217,44.29384446567907,0.6790939918246567,-0.9197664305015034,1.5774,33.0
GMB,Gambia,2008,3.0,2.8465,36.75889328063241,3.18489288621072,0.691320047751173,-0.691559182447322,657.6756791922277,1817852,54.6431233516671,0.9700366458288425,39.089099456134385,0.6836883595567778,-0.6608045651328633,1.6545,71.0
GMB,Gambia,2009,3.0,3.0244999999999997,42.29249011857708,3.29749846666455,0.6396850567245831,-0.7108859676486323,681.4334690865713,1871422,55.3379286345209,1.2043610547667343,41.7773944257977,0.6332072731833358,-0.6786264375897924,1.8325,52.0
GMB,Gambia,2010,3.0,3.0713999999999997,44.466403162055336,3.03032430579774,0.6141359804714791,-0.7692458953598807,701.0145245910613,1926630,56.0110896605662,1.2323030907278165,41.01251502794663,0.6090225712439696,-0.7361835030870405,1.8794,65.0
GMB,Gambia,2011,3.0,2.9288,44.466403162055336,4.46743879941924,0.529079674822297,-0.9305184003264878,625.4643602709834,1983784,56.6696692994225,1.8878313537323999,42.63970204688941,0.528644956805341,-0.9218609970062012,1.7368,69.0
GMB,Gambia,2012,3.0,2.9255,44.466403162055336,5.78123297887422,0.5707169667190974,-1.1704861650341905,639.1398818890478,2043094,57.3207304207091,2.0178830352827455,47.70067311419847,0.5722947319259164,-1.141729915494321,1.7335,24.0
GMB,Gambia,2013,3.0,3.0080999999999998,44.466403162055336,5.90666401996967,0.5847494621764098,-0.7821251650482621,638.5223685322139,2103820,57.970305611505,2.1271529486467182,45.46191936232959,0.5835898629177976,-0.7826131149431291,1.8161,27.0
GMB,Gambia,2014,3.0,3.1216999999999997,44.466403162055336,5.2409154628157,0.5825426082013252,-0.761461972294821,611.879472952196,2164528,58.6141799655551,2.0072392234287593,58.25793077522636,0.5763968210330046,-0.7619306973115817,1.9297,38.0
GMB,Gambia,2015,3.0,3.2145,44.466403162055336,5.55888177634649,0.5782204226869613,-0.7443327728104898,619.5363642964605,2224529,59.2458499408388,1.6164074041887546,44.52237308038132,0.567658382924466,-0.7447185281576422,2.0225,32.0
GMB,Gambia,2016,3.0,3.1651,44.466403162055336,6.56105812711213,0.5422088941023967,-0.718430765286268,615.1933654943861,2283769,59.8652472486563,1.4292277065999694,38.114087956594794,0.5299418448824919,-0.7187512652831625,1.9731,44.0
GMB,Gambia,2017,3.0,3.1074,43.47826086956522,6.49323709656864,0.5035457712419394,-0.6780376906834868,628.7772992729253,2342189,60.471712657237,1.4292277065999694,55.73357960908325,0.4898635743479728,-0.6782977007492919,1.9154,42.0
GMB,Gambia,2018,3.0,2.9537,43.47826086956522,2.72252448983926,0.6390240347678401,-0.6620483444019182,658.1278332585633,2399632,61.0645869348107,1.4292277065999694,64.81246400037351,0.6266384143087702,-0.6622950818338311,1.7617,40.0
GMB,Gambia,2019,3.0,2.9975,43.47826086956522,2.81390983977653,0.5860448438708007,-0.6256059154154863,682.7976429404264,2456844,61.643210849607,1.6300748815648718,55.99791161869933,0.5825019388128605,-0.6258778272671847,1.8055,26.0
GMB,Gambia,2020,3.0,2.939,43.47826086956522,3.03439304457224,0.5557666949834692,-0.5803415437078226,670.7586428912512,2515733,62.2069251698555,1.6300748815648718,47.395520173629066,0.5528908862265053,-0.5806409326581777,1.747,43.0
GMB,Gambia,2021,3.0,2.9329,43.47826086956522,2.85673041093642,0.578903008071452,0.244843271721174,689.4932395573704,2576010,62.7550706637859,1.6025069424982803,42.09798279717544,0.5773040156216532,0.2701261484508273,1.7409,66.0
GMB,Gambia,2022,3.0,3.0083,43.47826086956522,,0.5993396914736283,-0.5427838796257051,710.6869792163163,2636470,63.2869880996278,,44.72192153694659,0.6000846184016814,-0.5431454573348502,1.8163,71.0
GMB,Gambia,2023,3.0,3.0343999999999998,43.47826086956522,,0.5060777221721315,-0.5487340902845774,735.6123837095109,2697845,63.8020182456108,,39.96201732316938,0.5028903152685851,-0.5491141886651885,1.8424,22.0
GMB,Gambia,2024,3.0,,,,0.4919310959737953,,758.9658887290602,2759988,64.2994103409645,,42.17061722748818,0.4888299696212081,,1.8595,63.0
GHA,Ghana,1960,30.3,,7.471213852509449,,,,1100.7630521824196,6961215,23.2863556454639,,63.63636363636363,,,,39.0
GHA,Ghana,1961,30.3,,7.471213852509449,,,,1106.4945678553609,7162667,23.949136595321,,62.58064516129033,,,,70.0
GHA,Ghana,1962,30.3,,7.471213852509449,,,,1124.5331641101113,7337375,24.6235472406362,,52.68490374873353,,,,41.0
GHA,Ghana,1963,30.3,,7.471213852509449,,,,1146.3728108040605,7514714,25.2948762183993,,48.63636363636364,,,,30.0
GHA,Ghana,1964,30.3,,7.471213852509449,,,,1144.1383273688368,7695739,25.9521989290125,,43.77022653721683,,,,24.0
GHA,Ghana,1965,30.3,,7.471213852509449,,,,1132.307026405236,7882606,26.5845907728776,,43.860845839017735,,,,58.0
GHA,Ghana,1966,30.3,,7.471213852509449,,,,1058.3234806035546,8074521,27.1811271503967,,34.25559947299078,,,,49.0
GHA,Ghana,1967,30.3,,7.471213852509449,,,,1064.8394180532603,8271913,27.7308834619717,,37.36702127659575,,,,24.0
GHA,Ghana,1968,30.3,,7.471213852509449,,,,1043.0665254040568,8475729,28.2229351080045,,41.17647058823529,,,,55.0
GHA,Ghana,1969,30.3,,7.471213852509449,,,,1078.4035713354895,8690383,28.6463574888971,,40.079960019990004,,,,60.0
GHA,Ghana,1970,30.3,,7.471213852509449,2.86308221828147,,,1152.0517671026746,8925813,28.9924166743913,,44.04603806994245,,,6.8452,41.0
GHA,Ghana,1971,30.3,,7.471213852509449,2.33550228555879,,,1179.0607437530182,9176264,29.2857724049612,,36.0,,,6.9401,71.0
GHA,Ghana,1972,30.3,,7.471213852509449,3.47730771425785,,,1117.8231527242083,9438187,29.5409923443974,,35.91474245115453,,,7.3585,65.0
GHA,Ghana,1973,30.3,,7.471213852509449,4.95930815429816,,,1117.34245836667,9714617,29.7649445120356,,37.84632962010854,,,7.4972,66.0
GHA,Ghana,1974,30.3,,7.471213852509449,4.82726182988197,,,1159.7757620858613,10000523,29.9644117080709,,40.128755364806864,,,8.1001,36.0
GHA,Ghana,1975,30.3,,7.910697020304122,5.51700183240188,,,986.6130463282611,10294308,30.1461767326988,,37.8004921446148,,,8.1878,38.0
GHA,Ghana,1976,30.3,,7.910697020304122,5.75413653621901,,,924.7792416305515,10594913,30.3170223861145,,31.74992338338952,,,8.3101,27.0
GHA,Ghana,1977,30.3,,7.910697020304122,7.40909376854264,,,918.3367020496169,10911871,30.4837314685133,,22.04604496999015,,,8.4864,62.0
GHA,Ghana,1978,30.3,,8.350180188098797,6.37810291724555,,,966.3665462636313,11248450,30.6530867800907,,18.045363575717143,,,8.2963,64.0
GHA,Ghana,1979,30.3,,8.350180188098797,6.61414694239478,,,913.7290230993012,11597255,30.8318711210418,,22.393877117142654,,,8.3808,22.0
GHA,Ghana,1980,30.3,,8.350180188098797,8.72003764902337,,,891.5780493689051,11941448,31.026867291562,,17.621114533744052,,,8.4216,59.0
GHA,Ghana,1981,30.3,,8.350180188098797,6.9976119197735,,,836.5096602836148,12281712,31.2448580918466,,10.07903505631592,,,9.0443,38.0
GHA,Ghana,1982,30.3,,9.229146523688144,8.53011284046051,,,756.2944995731793,12643819,31.4926263220909,,6.320343315866792,,,8.9633,56.0
GHA,Ghana,1983,30.3,,9.229146523688144,7.0276694910963,,,700.396045771895,13029836,31.7769547824902,,11.544898336213173,,,7.4525,33.0
GHA,Ghana,1984,30.3,,10.108112859277488,5.69745876385311,,,741.5698742058912,13370590,32.1104883606371,,18.814611122815187,,,7.9219,21.0
GHA,Ghana,1985,30.3,,10.547596027072164,4.30537502912127,,,762.747783660855,13661229,32.522407144245,,24.243837597070964,,,8.5622,59.0
GHA,Ghana,1986,30.3,,10.547596027072164,4.86764993326725,,,784.9379236594073,13965217,33.0272759758795,,36.71168748887841,,,9.1938,78.0
GHA,Ghana,1987,30.3,,10.987079194866837,5.7362293857956,,,803.9296101790427,14289108,33.6117199701364,,45.84812332439678,,,9.6439,37.0
GHA,Ghana,1988,30.3,,11.42656236266151,5.89885278792263,,,829.0173875858375,14636568,34.265810320866,,42.24549941209822,,,9.8628,40.0
GHA,Ghana,1989,30.3,,11.42656236266151,5.67444374430942,,,849.6865791584559,15006813,34.9796182219183,,41.085891051033926,,,10.5592,66.0
GHA,Ghana,1990,30.3,,11.866045530456184,6.86274070226107,-0.3398551911134199,0.4049456182243628,855.8525070818104,15394648,35.7432148671435,100.0,42.7281781307805,-0.3471261803395024,0.4098131617801264,10.4735,24.0
GHA,Ghana,1991,30.3,,12.305528698250857,6.39332588133289,-0.3082496719912633,0.0601219185274502,878.6357040659403,15787496,36.5466714503918,100.0,42.4883492637987,-0.3116533416532692,0.0823503128315654,10.704,38.0
GHA,Ghana,1992,30.3,,12.305528698250857,7.58566674666496,-0.3118268219749373,0.0758829611591128,890.313174799419,16184855,37.3800591655132,100.0,45.99359586139232,-0.3163258587248392,0.0952016859568704,11.2496,66.0
GHA,Ghana,1993,30.3,,12.305528698250857,9.60397698038042,-0.1134379443880328,0.0867832864574609,910.7228977522221,16589519,38.233449206358,99.65151275146523,56.66912011569949,-0.1155897839180341,0.1029334045494101,11.5771,27.0
GHA,Ghana,1994,30.3,,12.305528698250857,13.6669310382848,-0.1892432223062742,0.0705838746610566,918.428722656692,16993190,39.0969127667762,99.5417348608838,62.02115273775216,-0.1916540256368486,0.085626036655647,11.9797,66.0
GHA,Ghana,1995,30.3,,13.184495033840204,12.844734865598,-0.1582120013999199,0.2249621476476406,933.8953116643562,17399017,39.960521040618,99.68933943754088,57.42309428899467,-0.1600317505491741,0.2226449721491434,12.3902,67.0
GHA,Ghana,1996,30.3,,14.06346136942955,13.7777337984918,-0.1511445443126149,0.2135037907970818,954.3253879447751,17810181,40.8143452217336,99.96982043156783,72.20494412939755,-0.1525226054958642,0.2106174547004415,13.0657,64.0
GHA,Ghana,1997,30.3,,15.821394040608244,12.4994065219438,-0.0891677304096584,0.2020315479634492,970.9957393626313,18238958,41.6484565039731,99.49172233517281,85.4018379695892,-0.089510973138875,0.1986383348452217,13.4218,40.0
GHA,Ghana,1998,30.3,,16.033473235475082,12.0486612371435,-0.0306219196726335,0.1684442791778146,992.20631798932,18688036,42.4529260811866,77.53036437246963,80.59954324699352,-0.0309227092215149,0.1639680051771803,15.1545,44.0
GHA,Ghana,1999,30.3,,16.245552430341917,7.82931688108889,-0.0457938610389246,0.1983675876418449,1010.8819491634808,19149864,43.2178251472243,83.58667529107375,81.70510403405281,-0.0454259108020344,0.1945316642840245,16.0781,63.0
GHA,Ghana,2000,30.3,20.9252,16.457632064691925,13.7597235776938,-0.038423739727719,0.1475749398607308,1022.2752071456553,19637087,43.9373786640616,91.70012460196594,116.04843016296842,-0.0368527051921407,0.1439686780265328,15.5406,40.0
GHA,Ghana,2001,30.3,22.0888,16.66971125955876,12.746063574387,-0.0319325003289035,0.0547257647384189,1035.226660532575,20167069,44.6410507317701,84.26644611273699,110.04585416081134,-0.0308764334468301,0.0516452591014907,16.1554,31.0
GHA,Ghana,2002,30.3,23.688699999999997,16.881790454425598,13.4249078896054,0.1121534880997337,0.0722859259639347,1052.465916443987,20729388,45.3484692124806,69.42802144919565,97.48924317465514,0.117964485081045,0.0693891673236986,17.5419,71.0
GHA,Ghana,2003,30.3,22.9973,17.093869649292433,15.6197723814453,0.1836914950470105,0.0271758317977255,1077.6999086664455,21296705,46.0547973581418,66.27847670860251,97.28714571395317,0.1864787428224343,0.0249172809326013,17.2106,21.0
GHA,Ghana,2004,30.3,22.3564,17.305949283642438,12.3974101450175,0.305840833412788,0.0700561861935434,1108.3047535363303,21868298,46.7572004525685,87.65524093392946,99.67033434721225,0.3050145206852994,0.0683797114458643,17.1198,68.0
GHA,Ghana,2005,30.3,23.2013,17.518028478509272,11.7318044619005,0.2083451238192909,0.2710346368202499,1143.311789343014,22449438,47.4528437795757,83.1246317030053,98.17151411462788,0.2025321406104434,0.2580506536657114,17.8766,72.0
GHA,Ghana,2006,30.3,25.3174,17.73010767337611,7.57618461499477,0.4441899853676567,0.2131158259094024,1185.2657073859518,23040702,48.1388926229785,66.76868327402136,64.51905424391524,0.4389189476517113,0.2074136070308531,19.8197,74.0
GHA,Ghana,2007,30.3,25.9029,17.942186868242946,8.82815308813168,0.5096838064944903,0.3326784804687559,1205.3170580420865,23642279,48.8125122665918,53.548294640298074,65.35432228525316,0.5064061128628955,0.3275836127970504,20.3735,45.0
GHA,Ghana,2008,30.3,27.6175,18.154266063109784,9.16190193076971,0.3917809070142209,0.4284024319329106,1282.6341688674677,24249946,49.4708679942306,74.62518020182604,69.51422561114336,0.3849999261355171,0.4177519466423864,22.0373,72.0
GHA,Ghana,2009,30.3,28.4734,18.36634569745979,10.8115826827154,0.5028863541319901,0.4126410679641354,1311.6305376012513,24862664,50.1111250897099,76.94574681848627,71.59473852815235,0.4966645820818844,0.4058895063870806,23.1533,48.0
GHA,Ghana,2010,30.3,30.0932,18.578424892326623,10.1146292384946,0.5288995375692436,0.4900212783060119,1381.2279503505983,25474995,50.7296926788704,68.95642765810956,75.37781579168235,0.5251992445543278,0.4833677418311888,24.4987,77.0
GHA,Ghana,2011,30.3,33.0013,18.79050408719346,16.0706874677608,0.5282371606998315,0.5768141415635839,1537.8183401928263,26095088,51.3304086646488,67.45125968129618,86.29545385496954,0.5227002300258008,0.5688711871069583,27.5222,66.0
GHA,Ghana,2012,30.3,35.9517,19.002583282060296,15.8226771827735,0.4811941317195186,0.5007061631149261,1640.5407208800264,26734268,51.9197918381031,66.88833746898263,93.1680351286831,0.4727136089422779,0.4948249251862792,30.3638,25.0
GHA,Ghana,2013,30.3,38.3902,19.21466247692713,10.8892140729202,0.6401456889483564,0.6329818110099781,1718.5970476995847,27386193,52.4985794475913,63.99379604497868,60.7593219028775,0.6352270347320791,0.6326363473029838,32.4705,65.0
GHA,Ghana,2014,30.3,38.489,19.42674211127714,12.249534681472,0.704482743224176,0.5216096839982769,1726.3693013464651,28041592,53.0663398797148,64.88567684242985,63.83656244307831,0.7007760811464984,0.5130180929373249,32.6656,31.0
GHA,Ghana,2015,30.3,40.1309,19.638821306143978,10.5635168212992,0.7118038984677875,0.534725130015713,1722.7728283360616,28696068,53.6226415210752,50.85735294117647,76.52127092432424,0.7051424193281662,0.5300623842335742,33.96,71.0
GHA,Ghana,2016,30.3,40.1419,19.850900501010813,8.64980290681468,0.7858061804290382,0.475921993060508,1740.8110190292825,29356742,54.167052758274,47.62685302837781,67.87699944458652,0.7776747403275869,0.4704946886398451,34.6307,65.0
GHA,Ghana,2017,30.3,43.6199,20.06297969587765,10.3700404312643,0.8253506684128428,0.4197843663988017,1841.446361532492,30008354,54.6991419779128,40.37164179104478,70.54836529041157,0.8212408336186536,0.4156293272617963,38.4321,75.0
GHA,Ghana,2018,30.3,45.746700000000004,20.275059330227652,9.7904078745383,0.8651332181927838,0.4454703337266865,1915.4532323780977,30637585,55.218477566593,37.46744214672575,67.95851746449021,0.8589585711040655,0.4431720159322356,40.4575,59.0
GHA,Ghana,2019,30.3,49.7153,20.487768807162038,9.76736656039863,0.6142053963507204,0.531855041932807,1999.553722202112,31258945,55.7246279109161,40.39178714749052,76.82480273215198,0.6000133869971921,0.529379376081902,42.6947,63.0
GHA,Ghana,2020,30.3,52.145900000000005,20.700127455720125,8.48657958474163,0.9261212245492776,0.6001056359285468,1970.194114603976,31887809,56.2171613974837,36.660734645318,66.57549871624315,0.9260468912055526,0.5976925188054037,45.7,72.0
GHA,Ghana,2021,30.3,52.7496,20.69985452659614,13.3474845007777,0.9115805776821198,0.5409517789561505,2030.0486650096655,32518665,56.6952556826536,34.86709893896799,62.707830912834616,0.9137343124557956,0.5389266036112478,46.5297,73.0
GHA,Ghana,2022,30.3,53.7154,20.69985452659614,,0.8569370640171875,0.640734721491119,2067.208959107662,33149152,57.250609602871,,70.11545579589071,0.8592772425948145,0.6378940736823331,46.9179,49.0
GHA,Ghana,2023,30.3,53.62,20.69985452659614,,0.6823049942052296,0.6732814882572687,2091.8133564595014,33787914,57.8074737774654,,64.38786152816472,0.6945356731219766,0.6649637983828786,46.8225,79.0
GHA,Ghana,2024,30.3,,20.69985452659614,,0.7050681158452147,,2167.7269140667804,34427414,58.3654868038581,,69.78842273905916,0.7148600296745339,,48.0939,64.0
GIN,Guinea,1960,226.0,,11.150903467361225,,,,,3556749,9.71325785205227,,,,,,75.0
GIN,Guinea,1961,226.0,,11.150903467361225,,,,,3619551,10.2368241697066,,,,,,25.0
GIN,Guinea,1962,226.0,,11.150903467361225,,,,,3684273,10.824825151229,,,,,,42.0
GIN,Guinea,1963,226.0,,11.150903467361225,,,,,3750954,11.4705143585108,,,,,,21.0
GIN,Guinea,1964,226.0,,11.150903467361225,,,,,3819722,12.1671453534433,,,,,,36.0
GIN,Guinea,1965,226.0,,11.150903467361225,,,,,3890716,12.907971697918,,,,,,59.0
GIN,Guinea,1966,226.0,,11.150903467361225,,,,,3964155,13.6862469538261,,,,,,75.0
GIN,Guinea,1967,226.0,,11.150903467361225,,,,,4040153,14.4952246830592,,,,,,25.0
GIN,Guinea,1968,226.0,,11.150903467361225,,,,,4118550,15.3281584475084,,,,,,73.0
GIN,Guinea,1969,226.0,,11.150903467361225,,,,,4198300,16.1783018090653,,,,,,58.0
GIN,Guinea,1970,226.0,,11.150903467361225,,,,454.02189284901476,4277535,17.0389083296211,,,,,4.3247,66.0
GIN,Guinea,1971,226.0,,11.150903467361225,,,,469.85300413562584,4355200,17.9032315710672,,,,,4.3427,36.0
GIN,Guinea,1972,226.0,,11.150903467361225,,,,472.4760657739926,4431292,18.764525095295,,,,,4.4057,49.0
GIN,Guinea,1973,226.0,,11.150903467361225,,,,471.89091854232186,4506324,19.6160424641959,,,,,4.5305,55.0
GIN,Guinea,1974,226.0,,11.150903467361225,,,,488.6222226436955,4580510,20.4510372396612,,,,,4.6439,46.0
GIN,Guinea,1975,226.0,,11.150903467361225,,,,494.75500802877104,4653876,21.2627629835823,,,,,4.7838,59.0
GIN,Guinea,1976,226.0,,11.150903467361225,,,,525.6938233010088,4727022,22.0444732578505,,,,,4.8458,77.0
GIN,Guinea,1977,226.0,,11.150903467361225,,,,500.224866623139,4801128,22.7894216243573,,,,,4.9057,48.0
GIN,Guinea,1978,226.0,,11.150903467361225,,,,525.8184572878475,4877854,23.490861644994,,,,,4.9513,30.0
GIN,Guinea,1979,226.0,,11.150903467361225,,,,510.9379036523843,4959283,24.1420468816519,,,,,5.08,78.0
GIN,Guinea,1980,226.0,,11.150903467361225,,,,515.0754982408148,5047419,24.7362308962224,,,,,5.1062,61.0
GIN,Guinea,1981,226.0,,11.150903467361225,,,,508.55674699440084,5143288,25.2666672505969,,,,,5.1343,22.0
GIN,Guinea,1982,226.0,,11.150903467361225,,,,507.4127550954377,5247672,25.7266095066668,,,,,5.4163,64.0
GIN,Guinea,1983,226.0,,11.150903467361225,,,,503.2547000094456,5359814,26.1147891604759,,,,,5.567,21.0
GIN,Guinea,1984,226.0,,11.150903467361225,,,,499.09979023084423,5480096,26.466799138267,,,,,5.5518,66.0
GIN,Guinea,1985,226.0,,11.150903467361225,,,,511.8855027347284,5610373,26.7973899426865,,,,,5.3816,36.0
GIN,Guinea,1986,226.0,,11.150903467361225,25.4012535252545,,,514.9488271081473,5750668,27.1085339065344,,40.577027246958345,,,5.1106,66.0
GIN,Guinea,1987,226.0,,11.150903467361225,22.0223368676279,,,518.460706253598,5900198,27.4030510441306,,42.75166611057472,,,5.7679,59.0
GIN,Guinea,1988,226.0,,11.150903467361225,20.5589739364556,,,536.9351427907709,6056574,27.6837613697955,,39.74224318179025,,,5.9841,39.0
GIN,Guinea,1989,226.0,,11.150903467361225,23.9660417199166,,,544.1252898368887,6215811,27.9534848978491,,41.75340826553514,,,6.2195,56.0
GIN,Guinea,1990,226.0,,11.150903467361225,22.1138440444808,-0.4213663894624443,-0.8959709221417096,548.371534819426,6434374,28.2150416426116,,44.24810300224518,-0.4318476364977143,-0.90296012722007,6.8977,42.0
GIN,Guinea,1991,226.0,,11.150903467361225,21.4961619805513,-0.3664215233489702,-0.8622791216306605,540.622747465388,6697166,28.4712516184031,,41.77871156784449,-0.370884984060389,-0.8663157301510941,7.2112,37.0
GIN,Guinea,1992,226.0,,11.150903467361225,16.8877075586499,-0.4012800201195736,-0.8802171131089462,540.7682380176491,6914366,28.7249348395438,,34.94190599493388,-0.4055239380804097,-0.882269027623793,6.7634,32.0
GIN,Guinea,1993,226.0,,11.150903467361225,13.5517601443802,-0.4228187920030102,-0.8320815766414249,551.0067426547716,7128177,28.9789113203538,,37.44824351336923,-0.4263874294461993,-0.8394150764872423,7.0908,58.0
GIN,Guinea,1994,226.0,,11.150903467361225,12.9995442065882,-0.4210701087787593,-0.8526316810405695,555.9627822861482,7345107,29.2360010751533,,33.341812501930065,-0.4267344988335936,-0.8583590342161268,7.549,74.0
GIN,Guinea,1995,226.0,,11.150903467361225,15.158364653506,-0.4361814363407688,-0.8299016771840806,565.5533597495054,7553249,29.4990241182623,,31.304429169327282,-0.4402515084666707,-0.8383332157340342,7.8087,43.0
GIN,Guinea,1996,226.0,,11.150903467361225,15.2793753579806,-0.458287048459401,-0.8433107533892585,574.302865750492,7770035,29.7715516995972,,29.861424528614027,-0.4604459188703809,-0.8506025359826125,8.8503,42.0
GIN,Guinea,1997,226.0,,11.150903467361225,11.7303487164876,-0.4598414594428242,-0.8487600725754954,591.7735301552597,7931370,30.0528319349072,,29.089787494025288,-0.4629443158190142,-0.8562995936237899,8.1603,79.0
GIN,Guinea,1998,226.0,,11.150903467361225,11.6837005355472,-0.4136301569749517,-0.8634307156922164,601.9079930853732,8081990,30.3398459469057,,33.06462362520794,-0.4239988412769707,-0.8729827419703148,8.5492,25.0
GIN,Guinea,1999,226.0,,11.150903467361225,10.7658987791663,-0.4513747122981609,-0.8834572190063024,611.0076858449668,8265123,30.63021654503,,32.69589940591173,-0.456108280370892,-0.8931397775650554,9.7479,40.0
GIN,Guinea,2000,226.0,44.1001,11.150903467361225,12.3846874448677,-0.5349136065351121,-0.825687433881725,614.1372350836383,8428832,30.9231105645224,55.96933187294633,36.679695491288115,-0.5386220109126783,-0.8353093672203727,10.5001,41.0
GIN,Guinea,2001,226.0,44.3721,11.150903467361225,12.0823443635609,-0.5739807621629918,-0.7808006551632363,628.3205548649361,8539960,31.2176948406254,57.26141078838174,40.18787813943785,-0.5747979051670679,-0.7898153722301146,10.7721,73.0
GIN,Guinea,2002,226.0,44.7884,11.154973140159532,12.1114517779361,-0.5554928203127307,-0.7505342624177793,650.5549639732907,8674066,31.5131362085814,58.620689655172406,38.02840326743963,-0.5547297385828431,-0.7578756362812289,11.1884,37.0
GIN,Guinea,2003,226.0,45.2763,11.159042812957837,14.8963920119094,-0.6495379010450157,-0.7494224264557174,644.0712179088938,8870781,31.8086015036327,46.349942062572424,35.075126989158505,-0.646702699926916,-0.7559193456224357,11.6763,60.0
GIN,Guinea,2004,226.0,45.6936,11.163112485756145,14.1598705167376,-0.7370757422737605,-0.727480090701897,645.1828433906887,9062726,32.1032575610216,61.461794019933556,34.59509592105348,-0.7314408190829602,-0.7339087410147301,12.0936,68.0
GIN,Guinea,2005,226.0,46.1614,11.154973140159532,21.0874675395337,-0.847339263831768,-0.5914876921759591,651.3596068716035,9245844,32.3962712159907,60.75944349756233,47.937700391716724,-0.8390046240915221,-0.6005882744460265,12.5614,21.0
GIN,Guinea,2006,226.0,46.6922,11.419796923327365,17.7856920060446,-0.570966435080793,-0.3973423673283849,645.4720019236535,9441171,32.6868093037822,63.0935557781223,69.3862937148949,-0.5817416017761465,-0.4209784128757377,13.0922,44.0
GIN,Guinea,2007,226.0,47.162800000000004,11.940587253784795,16.2933051533271,-0.5142569855272714,-0.2810991538283464,673.6989974206261,9662281,32.9740386596386,64.69115309409597,71.12103222650151,-0.5287606093973324,-0.3154508695923695,13.5628,22.0
GIN,Guinea,2008,226.0,47.7558,12.462241168810028,15.2239654800407,-0.5228147076534876,-0.3287855613501896,684.7757803773655,9898870,33.2571261188022,74.34908961508808,64.18424339095813,-0.5364616670137456,-0.3653750335361158,14.1558,51.0
GIN,Guinea,2009,226.0,48.3299,12.038729041185087,15.5855333124984,-0.5844097621261664,-0.3695823756803654,660.7567013302843,10143534,33.5352385165154,70.33996955496524,69.81534541581232,-0.599335140087597,-0.4012638014008934,14.7299,40.0
GIN,Guinea,2010,226.0,50.197900000000004,14.826576998209342,15.2920806038969,-0.6516974431260887,-0.3618313403276261,675.7369173277077,10396086,33.8075426880206,77.39985246480002,73.54657393403872,-0.6657838853996031,-0.3946100181939981,16.5979,29.0
GIN,Guinea,2011,226.0,50.4525,14.9299556405665,18.1995114826407,-0.5687400039093755,-0.3682976509887018,696.199991395571,10656810,34.0732054685603,75.95109672779576,85.95467327083857,-0.5796204577950405,-0.3995588581232022,16.8525,46.0
GIN,Guinea,2012,226.0,51.0332,16.922217971675078,16.6316633604097,-0.6182021934720107,-0.4760451726948833,719.5059167945462,10921581,34.3313936933767,67.73514431239389,86.67433183225812,-0.6283499190090421,-0.5032451536513065,17.4332,57.0
GIN,Guinea,2013,226.0,51.4996,17.26916083346899,14.2501576757042,-0.4524910697724469,-0.4885457318383043,729.833143236326,11191873,34.5812741977122,74.10096870904079,80.42644771804612,-0.4643417113831878,-0.5133703482456875,17.8996,40.0
GIN,Guinea,2014,226.0,52.0947,18.697251342992022,14.9319543061707,-0.3890644503006157,-0.4793810052766787,738.2722744813078,11472924,34.8177920826682,60.30108301249204,76.77196589523054,-0.4015584361149114,-0.5032118683451955,18.4947,67.0
GIN,Guinea,2015,226.0,53.3432,19.510178251668567,14.1138586026586,-0.2767310161292722,-0.7844524242912847,747.3569667594476,11767070,35.0373191833496,78.8746543860741,72.44273074693454,-0.2919260310115507,-0.7832446713127473,19.7432,35.0
GIN,Guinea,2016,226.0,54.55970000000001,19.848336317760054,18.1063644814226,-0.2559147254230294,-0.6620004948162248,807.2364210438877,12073030,35.3100280761719,67.94803501933333,111.83946741536772,-0.2705656291557505,-0.6610409862003366,20.9597,40.0
GIN,Guinea,2017,226.0,55.2903,20.501830538824677,18.9531246230915,-0.1718344814544369,-0.741703369542154,867.907502577607,12385659,35.5827331542969,69.29837092230596,101.25163376842875,-0.1847663448702792,-0.7403525861954556,21.6903,49.0
GIN,Guinea,2018,226.0,56.6103,21.084532394595474,13.7023759938136,-0.0922720714678533,-0.8210709071361313,899.9073280451746,12704774,35.8554382324219,63.28959063104512,88.98411154370902,-0.1034319560851452,-0.8193292032466104,23.0103,34.0
GIN,Guinea,2019,226.0,58.5107,20.01831189972326,4.65794341633325,-0.1248335639795256,-0.7882196423493747,926.4222195485298,13034346,36.1281547546387,63.89275103546183,78.41531322859738,-0.1375203247645844,-0.7864285777052638,24.9107,25.0
GIN,Guinea,2020,226.0,59.8912,20.158435210809053,4.8276880509577,-0.1151061116584001,-0.7514463367460021,945.570903389665,13371183,36.4802208060551,61.84182068222533,115.76525951892933,-0.1303125806148344,-0.7495721185064431,26.2912,44.0
GIN,Guinea,2021,226.0,60.7131,21.353825899397687,4.51955879028644,-0.1281125105472141,-0.7043497818306697,973.646890096159,13710513,36.8502178436256,88.1321934987129,115.19553278935615,-0.1431997018462296,-0.7024427711502519,27.1131,47.0
GIN,Guinea,2022,226.0,62.2367,22.58623026208693,,-0.2264637559341878,-0.6690620047713381,987.5025014653369,14055137,37.2384967469106,,94.16527269312208,-0.2355819064129288,-0.6671816002124242,28.6367,76.0
GIN,Guinea,2023,226.0,62.21510000000001,24.418407130066743,,-0.0352109313380552,-0.6758315610826298,1016.880948003239,14405468,37.6454083954705,,95.82952675822696,-0.0418869295174069,-0.673972227496762,28.6151,43.0
GIN,Guinea,2024,226.0,62.21510000000001,,,-0.1540203288325489,,1045.9220747581671,14754785,38.0713036688655,,97.77781773127477,-0.1536406050131302,,29.3759,78.0
GNB,Guinea-Bissau,1960,16.0,,,,,,,577633,13.4809606179676,,,,,,67.0
GNB,Guinea-Bissau,1961,16.0,,8.357041251778094,,,,,582532,13.7111391553898,,,,,,41.0
GNB,Guinea-Bissau,1962,16.0,,8.357041251778094,,,,,589474,13.9122047275785,,,,,,47.0
GNB,Guinea-Bissau,1963,16.0,,8.357041251778094,,,,,594418,14.0891587291475,,,,,,66.0
GNB,Guinea-Bissau,1964,16.0,,8.357041251778094,,,,,588543,14.2457051600975,,,,,,51.0
GNB,Guinea-Bissau,1965,16.0,,8.357041251778094,,,,,575005,14.3855480204289,,,,,,25.0
GNB,Guinea-Bissau,1966,16.0,,8.357041251778094,,,,,566908,14.5123913101424,,,,,,28.0
GNB,Guinea-Bissau,1967,16.0,,8.712660028449502,,,,,569011,14.6299390292385,,,,,,29.0
GNB,Guinea-Bissau,1968,16.0,,8.712660028449502,,,,,578170,14.7418951777177,,,,,,32.0
GNB,Guinea-Bissau,1969,16.0,,8.712660028449502,,,,,581610,14.8519637555805,,,,,,54.0
GNB,Guinea-Bissau,1970,16.0,,8.712660028449502,6.3917374281718,,,530.0382078420321,584403,14.9638487628276,,34.1885886489373,,,0.6731,35.0
GNB,Guinea-Bissau,1971,16.0,,8.712660028449502,6.04334904740342,,,507.7291082952281,586221,15.0812541994595,,38.47006955325806,,,0.6704,68.0
GNB,Guinea-Bissau,1972,16.0,,8.712660028449502,6.46788365740228,,,539.7287766995382,586620,15.2078840654768,,39.98572782027571,,,0.7039,26.0
GNB,Guinea-Bissau,1973,16.0,,8.890469416785205,10.3824001363732,,,540.022721959447,592808,15.3474423608799,,46.78631891620335,,,0.7091,30.0
GNB,Guinea-Bissau,1974,16.0,,9.068278805120912,11.1207237153014,,,545.743584355489,613338,15.5036330856695,,44.26679377557185,,,0.7622,43.0
GNB,Guinea-Bissau,1975,16.0,,9.068278805120912,13.5533866264576,,,554.5396111466074,650966,15.6801602398461,,31.13162018985741,,,0.8665,29.0
GNB,Guinea-Bissau,1976,16.0,,9.068278805120912,12.7428952217552,,,545.7167198330026,694191,15.8807278234103,,33.20791824187468,,,0.9306,26.0
GNB,Guinea-Bissau,1977,16.0,,9.068278805120912,22.0695509617019,,,474.08244409587627,741789,16.1090398363626,,41.906507265577105,,,0.9417,75.0
GNB,Guinea-Bissau,1978,16.0,,9.068278805120912,22.1804516985486,,,502.50398041845557,791694,16.3688002787036,,43.78779451052413,,,0.922,54.0
GNB,Guinea-Bissau,1979,16.0,,9.068278805120912,23.6010486673963,,,494.9128072631443,819867,16.6834954357574,,48.79865968848259,,,0.9596,27.0
GNB,Guinea-Bissau,1980,16.0,,9.068278805120912,32.4354192312759,,,411.2281910610559,829303,17.2605382274848,,54.52945327312489,,,0.9944,75.0
GNB,Guinea-Bissau,1981,16.0,,9.139402560455192,20.136356247829,,,478.36501639486414,842432,18.1993267237653,,46.91171722725149,,,1.0832,24.0
GNB,Guinea-Bissau,1982,16.0,,9.601706970128022,25.9100298928017,,,490.61844134446693,855891,19.4242614440825,,49.12543135765888,,,1.2627,63.0
GNB,Guinea-Bissau,1983,16.0,,9.95732574679943,18.1008005934456,,,466.4784851449295,869592,20.8713922211948,,38.26287151607348,,,1.2415,68.0
GNB,Guinea-Bissau,1984,16.0,,10.135135135135135,19.4132481697656,,,500.9480880221973,883519,22.4767688878607,,64.68262287635456,,,1.2674,60.0
GNB,Guinea-Bissau,1985,16.0,,10.31294452347084,14.3987619028843,,,513.5785601999971,897697,24.1764412768385,,67.46752466987596,,,1.2541,22.0
GNB,Guinea-Bissau,1986,16.0,,8.890469416785205,24.0337759594907,,,501.441680283283,912126,25.9064592208868,,37.070324143661345,,,1.2794,32.0
GNB,Guinea-Bissau,1987,16.0,,8.534850640113797,17.7224176689466,,,507.7799671716806,926862,27.6028725527639,,50.32315393656385,,,1.4028,36.0
GNB,Guinea-Bissau,1988,16.0,,8.17923186344239,20.8662179297985,,,522.5685872264613,942061,29.2017311052283,,63.60909023815447,,,1.4255,33.0
GNB,Guinea-Bissau,1989,16.0,,8.534850640113797,16.5669916836739,,,545.3406403634522,957789,30.6390847110383,,55.08023525638468,,,1.5053,76.0
GNB,Guinea-Bissau,1990,16.0,,8.890469416785205,18.0876089126751,-0.1363717923979738,,569.169670374215,973669,31.8509832029524,,46.970502719061976,-0.1356287395906026,,1.6514,70.0
GNB,Guinea-Bissau,1991,16.0,,8.890469416785205,17.3009834975607,-0.1450799170602282,,585.5855139682404,994639,32.7516507277478,,47.77360987892094,-0.144640706797196,,1.7259,69.0
GNB,Guinea-Bissau,1992,16.0,,8.890469416785205,19.7854249831842,-0.1768381715955975,,574.8520025561554,1024356,33.4002994246409,,55.01437568095137,-0.1760788200132473,,1.719,66.0
GNB,Guinea-Bissau,1993,16.0,,9.601706970128022,15.9723264665664,-0.2212109396445039,,567.8600729380977,1058745,33.9519253078613,,41.58630064715369,-0.2198016284396909,,1.7522,24.0
GNB,Guinea-Bissau,1994,16.0,,9.95732574679943,19.0093554980868,-0.2432412529201853,,568.168871993007,1092031,34.4608840002895,,50.763778985898156,-0.2420984854881833,,1.7861,28.0
GNB,Guinea-Bissau,1995,16.0,,9.95732574679943,26.0617399150181,-0.2694342940084938,,578.3818499174025,1119949,34.9311501499718,,46.81043289315421,-0.2676257762273364,,1.8429,36.0
GNB,Guinea-Bissau,1996,16.0,,9.601706970128022,24.170858967761,-0.3064115207630672,,632.1609069209129,1143535,35.3666984049549,,42.360171467093174,-0.3033823766615902,,1.8647,78.0
GNB,Guinea-Bissau,1997,16.0,,9.601706970128022,22.8740539530756,-0.3436319861612091,,660.5377747079535,1165545,35.771503413285,,69.49035464031294,-0.3416716646590619,,1.8604,30.0
GNB,Guinea-Bissau,1998,16.0,,9.246088193456615,31.5998376511536,-0.4062805465910897,,502.8155402070598,1187473,36.1495398230088,,43.50099730802576,-0.4035058395218197,,1.8713,66.0
GNB,Guinea-Bissau,1999,16.0,,9.95732574679943,19.268801792287,-0.4652821815174705,,576.3307952965581,1210206,36.5047822821727,,49.099489229369624,-0.4609613727617855,,1.9554,69.0
GNB,Guinea-Bissau,2000,16.0,-25.2167,10.668563300142248,11.8568115340533,-0.4552441950169012,-0.2532528415749555,571.0940151786247,1234741,36.8412054388232,0.0,52.73734611801453,-0.4451908213288084,-0.262951188498091,2.0011,55.0
GNB,Guinea-Bissau,2001,16.0,-25.2501,10.668563300142248,11.0270151878701,-0.5830358914109304,-0.19750106669436,585.837980688333,1261273,37.1627839410066,0.0,47.58321727746122,-0.5693901829084723,-0.2053466664862543,1.9677,58.0
GNB,Guinea-Bissau,2002,16.0,-25.2086,9.95732574679943,12.5778661904573,-0.6478149847499415,-0.146071134054799,594.0405351515517,1289307,37.4734924367695,0.0,39.6760635550924,-0.6313233337683911,-0.1530150790201375,2.0092,65.0
GNB,Guinea-Bissau,2003,16.0,-25.1445,9.601706970128022,17.8267671662477,-0.721456639048966,-0.1191128649380855,579.0925068218363,1318806,37.7773055741583,0.0,38.03347093189171,-0.7011361214986647,-0.1251493190091791,2.0733,36.0
GNB,Guinea-Bissau,2004,16.0,-25.1235,9.95732574679943,14.1311490985512,-0.4952151763427559,-0.0888195852691223,572.5264646272938,1349563,38.0781980012196,0.0,43.192131633445996,-0.489844976351871,-0.0934917175709269,2.0943,29.0
GNB,Guinea-Bissau,2005,16.0,-25.0656,9.95732574679943,13.3963690749939,-0.4068977142732202,-0.4021682865442356,595.9425556018699,1381585,38.3801443659997,0.0,45.7842315450716,-0.409695323616454,-0.3950896643071252,2.1522,43.0
GNB,Guinea-Bissau,2006,16.0,-24.9679,9.95732574679943,13.3637311240334,-0.398201181074816,-0.358859161488562,597.2571517220462,1415303,38.6871193165452,0.0,48.76050338602259,-0.401658196017271,-0.3523315924225262,2.2499,62.0
GNB,Guinea-Bissau,2007,16.0,-24.858800000000002,9.95732574679943,16.7234362875899,-0.4708495848792845,-0.3794716443490246,597.4820209359483,1450986,39.0030975009025,0.0,46.244528470014714,-0.4804405064645395,-0.3778435190006968,2.359,67.0
GNB,Guinea-Bissau,2008,16.0,-24.7798,9.95732574679943,15.9806489073256,-0.4332115111439364,-0.405975969781586,608.9586204969247,1488054,39.3320535671181,0.0,45.138889374472356,-0.4465198617709295,-0.4044595661426496,2.438,50.0
GNB,Guinea-Bissau,2009,16.0,-24.643,9.95732574679943,17.1974480172831,-0.5868187466598946,-0.4154319246510078,608.2021318798818,1526377,39.6716434222135,0.0,43.59574740992058,-0.6000195882960054,-0.414049260100126,2.5748,44.0
GNB,Guinea-Bissau,2010,16.0,-24.5147,10.668563300142248,14.9307329026999,-0.706150074995731,-0.4009186689914413,625.9040272905823,1566347,40.0095596313477,0.0,43.51458763854538,-0.7207968311942742,-0.39958776815237,2.7031,51.0
GNB,Guinea-Bissau,2011,16.0,-26.4469,10.668563300142248,13.2487755763413,-0.7128027892218034,-0.4103274495407695,658.9534705281158,1608076,40.4391136169434,0.0,48.61746020663734,-0.7244675187210258,-0.4091124089102982,2.7011,76.0
GNB,Guinea-Bissau,2012,16.0,-25.0564,10.668563300142248,17.1198567468218,-0.6555814363104067,-0.413716843323533,630.6686230282501,1651417,40.8686027526855,0.0,44.12806656097953,-0.6737841801810127,-0.4126090320697997,2.8104,59.0
GNB,Guinea-Bissau,2013,16.0,-13.862099999999998,10.668563300142248,16.9399233052409,-0.7746593895625498,-0.3975157595878189,634.0954560893521,1695973,41.2976379394531,0.0,39.957461780578654,-0.7866531958882271,-0.3964503902109336,2.8917,24.0
GNB,Guinea-Bissau,2014,16.0,-18.320099999999996,10.668563300142248,18.6987838921976,-0.7832067852407305,-0.397358353216042,623.6101591033649,1741122,41.7271995544434,0.0,46.86965830552377,-0.7985064340862918,-0.3963988957874619,2.7553,70.0
GNB,Guinea-Bissau,2015,16.0,-18.8388,10.668563300142248,19.8714177012089,-0.6660220889503428,-0.4095213807777517,645.0668372070388,1786457,42.1568145751953,1.9193857965451053,54.370375589128486,-0.6785984228630401,-0.4084939007203451,2.8965,63.0
GNB,Guinea-Bissau,2016,16.0,-15.299199999999999,11.19649359886202,18.7015046109056,-0.4789067901534652,-0.417902735791042,663.2426080320048,1831893,42.586109161377,1.9778481012658229,54.30067304747113,-0.4862941913167807,-0.416838009225554,2.9619,31.0
GNB,Guinea-Bissau,2017,16.0,-14.408700000000001,11.197869843527737,15.9857332638944,-0.4413507967827089,-0.4187127243830059,677.4661313113672,1877072,43.0155792236328,1.9778481012658229,56.913747593881105,-0.4515041950625155,-0.4176406352416097,2.8698,41.0
GNB,Guinea-Bissau,2018,16.0,-14.879199999999999,11.721330014224751,9.88886799180997,-0.4705102392758888,-0.4136913686442473,686.4568198395259,1922168,43.4449081420898,7.086614173228346,55.01958903570047,-0.4815206806208408,-0.4125708855427066,2.9734,25.0
GNB,Guinea-Bissau,2019,16.0,-14.659600000000001,13.04954480796586,9.94740073583492,-0.4413338982928631,-0.4143667974301829,706.2985628749851,1967696,43.8745574951172,7.086614173228346,49.94351013610168,-0.4525604800960767,-0.4131929486287555,3.0381,73.0
GNB,Guinea-Bissau,2020,16.0,-13.560300000000002,13.332553342816503,11.1515860354561,-0.3890292861013764,-0.4148643310053707,710.2751290601285,2013255,44.3038330078125,7.086614173228346,42.88538568815228,-0.4048791269246446,-0.4135926348452039,3.0457,71.0
GNB,Guinea-Bissau,2021,16.0,-17.0598,14.023997155049786,10.4285037712862,-0.3275063702488101,-0.4195032220079919,729.6270906075374,2058841,44.7334136962891,7.086614173228346,44.80945568319925,-0.3466695081588495,-0.4181657020153806,3.088,51.0
GNB,Guinea-Bissau,2022,16.0,-19.3993,13.79887624466572,,-0.2119493653277431,-0.3887386076091093,752.901123263165,2105529,45.1627159118652,,45.75849522528577,-0.2353241759592193,-0.3874145660359887,3.1454,79.0
GNB,Guinea-Bissau,2023,16.0,-19.395899999999997,14.065807254623044,,0.0042955970250296,-0.3956482751678596,779.085789155531,2153339,45.5923843383789,,40.474545289160936,-0.0226407387096203,-0.3943457406791316,3.1488,66.0
GNB,Guinea-Bissau,2024,16.0,,,,0.0675452381676426,,793.6921576737786,2201352,46.113204421822,,38.80658478900153,0.037112641596374,,3.1886,28.0
KEN,Kenya,1960,20.7,,6.149629265207154,,,,792.9580202073482,7695307,8.23352130661889,,64.76585106342321,,,,75.0
KEN,Kenya,1961,20.7,,6.149629265207154,,,,704.532413221054,7987770,8.43593866814932,,63.84712142843965,,,,65.0
KEN,Kenya,1962,20.7,,6.149629265207154,,,,742.214802683441,8299308,8.63407949596207,,62.162963148841065,,,,72.0
KEN,Kenya,1963,20.7,,6.149629265207154,,,,776.6140532038601,8627971,8.81534505126462,,60.995712320227334,,,,63.0
KEN,Kenya,1964,20.7,,6.149629265207154,,,,783.7772739029122,8973535,8.9723034255813,,62.601644090709804,,,,63.0
KEN,Kenya,1965,20.7,,6.149629265207154,,,,768.3120093452262,9338078,9.11698114874609,,62.0931711821468,,,,32.0
KEN,Kenya,1966,20.7,,6.149629265207154,,,,847.0284817932474,9717816,9.26227467484218,,63.284435767680236,,,,66.0
KEN,Kenya,1967,20.7,,6.149629265207154,,,,841.4490110835991,10111057,9.42108045795278,,57.837346660608816,,,,69.0
KEN,Kenya,1968,20.7,,6.149629265207154,,,,873.3963200938811,10518823,9.60629495216106,,58.69817098402714,,,,28.0
KEN,Kenya,1969,20.7,,6.149629265207154,,,,906.6361826084419,10939695,9.82929171820225,,57.617356244600174,,,,24.0
KEN,Kenya,1970,20.7,,6.149629265207154,3.26306923136184,,,831.8018192811214,11368791,10.1439264299252,,60.489644815422764,,,22.9345,58.0
KEN,Kenya,1971,20.7,,6.149629265207154,2.53763851676459,,,980.0294493692865,11788904,10.5964179687854,,63.82846301602796,,,23.3633,63.0
KEN,Kenya,1972,20.7,,6.149629265207154,2.35859435534908,,,1108.2271408500822,12206060,11.1579861872809,,55.31490831783151,,,24.0417,44.0
KEN,Kenya,1973,20.7,,6.149629265207154,3.37724169474772,,,1133.7482846760784,12634835,11.7970225025571,,56.062848684959576,,,24.4219,24.0
KEN,Kenya,1974,20.7,,6.149629265207154,3.30789046191383,,,1140.5525592046615,13070078,12.4819183317594,,74.57340435561422,,,24.745,76.0
KEN,Kenya,1975,20.7,,6.676740345082053,4.1821812587696,,,1113.0097763420758,13511671,13.1810650920333,,64.33526781983788,,,24.988,54.0
KEN,Kenya,1976,20.7,,6.676740345082053,3.69355964123342,,,1100.6565011535029,13957623,13.8628542005242,,64.20610897083104,,,25.3701,25.0
KEN,Kenya,1977,20.7,,6.676740345082053,5.03042248302547,,,1165.3686122247798,14428819,14.4956770743776,,66.55196515941716,,,26.141,72.0
KEN,Kenya,1978,20.7,,6.676740345082053,4.64496675586267,,,1203.7678771353055,14934126,15.0479251307389,,67.62354066145298,,,27.7546,50.0
KEN,Kenya,1979,20.7,,6.676740345082053,4.0543218660281,,,1251.319133301411,15460666,15.4844182465257,,57.36417474894859,,,29.5442,64.0
KEN,Kenya,1980,20.7,,6.676740345082053,4.14226305888722,,,1275.282697293549,16018459,15.8352387726023,,65.41679594076068,,,28.1473,54.0
KEN,Kenya,1981,20.7,,6.676740345082053,3.86834518982644,,,1276.9277878168862,16601507,16.16414108945,,64.28018575851394,,,27.9455,64.0
KEN,Kenya,1982,20.7,,6.676740345082053,5.75929620259564,,,1250.613969290679,17206175,16.4751642144151,,58.21573714764021,,,29.6475,60.0
KEN,Kenya,1983,20.7,,6.676740345082053,4.18452479134439,,,1221.5348589083392,17846374,16.7672965803142,,54.162705390729236,,,31.7671,71.0
KEN,Kenya,1984,20.7,,6.544962575113329,3.90902463795251,,,1198.0943724204596,18514906,17.0395266199639,,58.80389757806249,,,33.3442,75.0
KEN,Kenya,1985,20.7,,8.036686931159293,3.24872575951288,,,1204.9193236773626,19201768,17.2908427661806,,55.44543455316651,,,33.2701,52.0
KEN,Kenya,1986,20.7,,8.070070632884702,4.12050008278742,,,1245.988510253938,19901646,17.5202334517811,,55.74138559273695,,,34.4642,57.0
KEN,Kenya,1987,20.7,,8.179006922725515,3.90521260500912,,,1274.2208796161403,20616096,17.7266871095817,,47.702768005684845,,,34.7904,51.0
KEN,Kenya,1988,20.7,,8.577854306497523,3.91523138477284,,,1306.3643368350413,21356219,17.9091921723993,,49.97498209177025,,,36.6213,47.0
KEN,Kenya,1989,20.7,,9.264855747267807,4.18909110202926,,,1320.5077451989666,22118434,18.0668782773996,,53.15637722331799,,,38.0015,70.0
KEN,Kenya,1990,20.7,,8.767614295252486,4.96389860679158,-0.0544268375844025,0.5031133509866376,1329.3331276623214,22892651,18.1962956954221,92.85935085007728,57.02091368172687,-0.0504564437926996,0.5034304270624202,38.4578,44.0
KEN,Kenya,1991,20.7,,8.955617247074533,5.19874848671587,-0.1007924710891186,0.516975712410195,1305.464157014472,23646514,18.2983212940893,95.34071054164241,55.59769922436536,-0.100438843896433,0.5172260427659532,37.6048,73.0
KEN,Kenya,1992,20.7,,9.298239448993218,5.37781135950975,-0.087942588447149,0.5401435031418804,1255.9387062235876,24382460,18.3803510644475,95.71303587051618,52.93087010382862,-0.0899079554103244,0.5403631719077044,38.0086,32.0
KEN,Kenya,1993,20.7,,8.89060688055663,6.7714107829261,-0.2157466979117114,0.551191825078226,1223.5061672576217,25117188,18.4500145151536,96.37721238938053,72.8584813635643,-0.2173186884922373,0.5513500501959705,38.4024,76.0
KEN,Kenya,1994,20.7,,9.579365358259832,6.33779772077113,-0.3241320560492752,0.55720481844673,1219.7841113304978,25857130,18.5149411548647,94.26386233269598,71.26612522931075,-0.3266399142901914,0.557292256831865,38.95,22.0
KEN,Kenya,1995,20.7,,9.554766841199001,7.28624749698591,-0.3242877132389089,0.577161945739298,1237.8825046767492,26601751,18.5827604922377,89.30741190765492,71.74574164030346,-0.3255594825659911,0.5771325322419079,39.5748,61.0
KEN,Kenya,1996,20.7,,8.207119513652177,5.49076257603273,-0.3572305569188156,0.6006333787349927,1254.2102524867375,27344211,18.6611020359295,89.93491399349139,57.312110703810184,-0.3572658742839504,0.6005399938574844,38.7357,71.0
KEN,Kenya,1997,20.7,,8.458375795059213,4.73298218305284,-0.3336102457501804,0.6210793333853277,1226.195421133367,28101768,18.7575952945971,83.04521276595744,54.057116860289256,-0.3328887728220981,0.6209147222549478,38.6541,67.0
KEN,Kenya,1998,20.7,,8.21941877218259,4.53439348314472,-0.333297238234046,0.6350872351587238,1232.0665810663545,28888057,18.8798697768976,81.4894532931554,48.89724194007533,-0.3313025092843666,0.6348341272562686,39.6303,73.0
KEN,Kenya,1999,20.7,,8.953860210141617,3.26870720401928,-0.3785944900196819,0.5494626165088803,1224.6340463988631,29733408,19.0288523643308,66.08226567768037,48.19227498890953,-0.3764813212096782,0.5463938448816964,42.4108,28.0
KEN,Kenya,2000,20.7,42.6276,8.59366763889377,3.31396754858766,-0.3358069961901961,0.3847209251898367,1195.41296851656,30642890,19.4553832211834,59.098229867863374,53.309044386227335,-0.3337757425166592,0.390812918741605,41.3838,42.0
KEN,Kenya,2001,20.7,43.5562,9.01008539199494,3.14162066789234,-0.1572967198497215,0.3946951500169784,1202.293487599874,31619170,20.4416297068833,53.16422547714159,55.94683602866438,-0.1612118082632817,0.4016432744947986,42.3124,46.0
KEN,Kenya,2002,20.7,47.1958,8.945075025477035,3.73954391156623,-0.0257885994341199,0.327121206498792,1171.426251734903,32629808,21.8586568137501,70.32726883561644,55.17267226400534,-0.0300921207626549,0.3350951664068032,44.7083,63.0
KEN,Kenya,2003,20.7,49.771899999999995,9.041712056787434,5.08542139634021,0.0702717432147088,0.3489816208442707,1169.1443367405077,33652223,23.563889811899,77.44544725230645,54.132265895729034,0.0721098376971996,0.360564838071485,46.0406,59.0
KEN,Kenya,2004,20.7,55.3861,9.238500193274064,4.12367812938474,0.05622318754455,0.4101724782576037,1191.2544360455595,34713455,25.4147539714454,76.14427395209582,59.47700334842886,0.055747264268887,0.4254935252331847,50.411,63.0
KEN,Kenya,2005,20.7,59.117,9.24904241487156,4.07693603995981,0.0773105685126693,0.3683631777885847,1223.4473847201932,35796484,27.2686745625048,71.3124343257443,64.47886616397959,0.0723059008016361,0.3849652361306639,52.8981,44.0
KEN,Kenya,2006,20.7,59.97239999999999,9.329866113785712,2.95041850869952,0.0789505655270837,0.3657046553292483,1263.5416466621134,36904008,28.9830768551925,71.12855254461336,55.23648512573032,0.0727347462562158,0.3826957018807602,51.6324,58.0
KEN,Kenya,2007,20.7,81.43469999999999,9.312295744456549,3.63389849443088,0.1828623084346947,0.3735451171205787,1309.9109294821587,38036349,30.4153861196239,70.56044971507778,53.89478880460585,0.1772906608118455,0.394061370892706,71.4349,37.0
KEN,Kenya,2008,20.7,87.83709999999999,9.312295744456549,3.63886873395414,0.2605560932133576,0.405484872401157,1273.7722610307271,39206351,31.4230276259143,67.14216649040641,57.57859864731311,0.2560041353075882,0.4309408942829272,76.1789,38.0
KEN,Kenya,2009,20.7,88.47,9.663703131039815,3.24572373518734,0.1494560493152177,0.4138942090219464,1276.7350348607429,40408891,31.8603086707305,59.71184679334917,45.945191812780514,0.1448106391462117,0.4420822361893189,75.1535,50.0
KEN,Kenya,2010,20.7,93.7125,9.757510102962364,2.67307931109746,0.0036887209619066,0.3831195780949732,1340.164674088561,41598567,31.8713287706458,62.7448651669694,50.394287350283385,-0.0045583502216791,0.4088537058432238,78.7376,69.0
KEN,Kenya,2011,20.7,94.0543,10.672752574059107,2.9431872828815,0.0966756474888492,0.4392710196730613,1370.58000874482,42758461,31.8673949025409,67.81649831649833,58.40220597456249,0.0913635147089634,0.4625180431862613,79.5436,71.0
KEN,Kenya,2012,20.7,92.4476,11.22974224268194,2.90888320855534,0.0777910040516038,0.4466416742656952,1396.301787097564,43888303,31.8558130142761,72.62341732480883,51.62369202324807,0.073792294877785,0.4654840575816452,77.9369,57.0
KEN,Kenya,2013,20.7,92.3917,11.313002424710968,2.66940200706872,0.0379578361436873,0.4616652158864831,1413.9414252258257,44986791,31.8324454433988,73.46679009488545,47.46464251273036,0.0366228982271357,0.4816327731786232,77.881,55.0
KEN,Kenya,2014,20.7,98.2999,11.228025617598481,2.64310943602707,-0.0324357173046932,0.4782922548616908,1450.5933820227672,46051440,31.7931545274563,77.16175671268616,46.17048936221598,-0.0333033690159547,0.497164816262898,79.97,51.0
KEN,Kenya,2015,20.7,103.9643,11.135635940749372,2.70967011611946,-0.0639113194855886,0.4968807304672653,1489.1195977728398,47088526,31.7338026039958,85.64064907055561,40.3273846919019,-0.0675275234435096,0.5153598377422275,82.1334,58.0
KEN,Kenya,2016,20.7,113.7697,11.32732189621153,2.65839831359762,-0.0087012677766077,0.5734413257199642,1517.97796057742,48139687,31.6502520105647,83.5605809533093,34.86501957318242,-0.0134393562892693,0.5844009461713887,88.4378,61.0
KEN,Kenya,2017,20.7,114.3775,10.686265055547475,2.31435620783369,0.0211336908903875,0.5618409954315149,1542.3377397337213,49197766,31.5383650847102,81.46698204286542,35.99505787540744,0.013930922889942,0.5762213725933377,85.5445,57.0
KEN,Kenya,2018,20.7,116.9503,11.400460548505436,1.36132463517161,0.0986022262189485,0.59013153212891,1596.6904591494501,50207107,31.3940041639796,79.39644027273532,34.41475317674248,0.0878388150877118,0.6082284759463741,88.4354,28.0
KEN,Kenya,2019,20.7,131.88670000000002,11.456083804289106,1.22718421158535,0.2132881808199183,0.5941630683104729,1645.7096177786214,51202827,31.1895566421135,81.58532364139842,31.759461841481023,0.202084143770712,0.6145099515401768,97.2202,62.0
KEN,Kenya,2020,20.7,149.034,11.417506446725405,1.26881196888613,0.2183806803040188,0.5232833649408413,1609.334140782809,52217334,31.2063494632616,83.15806589644843,30.39913878304108,0.203908501340871,0.5479305310766156,108.5772,30.0
KEN,Kenya,2021,20.7,147.1635,11.417506446725405,1.22792857770901,0.2397884678444355,0.4557475326284728,1698.8957827144363,53219166,31.2879334021971,78.08217517776342,35.0020477795269,0.2250650282677026,0.4809851185303136,102.1602,77.0
KEN,Kenya,2022,20.7,152.0014,11.417506446725405,,0.2155987884778782,0.5534697767440719,1747.5319880442844,54252461,31.4307820066946,,40.2753238373561,0.2009654146545028,0.5866621505456762,105.1551,47.0
KEN,Kenya,2023,20.7,147.42239999999998,11.417506446725405,,0.1851610574845665,0.4854382027955864,1811.2165183842499,55339003,31.6330340816429,,41.11109041673956,0.1724314241092355,0.524268767053441,100.5761,42.0
KEN,Kenya,2024,20.7,147.42239999999998,,,0.1710081616772741,,1860.0228704777599,56432944,31.8937831721599,,40.18601399687559,0.1603684640443635,,102.8362,70.0
LSO,Lesotho,1960,5.23,,11.791831357048748,,,,262.7404304778956,736500,3.65841406461029,,50.20242914979757,,,,32.0
LSO,Lesotho,1961,5.23,,11.791831357048748,,,,259.76624482217863,758824,4.24218196844057,,58.03921568627452,,,,68.0
LSO,Lesotho,1962,5.23,,11.627140974967062,,,,290.7832964231727,781814,4.85539105687054,,62.207357859531776,,,,68.0
LSO,Lesotho,1963,5.23,,11.627140974967062,,,,312.24114521582254,805373,5.47257375763996,,65.77380952380952,,,,79.0
LSO,Lesotho,1964,5.23,,11.693017127799736,,,,328.19819128761077,829437,6.06826249848857,,64.95956873315365,,,,33.0
LSO,Lesotho,1965,5.23,,11.693017127799736,,,,325.59053888523675,854090,6.61698970715613,,68.87755102040816,,,,21.0
LSO,Lesotho,1966,5.23,,11.857707509881422,,,,314.0552856970699,881870,7.10204280897603,,67.4074074074074,,,,31.0
LSO,Lesotho,1967,5.23,,11.857707509881422,,,,336.0870748096299,913982,7.5899025441981,,68.74557051736357,,,,72.0
LSO,Lesotho,1968,5.23,,12.02239789196311,,,,322.8016164091117,948105,8.12344466915734,,67.21348826611985,,,,77.0
LSO,Lesotho,1969,5.23,,12.02239789196311,,,,316.0958377428964,983202,8.67535094591858,,65.15280135823429,,,,58.0
LSO,Lesotho,1970,5.23,,12.121212121212121,9.26379655722695,,,311.5476359746264,1019273,9.22348907359089,,61.099796334012225,,,1.9077,55.0
LSO,Lesotho,1971,5.23,,11.857707509881422,7.05289833516462,,,316.0161659099062,1056246,9.74572675128337,,67.64168190127971,,,1.8124,47.0
LSO,Lesotho,1972,5.23,,11.693017127799736,7.42476917202812,,,304.4744126535212,1094063,10.2199316781051,,85.20900321543408,,,1.769,30.0
LSO,Lesotho,1973,5.23,,11.693017127799736,8.33692950103936,,,371.7433655020699,1132697,10.6239715531652,,82.04518430439953,,,1.7468,71.0
LSO,Lesotho,1974,5.23,,11.693017127799736,7.23589943349907,,,398.58305072590724,1172420,10.9357140755726,,90.73170731707317,,,1.8053,30.0
LSO,Lesotho,1975,5.23,,12.25296442687747,10.646182534683,,,333.01164791661415,1213643,11.1330269444366,,118.44484629294756,,,1.8569,34.0
LSO,Lesotho,1976,5.23,,11.693017127799736,9.38504487743833,,,358.1296670503749,1253214,11.1985630223217,,156.54205607476635,,,1.8338,69.0
LSO,Lesotho,1977,5.23,,9.486166007905137,13.6561537200762,,,423.8053541299322,1289967,11.2125928517642,,124.33075550267698,,,1.6966,41.0
LSO,Lesotho,1978,5.23,,9.519104084321475,9.87909486913814,,,487.3514555883247,1327240,11.2236685637463,,107.85159620362381,,,1.7177,27.0
LSO,Lesotho,1979,5.23,,10.046113306982871,8.20050459398831,,,487.1660450822896,1366169,11.2316439031188,,145.72247237003683,,,1.7966,35.0
LSO,Lesotho,1980,5.23,,9.617918313570488,6.97611464107901,,,460.2016172823168,1406521,11.2376366856488,,131.09193692353466,,,1.9043,54.0
LSO,Lesotho,1981,5.23,,9.81554677206851,6.3159669361137,,,450.1025262889636,1448069,11.2427647271037,,136.29921259842519,,,1.9167,42.0
LSO,Lesotho,1982,5.23,,9.486166007905137,11.3295324002463,,,456.70895712651975,1490732,11.2481458432507,,,,,1.9449,27.0
LSO,Lesotho,1983,5.23,,9.321475625823451,6.61350664449735,,,452.5203317291166,1534413,11.254897849857,,,,,1.9129,23.0
LSO,Lesotho,1984,5.23,,9.782608695652174,7.05472134673556,,,464.08569376449896,1578986,11.2641385626898,,,,,1.891,66.0
LSO,Lesotho,1985,5.23,,10.013175230566535,6.13232608063174,,,462.89217229415476,1624379,11.2769857975165,,,,,1.9714,21.0
LSO,Lesotho,1986,5.23,,9.4532279314888,8.63553870262351,,,472.4328559571615,1666138,11.3025176541181,,,,,2.0,76.0
LSO,Lesotho,1987,5.23,,10.737812911725955,6.56393720871233,,,465.473147313833,1703390,11.4625666178279,,,,,2.2951,21.0
LSO,Lesotho,1988,5.23,,11.16600790513834,6.18328873229751,,,494.92189148357915,1739841,11.8017138472364,,,,,2.2176,42.0
LSO,Lesotho,1989,5.23,,9.914361001317523,5.85725208752486,,,513.1063028899493,1775436,12.2854805685212,,,,,2.1511,29.0
LSO,Lesotho,1990,5.23,,10.44137022397892,3.89898101233072,-0.097419359465988,0.3103024884588529,533.8249641939992,1809696,12.882508296282,,,-0.0951421941128618,0.3305405262162816,2.1286,51.0
LSO,Lesotho,1991,5.23,,10.507246376811594,3.50157419046867,-0.1540455733697013,0.2825426550706354,560.884905718596,1842379,13.5614385451186,,,-0.1544994206822737,0.2963054491099155,2.1716,40.0
LSO,Lesotho,1992,5.23,,10.935441370223979,3.07930325129961,-0.2055618204136311,0.3992640894193555,590.0082120924852,1873274,14.2909128296309,,,-0.2060873579777719,0.4001582323598961,2.3348,46.0
LSO,Lesotho,1993,5.23,,10.869565217391305,2.4470504390108,-0.1918990975024076,0.3525023858191091,601.5579141315403,1901793,15.0395726644187,,,-0.1907964417854653,0.352992369220589,2.2957,61.0
LSO,Lesotho,1994,5.23,,10.704874835309617,2.92280695099856,-0.2010861678387691,0.3771705076127039,628.9600512272008,1927707,15.7760595640817,,,-0.1998629901957571,0.3775174807151623,2.2417,55.0
LSO,Lesotho,1995,5.23,,10.540184453227932,4.06747678186792,-0.2004757694761644,0.4003388959017385,641.758711944969,1951437,16.4690150432199,,,-0.1981218223906759,0.3982952570985704,2.1947,76.0
LSO,Lesotho,1996,5.23,,10.606060606060606,4.42866982662492,-0.197590742503422,0.3894981058853939,670.4695817741547,1972418,17.0902459734706,,,-0.2000924605215437,0.3854192122752184,2.1124,29.0
LSO,Lesotho,1997,5.23,,10.704874835309617,4.03080585288478,-0.1249180622093368,0.3566511732076313,689.8062184550046,1988130,17.6629117791702,,,-0.1307020202824771,0.3548669821576729,2.1919,62.0
LSO,Lesotho,1998,5.23,,10.704874835309617,4.62753146057726,-0.0580073148387198,0.2834538939998272,696.9359739377529,1998049,18.2204915806807,,,-0.070476854823972,0.282770524720073,1.9445,42.0
LSO,Lesotho,1999,5.23,,10.704874835309617,3.37253238663395,-0.1437850401357414,0.2201524857625764,698.4410871820664,2003234,18.7718543941527,,,-0.1522636162343475,0.2273064068806048,2.5311,45.0
LSO,Lesotho,2000,5.23,10.206,10.869565217391305,3.45870923985656,-0.3492192580234692,0.2398059432502414,725.2636687077727,2003913,19.3273988558381,99.89684844865496,,-0.3569445173503371,0.2467326243657228,2.668,64.0
LSO,Lesotho,2001,5.23,10.219100000000001,10.869565217391305,3.61294719864822,-0.3277703507085945,0.2932863563729048,752.243212493971,2000853,19.8975236019886,99.89792355011147,,-0.3423359182728591,0.3006200605605942,2.6811,66.0
LSO,Lesotho,2002,5.23,10.0836,9.881422924901186,4.64972989607064,-0.0054695244005285,0.2905356489437767,760.0334431803064,1994679,20.4926272688562,99.9047833821945,,-0.020819831701481,0.3011368699307693,2.5456,62.0
LSO,Lesotho,2003,5.23,10.1197,9.881422924901186,5.46817367450901,-0.0318335915027604,0.3482347314041887,798.5405005544542,1985059,21.1231084926925,99.90718124084026,,-0.0404000132648613,0.3566383831686758,2.5817,30.0
LSO,Lesotho,2004,5.23,10.113,10.210803689064559,3.85504573954824,0.0267344687353218,0.4058597457693325,817.7935978971864,1971129,21.7993659097494,99.906221465413,,0.0177407485521115,0.4130550264736053,2.575,60.0
LSO,Lesotho,2005,5.23,10.862100000000002,10.638998682476943,3.46065787841255,0.0829962573990211,0.4585256209142211,853.9605006297973,1953076,22.5317981562788,99.91715718334423,,0.0767871240971598,0.4662607574764,2.7451,42.0
LSO,Lesotho,2006,5.23,10.5089,9.980237154150199,3.06843905736909,0.0721362240943782,0.4118083433893613,893.7506866271556,1945063,23.3329886243114,99.92135598832758,,0.0660130143130729,0.4198427905015777,2.7029,73.0
LSO,Lesotho,2007,5.23,10.4284,10.704874835309617,5.0525676359588,0.0551570319520742,0.4637716554908954,927.2686332734197,1953268,24.2187949905661,99.9253408778341,165.04894883337195,0.0505316815670128,0.468411827713262,2.8394,70.0
LSO,Lesotho,2008,5.23,9.9513,11.791831357048748,5.45904125705999,-0.0314069561370108,0.4664914719672352,971.8813668213514,1966541,25.1966303659683,99.92475396526801,161.12659059339077,-0.0344646277008462,0.467471681369213,2.7033,24.0
LSO,Lesotho,2009,5.23,9.8515,11.03425559947299,5.90302783789186,-0.1215710848846438,0.5455401677785374,952.7479297465286,1980883,26.2591028264855,99.9250389600142,158.89473758563747,-0.123408398921576,0.5477690478653577,2.8015,42.0
LSO,Lesotho,2010,5.23,10.2969,10.606060606060606,3.93439968984273,-0.1105237672918221,0.6133801944036789,995.2334324516809,1996251,27.4004815007995,99.92433293508563,150.10243548733274,-0.1185963435738282,0.6168904611474946,2.8069,48.0
LSO,Lesotho,2011,5.23,10.3336,10.144927536231885,3.88951380908295,0.0455280181449384,0.6705878020889484,1031.997215643429,2014009,28.6150355175921,99.92261638089032,149.79660669915336,0.0400560963825956,0.6722046421757174,2.8436,55.0
LSO,Lesotho,2012,5.23,10.3968,9.26548089591568,4.7058759222187,0.1724357214747829,0.6419679530068008,1086.390348162832,2034354,29.8970340055453,99.92196484310827,150.2085753584383,0.166346441369905,0.642148532552015,2.9068,31.0
LSO,Lesotho,2013,5.23,10.3003,8.171936758893281,5.10158145699247,0.3083940154731412,0.5145034575220782,1093.9532348927173,2056504,31.2407460933407,99.92653739826396,133.36548975517047,0.3039125600267712,0.5166707826562049,2.8103,47.0
LSO,Lesotho,2014,5.23,10.3081,8.969038208168643,5.59052228450031,0.4013138760712185,0.4541123658053356,1100.049936842151,2080089,32.6404409096604,99.92727690276156,126.29247536057804,0.3954017304186701,0.457271036691943,2.8181,77.0
LSO,Lesotho,2015,5.23,10.2746,7.213438735177865,6.21135692867531,0.3489233755990408,0.3673086855421705,1121.1985134251822,2104611,34.0903875831861,99.92892014739716,129.72277308286698,0.3440764463939774,0.375042809680672,2.7846,32.0
LSO,Lesotho,2016,5.23,10.311,11.594202898550725,7.27012601835192,0.4278021993581692,0.3185959083831425,1147.5874880167062,2130422,35.5077950709441,99.92582181619427,136.3152477417604,0.4224082813375637,0.3223191779920048,2.821,36.0
LSO,Lesotho,2017,5.23,10.5214,13.81422924901186,6.29773888103094,0.2322204729208081,0.3208660028773009,1097.821668127518,2157110,36.5283648068846,99.880810488677,146.36677132949362,0.2236500943985973,0.3285033956831727,3.0314,34.0
LSO,Lesotho,2018,5.23,10.4197,14.318181818181818,3.60958084633478,0.0978838959345959,0.3204481453505058,1068.444629133729,2183603,37.569092747415,99.88015618355433,144.434955465602,0.104015806903817,0.3336060005044487,2.9297,72.0
LSO,Lesotho,2019,5.23,10.3019,4.953886693017128,3.73425482845294,0.1055304295261362,0.475917372247817,1040.9935101411727,2209405,38.6040920446259,99.86512965366313,140.5166334916798,0.1109114753399558,0.4752682432745282,2.8119,47.0
LSO,Lesotho,2020,5.23,9.9649,11.376811594202898,4.55548495060365,0.0019338187246027,0.4836759849167095,944.8341283754287,2235727,39.6329305425532,99.878396707357,141.0966050629983,0.0109030135971413,0.4828743270408207,2.4749,62.0
LSO,Lesotho,2021,5.23,10.1114,7.424242424242425,4.31788190525398,0.0316263266234071,0.4540516149662523,955.221236301503,2261542,40.6551760851997,99.7862526718416,139.1864794654067,0.0363194723087636,0.4531303117205722,2.6214,28.0
LSO,Lesotho,2022,5.23,10.4015,8.93939393939394,,-0.1446396916409837,0.4696539028783113,967.5192859832496,2286110,41.6703965165322,,142.37398107422882,-0.132841014509236,0.4687649353131545,2.9115,24.0
LSO,Lesotho,2023,5.23,10.561,11.750592885375493,,-0.1597236450452373,0.4625409064940072,974.3824781497932,2311472,42.6781596804785,,141.51375589724964,-0.1439267084984463,0.4616297989615914,3.071,52.0
LSO,Lesotho,2024,5.23,,,,-0.189755842477041,,991.069661910744,2337423,43.6780334209246,,,-0.1690918328710496,,3.055,25.0
LBR,Liberia,1960,200.0,,3.9244186046511627,,,,2444.314695267568,1139522,18.5915235768282,,,,,,27.0
LBR,Liberia,1961,200.0,,3.9244186046511627,,,,2443.496594801311,1167717,19.248108845249,,,,,,71.0
LBR,Liberia,1962,200.0,,3.9036544850498336,,,,2415.6926604190517,1197039,19.9247802177828,,,,,,42.0
LBR,Liberia,1963,200.0,,3.9036544850498336,,,,2409.4954202823037,1227414,20.6389939801611,,,,,,41.0
LBR,Liberia,1964,200.0,,3.8725083056478407,,,,2470.567914465236,1258745,21.3690176711614,,,,,,49.0
LBR,Liberia,1965,200.0,,3.8725083056478407,,,,2524.011734216279,1291156,22.116057146124,,,,,,36.0
LBR,Liberia,1966,200.0,,3.8413621262458473,,,,2650.2259571657532,1324383,22.8795299372063,,,,,,56.0
LBR,Liberia,1967,200.0,,3.8413621262458473,,,,2758.089768757353,1358435,23.658853576566,,,,,,22.0
LBR,Liberia,1968,200.0,,3.820598006644518,,,,2816.8466468334946,1393530,24.4534455963608,,,,,,67.0
LBR,Liberia,1969,200.0,,3.820598006644518,,,,2945.8900421661756,1429605,25.2627235287481,,,,,,21.0
LBR,Liberia,1970,200.0,,3.799833887043189,,,,3062.7601267005207,1466676,26.0861049058858,,,,,1.6127,46.0
LBR,Liberia,1971,200.0,,3.799833887043189,,,,3133.0879424640502,1504077,26.9230072599313,,,,,1.6333,21.0
LBR,Liberia,1972,200.0,,3.799833887043189,,,,3181.1874591836363,1542670,27.7728481230422,,,,,1.6602,37.0
LBR,Liberia,1973,200.0,,3.799833887043189,,,,3029.076987742117,1583588,28.6350450273763,,,,,1.7189,54.0
LBR,Liberia,1974,200.0,,3.799833887043189,,,,3089.60241101354,1626362,29.5242558741251,,,,,1.7887,40.0
LBR,Liberia,1975,200.0,,3.799833887043189,,,,2902.917062118266,1670913,30.4830838449125,,,,,1.8248,43.0
LBR,Liberia,1976,200.0,,3.799833887043189,,,,2974.922352275757,1717060,31.5220573773807,,,,,1.8804,67.0
LBR,Liberia,1977,200.0,,3.8517441860465116,,,,2938.3808063932,1766019,32.6059167539197,,,,,2.0461,68.0
LBR,Liberia,1978,200.0,,3.8517441860465116,,,,2991.431529732625,1818247,33.7062311029961,,,,,2.0791,40.0
LBR,Liberia,1979,200.0,,3.8517441860465116,,,,2999.2530715785633,1872713,34.7945695530767,,,,,2.3341,49.0
LBR,Liberia,1980,200.0,,3.8517441860465116,,,,2792.036997895226,1929253,35.8425012326281,,,,,2.298,68.0
LBR,Liberia,1981,200.0,,3.8517441860465116,,,,2653.146250452036,1986867,36.8215952701168,,,,,2.1258,47.0
LBR,Liberia,1982,200.0,,3.8932724252491697,,,,2514.921321623837,2045073,37.7034207940095,,,,,2.0812,71.0
LBR,Liberia,1983,200.0,,3.9451827242524917,,,,2394.5743780407306,2107113,38.4595469327728,,,,,2.1851,71.0
LBR,Liberia,1984,200.0,,3.9451827242524917,,,,2272.711540241109,2173312,39.0874764959255,,,,,2.0776,65.0
LBR,Liberia,1985,200.0,,3.9451827242524917,,,,2185.9280976745245,2240539,39.5066909790039,,,,,2.0935,75.0
LBR,Liberia,1986,200.0,,4.049003322259137,,,,2085.9528821942063,2308511,36.7412033081055,,,,,1.9589,67.0
LBR,Liberia,1987,200.0,,4.049003322259137,,,,2005.3657595450045,2377229,40.7482147216797,,,,,2.0148,50.0
LBR,Liberia,1988,200.0,,4.152823920265781,,,,1908.453040515819,2446941,41.3213653564453,,,,,2.2924,55.0
LBR,Liberia,1989,200.0,,4.152823920265781,,,,1360.0804912340534,2517858,41.8659858703613,,,,,2.0537,29.0
LBR,Liberia,1990,200.0,,3.6337209302325584,,-0.2497086449482925,,754.1340094623839,2223667,43.3351173400879,,,-0.25342927962605,,1.8086,72.0
LBR,Liberia,1991,200.0,,3.6337209302325584,,-0.4300007618670988,,735.1806586581566,1956518,58.0,,,-0.4407829467689985,,1.5865,53.0
LBR,Liberia,1992,200.0,,3.6337209302325584,,-0.4239288236030059,,450.53867769180846,2072461,56.436256072998,,,-0.4329009532312188,,1.4742,73.0
LBR,Liberia,1993,200.0,,3.6337209302325584,,-0.4624842141490615,,290.3889202336594,2155126,52.7073282470703,,,-0.4705772710766606,,1.365,72.0
LBR,Liberia,1994,200.0,,3.6337209302325584,,-0.4779856611078862,,227.7427760217882,2149928,48.256672454834,,,-0.4860881272733691,,1.3269,65.0
LBR,Liberia,1995,200.0,,3.6337209302325584,,-0.507597680223602,,216.09355461451295,2169162,44.5277446289062,,,-0.5151690499418994,,1.3566,53.0
LBR,Liberia,1996,200.0,,3.6337209302325584,,-0.5515757892648568,,235.43505824851152,2232289,42.9640007019043,,,-0.5582022571950122,,1.4596,27.0
LBR,Liberia,1997,200.0,,3.8413621262458473,,-0.4853000921933179,,449.28605861696394,2412989,43.0233158123711,,,-0.4863616244506994,,1.5918,31.0
LBR,Liberia,1998,200.0,,3.9451827242524917,,-0.5590566128604352,,528.670341826706,2670124,43.189424629289,,,-0.5595065275432479,,1.7693,23.0
LBR,Liberia,1999,200.0,,4.152823920265781,,-0.6267903452522393,0.4479952246054679,609.0409032587052,2821684,43.4445723809339,,,-0.6271487158004622,0.4084068010486266,1.955,39.0
LBR,Liberia,2000,200.0,-18.314300000000003,4.152823920265781,17.8409546807596,-0.7352234060240409,0.9108576543511532,754.8509173609513,2928117,43.7710042955819,26.269222666947545,,-0.7342994033566095,0.851307236292381,2.1897,72.0
LBR,Liberia,2001,200.0,-18.2741,4.152823920265781,17.2522953084162,-0.8409434828228436,0.4193077678058609,754.4223557620167,3015338,44.1509656015089,26.269222666947545,,-0.8365305292752482,0.4213075651351661,2.2299,43.0
LBR,Liberia,2002,200.0,-18.224500000000003,4.152823920265781,23.8997704226428,-0.9592575959693016,0.3931109726703787,762.7163939270637,3094782,44.566701526991,26.269222666947545,,-0.954407502468817,0.3950580497862046,2.2795,79.0
LBR,Liberia,2003,200.0,-18.1398,4.152823920265781,34.1776687503452,-0.8729389795387651,0.3438248679817243,528.5673955434206,3119532,45.0004573003041,26.269222666947545,,-0.8801554757878339,0.3456366270289375,2.3642,71.0
LBR,Liberia,2004,200.0,-18.0359,4.152823920265781,19.7880546295418,-0.9003479714827182,0.2885782389697963,535.9958820662179,3156892,45.4344781497244,25.464570144986727,,-0.9111762125246696,0.2902340206433297,2.4681,76.0
LBR,Liberia,2005,200.0,-17.7999,4.152823920265781,20.0544068144487,-0.7704279520584366,0.2605075141088357,539.6653788419359,3301015,45.8510093035277,25.464570144986727,,-0.7772150415634181,0.2619391032342384,2.7041,31.0
LBR,Liberia,2006,200.0,-17.5191,4.152823920265781,17.6485875136497,-0.8197412833119723,0.1891830482355125,551.3774466118523,3490787,46.2322959899902,25.464570144986727,,-0.8298761723195912,0.1904088732268304,2.9849,41.0
LBR,Liberia,2007,200.0,-17.62,4.152823920265781,21.5770270088301,-0.9083990968310274,0.1284947668371775,574.6093943485428,3669050,46.6104850769043,24.227705459490966,,-0.922679437330963,0.1295409114309318,2.884,22.0
LBR,Liberia,2008,200.0,-17.6121,4.464285714285714,21.7673829953965,-0.962343901285747,0.0658897676685501,591.1853781419074,3821003,47.1080497871025,24.227705459490966,,-0.9786387210483862,0.0668193637029125,2.8919,31.0
LBR,Liberia,2009,200.0,-17.4373,4.879568106312292,22.0777491215739,-0.8111248189154451,0.0126415165460778,603.2562110776055,3943028,47.6245255922562,24.227705459490966,,-0.8205101880644287,0.0134378476336413,3.0667,31.0
LBR,Liberia,2010,200.0,-17.1082,4.983388704318937,18.3646624868945,-0.7237694293766076,0.17543826605243,621.7832950715754,4058890,48.1407517057907,22.207387627948375,,-0.735925481261141,0.1608818064794611,3.3958,73.0
LBR,Liberia,2011,200.0,-16.9398,5.191029900332226,23.2729658968842,-0.7383953025512894,0.1255696199320729,646.9087270165967,4221178,48.6583302770849,21.51789564467443,,-0.7524300492930632,0.1091161074307562,3.5642,67.0
LBR,Liberia,2012,200.0,-16.7926,5.191029900332226,26.7116015359801,-0.7144548610396309,0.0311156670867669,674.360011422232,4373043,49.1773247639526,21.551724137931032,,-0.729100730442286,0.0112537805385552,3.7114,60.0
LBR,Liberia,2013,200.0,-16.791600000000003,5.191029900332226,28.3711783328734,-0.7500951500669368,-0.2296113500350773,717.0072803589749,4470239,49.6977986242077,21.278585394882256,,-0.7627655314719828,-0.2325163983000007,3.7124,47.0
LBR,Liberia,2014,200.0,-16.3972,5.191029900332226,26.1806367790867,-0.6362517226643749,-0.2900877287808778,707.157694930142,4564293,50.2198153156642,21.552016265672652,,-0.6509409441315366,-0.2942000446758467,4.1068,32.0
LBR,Liberia,2015,200.0,-16.2151,5.191029900332226,19.4462580281234,-0.472122159114224,-0.3123590465775136,692.590082351257,4659431,50.7434382961363,21.5653057767237,,-0.4839413707214566,-0.3168131344948086,4.2889,70.0
LBR,Liberia,2016,200.0,-15.994600000000002,5.191029900332226,20.1143619477823,-0.4798254859409157,-0.338510433364682,668.0315131756014,4755608,51.2687310234384,20.724801812004532,,-0.4839598155143371,-0.3439832718474075,4.5094,30.0
LBR,Liberia,2017,200.0,-16.1686,5.191029900332226,21.3240563239483,-0.5519087990237405,-0.3014201284279492,671.2608998353553,4848925,51.7957569553849,57.37647877522617,,-0.5502924853832758,-0.3070078610557724,4.3354,68.0
LBR,Liberia,2018,200.0,-16.6921,5.191029900332226,14.0250297312743,-0.7069289424597058,-0.2905499083692904,665.8754396371369,4944726,52.3245795497906,57.420924574209245,,-0.7014033719685977,-0.2971267473644117,3.8119,28.0
LBR,Liberia,2019,200.0,-16.1703,5.191029900332226,14.2604895547102,-0.8356227258343977,-0.283427678754873,636.6993848248694,5043721,52.85526226447,57.420924574209245,,-0.8215805555245277,-0.2909131861868738,4.3337,29.0
LBR,Liberia,2020,200.0,-16.2935,5.191029900332226,17.4661654481066,-0.95753964571122,-0.2409298121012523,605.025475431411,5149463,53.3878685572381,57.420924574209245,,-0.934787339939612,-0.2489474949203658,4.2105,60.0
LBR,Liberia,2021,200.0,-16.2937,5.191029900332226,21.9156000871056,-0.9895992213261596,0.0369685765429651,621.9279830634256,5259323,53.9224618859098,57.420924574209245,,-0.9636280155529076,0.0366632068894052,4.2103,78.0
LBR,Liberia,2022,200.0,-16.136300000000002,5.191029900332226,,-1.021312205582974,0.0586447317313078,638.0051838582892,5373294,54.4591057083,,,-0.9908184804528144,0.0583548385101955,4.3677,35.0
LBR,Liberia,2023,200.0,-16.0914,5.191029900332226,,-0.5571053128970491,0.0518331794151533,653.3291883431617,5493031,54.997863482224,,,-0.5529788531575345,0.0515220845039071,4.4126,41.0
LBR,Liberia,2024,200.0,,5.191029900332226,,-0.5701477574686307,,665.1013376241921,5612817,55.5387986654968,,,-0.5660909457543388,,4.4599,23.0
MDG,Madagascar,1960,337.0,,3.310176428104687,,,,812.2503618904552,5111029,10.8402346122372,,26.654709079070326,,,,70.0
MDG,Madagascar,1961,337.0,,3.310176428104687,,,,807.5400731518146,5246158,11.1534219507544,,34.10808984785862,,,,31.0
MDG,Madagascar,1962,337.0,,3.3359700106613475,,,,804.713147422012,5384150,11.4679062770173,,32.13855810589551,,,,74.0
MDG,Madagascar,1963,337.0,,3.3617635932180074,,,,776.8840578256411,5525185,11.7835498438002,,32.7067624137599,,,,42.0
MDG,Madagascar,1964,337.0,,3.387557175774667,,,,787.0589496039527,5669863,12.100214903877,,33.230641007995075,,,,61.0
MDG,Madagascar,1965,337.0,,3.4133507583313274,,,,763.4036706394716,5819116,12.417763710022,,33.211703342436095,,,,77.0
MDG,Madagascar,1966,337.0,,3.439144340887987,,,,758.9282051371017,5974279,12.7419357299805,,40.49278214012969,,,,34.0
MDG,Madagascar,1967,337.0,,3.464937923444647,,,,779.7160627869513,6136486,13.0630597499923,,39.018314901923944,,,,23.0
MDG,Madagascar,1968,337.0,,3.4907315060013073,,,,810.5066908574001,6306493,13.3814147971398,,40.54051418430492,,,,48.0
MDG,Madagascar,1969,337.0,,3.5251229494101866,,,,817.5629218682753,6484716,13.7170464163595,,41.22081740542549,,,,59.0
MDG,Madagascar,1970,337.0,,3.542318671114627,2.91882362138853,,,836.5408817140485,6672003,14.0900001525879,,40.74596697175235,,,18.2969,67.0
MDG,Madagascar,1971,337.0,,3.5595143928190667,2.7569246514139,,,844.493878879637,6868868,14.5363465495387,,35.47031700858795,,,17.303,23.0
MDG,Madagascar,1972,337.0,,3.593905836227947,2.01983258429753,,,809.5241188838364,7074398,15.0474684110561,,32.58620740265132,,,17.73,63.0
MDG,Madagascar,1973,337.0,,3.611101557932386,2.17224461200256,,,765.2170076129614,7288048,15.5763796722718,,33.12658768962767,,,18.0448,74.0
MDG,Madagascar,1974,337.0,,3.6523712900230425,1.4744145537648,,,757.5323928320023,7509726,16.0760942683178,,35.73331512199989,,,18.4802,51.0
MDG,Madagascar,1975,337.0,,3.948137703339409,2.04874954586154,,,744.3100958664877,7739336,16.5136527821077,,36.74965362087125,,,18.7359,30.0
MDG,Madagascar,1976,337.0,,3.9361006981463014,1.82505264919794,,,699.9879248207625,7976831,16.9261743418527,,32.6884426471567,,,18.8616,53.0
MDG,Madagascar,1977,337.0,,4.200914812394676,3.55001370063835,,,695.1492197610861,8222240,17.330260672623,,36.49396230054193,,,19.4035,79.0
MDG,Madagascar,1978,337.0,,4.298930426109983,3.41027008553002,,,656.3983695966542,8475864,17.7245047014621,,41.20843916589067,,,20.6611,56.0
MDG,Madagascar,1979,337.0,,4.333321869518864,2.87991034326351,,,699.4854809076136,8737581,18.1094873920017,,44.96251133425499,,,20.8111,44.0
MDG,Madagascar,1980,337.0,,4.3677133129277435,2.31131855927976,,,685.1006897615207,9006032,18.485789707874,,30.26635840629209,,,21.5272,70.0
MDG,Madagascar,1981,337.0,,4.402104756336624,2.21318889499977,,,599.7810476903509,9279011,18.8539926127109,,23.53336563939368,,,21.4491,68.0
MDG,Madagascar,1982,337.0,,4.419300478041063,2.89509378187374,,,571.2304614028326,9557671,19.2146770701443,,21.37757424844507,,,21.6503,45.0
MDG,Madagascar,1983,337.0,,4.470887643154383,2.19545490463898,,,559.6611688996721,9843044,19.5684240438063,,19.289697474444598,,,21.9124,23.0
MDG,Madagascar,1984,337.0,,4.505279086563263,2.44235762826374,,,553.1310099387474,10134550,19.9158144973288,,23.26467081871826,,,22.2617,60.0
MDG,Madagascar,1985,337.0,,4.556866251676583,2.08800213500856,,,543.513684745557,10433142,20.2574293943438,,22.43931957227755,,,22.0031,77.0
MDG,Madagascar,1986,337.0,,4.591257695085463,2.80088989064126,,,538.4919526066615,10736857,20.5938496984833,,21.54301778026651,,,22.142,57.0
MDG,Madagascar,1987,337.0,,4.608453416789902,3.8551957397843,,,529.5091059980871,11047291,20.9256563733793,,30.129060563032528,,,22.1884,64.0
MDG,Madagascar,1988,337.0,,4.642844860198783,4.26209029540837,,,532.0334695882401,11369462,21.2534303826637,,30.496482888548464,,,22.3248,62.0
MDG,Madagascar,1989,337.0,,4.660040581903222,4.52863760151394,,,537.8404310335292,11704998,21.5777526899686,,31.762982592008353,,,22.4042,29.0
MDG,Madagascar,1990,337.0,,4.677236303607662,5.13716500766513,-0.357582733350596,0.1465518459969791,538.5362750565695,12055639,21.8992042589258,,32.38099237434253,-0.3655519086180727,0.1168079839865094,22.8823,74.0
MDG,Madagascar,1991,337.0,,4.728823468720982,6.2042741515873,-0.2990386260551098,0.3582012438958298,489.71609812001276,12421412,22.2183660531674,,35.756798058041454,-0.3020309324943024,0.3377829458119025,22.9553,34.0
MDG,Madagascar,1992,337.0,,4.780410633834302,5.70482651152286,-0.3738417686142511,0.3630968566824936,480.81093244498817,12800870,22.5358190363254,,33.15761776711739,-0.376512577342451,0.3452280077167168,23.3288,63.0
MDG,Madagascar,1993,337.0,,4.986759294287581,4.26807702054671,-0.3962799781897802,0.3495355467713699,476.15973332638123,13197345,22.8521676960516,,32.8658889270584,-0.3981886270460671,0.3338488743210844,23.8585,50.0
MDG,Madagascar,1994,337.0,,4.986759294287581,5.43387400573852,-0.4237614821380042,0.2143561054461737,461.39766570946387,13613850,23.1671756252866,,43.55891793799584,-0.4262570735378876,0.2079848959234354,23.5269,76.0
MDG,Madagascar,1995,337.0,,4.986759294287581,7.72187580414643,-0.4288613653396422,0.155460409712627,454.5379466327813,14051275,23.4800566044183,,45.37449156783241,-0.4313388464297151,0.1532104855663198,24.1192,58.0
MDG,Madagascar,1996,337.0,,4.986759294287581,6.10099854193451,-0.4787791563339343,0.1344903585862693,449.6280870805998,14510711,23.7907085718749,,35.88246016683451,-0.4809503724962788,0.1350997034080276,24.2768,39.0
MDG,Madagascar,1997,337.0,,4.986759294287581,5.98372525542255,-0.4840189736285932,0.0714717547965074,451.3031993708314,14990814,24.0990589894502,,36.87374778194406,-0.4859842053371123,0.0772998762616226,24.4859,76.0
MDG,Madagascar,1998,337.0,,4.986759294287581,5.7146849652343,-0.4630139382593076,0.1263815913150559,453.8861747688718,15489364,24.405035318938,,37.332187014797064,-0.4642582795520607,0.129709006188004,24.8623,23.0
MDG,Madagascar,1999,337.0,,4.986759294287581,3.51113304202429,-0.4401572812560673,0.0021001300832888,460.03438999657106,16000506,24.7085650221322,,40.924412020806336,-0.4417712918633305,0.0085061166751472,25.1525,52.0
MDG,Madagascar,2000,337.0,59.658100000000005,4.986759294287581,3.28334073398533,-0.5346325355934304,-0.0352430692675437,465.52950982702055,16516338,25.0095755608264,68.50442477876106,42.77712266397246,-0.5356813219879601,-0.028081705903956,25.3158,76.0
MDG,Madagascar,2001,337.0,57.836600000000004,5.072737902809781,2.78738585949357,-0.5315765691918348,-0.0708472692228451,478.40561494986963,17032939,25.3079943968146,67.16370106761566,41.035126092385894,-0.5340024144535976,-0.0607128013045802,23.4943,49.0
MDG,Madagascar,2002,337.0,55.985200000000006,5.072737902809781,3.50534579179508,-0.616372183488965,-0.0875059387288246,406.70122213637006,17549913,25.6037489918904,68.14068441064639,50.18169193792984,-0.6157266765080179,-0.0746655949450213,21.6429,53.0
MDG,Madagascar,2003,337.0,57.170500000000004,5.072737902809781,5.21855839818452,-0.6001923387272572,-0.0920476960111355,433.60104030121363,18071854,25.8967668078478,67.7935982339956,34.03060291747499,-0.5994816957498448,-0.0782355760006486,22.8282,29.0
MDG,Madagascar,2004,337.0,57.855500000000006,5.072737902809781,6.16053834340743,-0.7683629342237253,-0.0532091285044795,443.2786549859671,18606608,26.1869753064804,64.69433198380567,48.77538188521564,-0.7638207611923137,-0.0425127373212078,23.5132,75.0
MDG,Madagascar,2005,337.0,60.5272,5.158716511331981,5.46552559841922,-0.7827154778127843,-0.2337504085383273,450.95523091122834,19159707,26.4743019495822,65.33467336683417,59.1300849357677,-0.7775612770485378,-0.2351086765111589,26.1849,59.0
MDG,Madagascar,2006,337.0,60.8207,5.158716511331981,5.6245995828571,-0.7451635723669827,-0.2570708986623239,461.54033789772893,19730909,26.7586741989468,63.410891089108915,62.102838937024444,-0.7432143878261805,-0.2575969482994293,26.4784,43.0
MDG,Madagascar,2007,337.0,61.4589,5.158716511331981,6.43424742692885,-0.6977223375032082,-0.2287847648394682,473.7854623284488,20318583,27.0400195163682,68.4350710900474,66.7027353570049,-0.7009396866123866,-0.2272106492272394,27.1166,53.0
MDG,Madagascar,2008,337.0,62.0809,5.158716511331981,5.80936537783052,-0.4405859618337308,-0.2738916551732203,490.96393538951804,20923840,27.31826536364,63.58679927667269,74.35735396080602,-0.4464977341688738,-0.2704384401426179,27.7386,69.0
MDG,Madagascar,2009,337.0,62.7096,5.158716511331981,6.87903891334948,-0.5014457526564462,-0.2501086305360753,457.78975486606834,21547280,27.5933392025561,67.60597826086958,62.411697595819625,-0.50898472530201,-0.2439998297762286,28.3673,64.0
MDG,Madagascar,2010,337.0,63.3586,5.158716511331981,5.80844502636667,-0.6422745937745874,-0.2839131833113967,447.41714303068676,22183340,27.8651684949103,61.064891846921796,57.87489451018065,-0.6516920452605567,-0.2747792340870483,29.0163,34.0
MDG,Madagascar,2011,337.0,63.413,5.156455452521937,5.89544167157359,-0.7024836053112774,-0.275238843769094,441.7551584141205,22822300,28.1336807024963,51.32591529073941,56.48309259518931,-0.7101014417959818,-0.2657800091579979,29.0707,26.0
MDG,Madagascar,2012,337.0,64.7362,5.156455452521937,6.69129717051904,-0.7387959428143274,-0.2921387131388485,442.6415001235433,23462438,28.3988032871081,44.30402722631877,52.65171408112547,-0.7421634584033995,-0.2844668899820398,30.3939,49.0
MDG,Madagascar,2013,337.0,63.9456,5.156411137848058,6.77436297702956,-0.8740503683858896,-0.3577028479033377,440.6746589036283,24109290,28.6604637105393,39.45729166666666,56.36758179009317,-0.8717991389333761,-0.3465662912879805,29.6033,78.0
MDG,Madagascar,2014,337.0,65.4448,5.156411137848058,7.17890334828133,-0.7807180187626849,-0.3764329330166212,443.3438699082055,24764348,28.9185894345838,41.61209439528024,61.969432211123355,-0.778108275026335,-0.3664621723348789,31.1025,76.0
MDG,Madagascar,2015,337.0,65.80330000000001,5.156411137848058,8.60993537983163,-0.8235788084373884,-0.4070393598689567,445.32006948056755,25426702,29.1731079210354,46.43404255319149,61.220378836507805,-0.8215983125193108,-0.3953219422745737,31.461,25.0
MDG,Madagascar,2016,337.0,65.7677,5.156411137848058,8.77277190379424,-1.025361267202891,-0.4585449925324162,451.1565943314605,26099952,29.4239466316878,50.93047256925583,60.834698483142326,-1.016093947294723,-0.4498843485711228,31.4254,60.0
MDG,Madagascar,2017,337.0,66.1678,5.156411137848058,7.63973631390415,-1.0469418609781598,-0.4624087005895158,456.8518595740305,26788375,29.671033028335,36.66870629370629,65.34340150729147,-1.0382739857941472,-0.4540110843549759,31.8255,58.0
MDG,Madagascar,2018,337.0,64.7283,5.156411137848058,5.16989441363436,-0.8712961190187456,-0.5331161152851176,459.3303677995432,27494926,29.9181125346909,44.76577721304532,67.84150466835821,-0.8663012676062248,-0.5268740833273091,30.386,48.0
MDG,Madagascar,2019,337.0,66.59020000000001,5.156411137848058,4.7078522848274,-0.8752708582189931,-0.631391113655827,467.2774134964799,28219554,30.3046972370204,39.651644336175394,62.601323045712796,-0.8745980867972272,-0.6314276425377986,32.2479,64.0
MDG,Madagascar,2020,337.0,66.21170000000001,5.156411137848058,5.65950524677075,-0.8685368801499493,-0.7345232743934371,422.9242554223186,28953556,30.7019474167548,42.17015341701534,49.0107073664371,-0.8726125508789999,-0.728260838543293,31.8694,67.0
MDG,Madagascar,2021,337.0,67.9392,5.156411137848058,5.5311886434036,-0.8943408963381385,-0.7940246949833094,431.5991030777461,29691083,31.1137123216036,34.02900278108859,55.21585859274848,-0.8957440051488625,-0.7894069587805898,33.5969,63.0
MDG,Madagascar,2022,337.0,68.8,5.156411137848058,,-0.7702213773012198,-0.7006196326426343,438.5162633531886,30437261,31.5397813465886,,70.54713441309612,-0.7739237960562115,-0.6883624185838108,34.4577,45.0
MDG,Madagascar,2023,337.0,70.04769999999999,5.156411137848058,,-0.7741840313606396,-0.7675306737771477,445.8345519105812,31195932,31.9799438860946,,61.13304168861463,-0.7806504563746072,-0.750543640585638,35.7054,74.0
MDG,Madagascar,2024,337.0,70.04769999999999,5.156411137848058,,-0.880621940323904,,453.3830670047722,31964956,32.4339893339844,,54.979588143715205,-0.882928731679994,,35.79,75.0
MWI,Malawi,1960,16.14,,13.788714467543487,,,,260.372803776879,3628134,4.04390891420354,,,,,,25.0
MWI,Malawi,1961,16.14,,13.788714467543487,,,,273.67162140850263,3715534,4.13740284894389,,,,,,34.0
MWI,Malawi,1962,16.14,,14.849384811200677,,,,268.9305904473214,3806307,4.23693296880458,,,,,,48.0
MWI,Malawi,1963,16.14,,15.379719983029275,,,,258.78510600131347,3900506,4.34208847052473,,,,,,24.0
MWI,Malawi,1964,16.14,,15.910055154857869,,,,259.2381229397618,3997305,4.45245855084343,,,,,,58.0
MWI,Malawi,1965,16.14,,18.031395842172255,,,,287.4292371221028,4096157,4.5676324064998,,,,,,49.0
MWI,Malawi,1966,16.14,,18.56173101400085,,,,317.6195841826813,4197926,4.68580939472864,,,,,,37.0
MWI,Malawi,1967,16.14,,18.031395842172255,,,,332.42565537548563,4303012,4.84435767735549,,,,,,22.0
MWI,Malawi,1968,16.14,,19.092066185829445,,,,318.04717248626326,4411054,5.08028614266123,,,,,,37.0
MWI,Malawi,1969,16.14,,19.62240135765804,,,,328.5529293005117,4521184,5.38124974433464,,,,,,60.0
MWI,Malawi,1970,16.14,,19.092066185829445,6.70998624141776,,,322.0945204585919,4633944,5.73302495656678,,,,,2.2957,26.0
MWI,Malawi,1971,16.14,,20.68307170131523,4.84114888787186,,,365.07737592413497,4751434,6.12138825354874,,,,,2.3299,66.0
MWI,Malawi,1972,16.14,,21.21340687314383,5.0433444324309,,,378.0371414181367,4874475,6.53211610947158,,,,,2.4564,28.0
MWI,Malawi,1973,16.14,,21.74374204497242,6.3885112311711,,,376.7288155000108,5003938,6.95098499852638,,,,,2.5355,45.0
MWI,Malawi,1974,16.14,,21.74374204497242,5.87192009420872,,,392.97243282444214,5141337,7.36377139490422,,,,,2.6551,48.0
MWI,Malawi,1975,16.14,,21.21340687314383,8.97343845252109,,,405.377974102106,5287367,7.75625177279617,,,,,2.7664,58.0
MWI,Malawi,1976,16.14,,21.21340687314383,7.62753889769855,,,413.4381481792353,5443384,8.1142026063933,,,,,2.8925,25.0
MWI,Malawi,1977,16.14,,21.21340687314383,8.60975121061314,,,420.5147236677018,5614983,8.42174638660958,,,,,2.9547,67.0
MWI,Malawi,1978,16.14,,21.74374204497242,7.57763464950774,,,445.9936395115429,5810132,8.68264804348581,,,,,3.0229,66.0
MWI,Malawi,1979,16.14,,21.74374204497242,6.70942759934468,,,448.7164175373098,6028749,8.91722821908672,,,,,3.0578,67.0
MWI,Malawi,1980,16.14,,20.15273652948664,7.27306570831915,,,433.5151831533014,6265529,9.13371971067535,,,,,3.138,40.0
MWI,Malawi,1981,16.14,,21.21340687314383,6.42223411526603,,,394.77170082523986,6516454,9.3377956645648,,,,,3.32,52.0
MWI,Malawi,1982,16.14,,22.274077216801018,9.00065904697418,,,388.98957597097376,6778879,9.53512922706822,,,,,3.419,21.0
MWI,Malawi,1983,16.14,,21.21340687314383,5.79992432401987,,,387.8453297997669,7051709,9.73139354449874,,,,,3.4555,64.0
MWI,Malawi,1984,16.14,,21.74374204497242,5.33669750543511,,,392.9701217640451,7332810,9.93226176316949,,,,,3.5344,57.0
MWI,Malawi,1985,16.14,,21.74374204497242,4.49098188870215,,,395.4187206971561,7620508,10.1434070293936,,,,,3.797,49.0
MWI,Malawi,1986,16.14,,22.804412388629615,6.92133189930943,,,380.29804690220647,7906480,10.3705024894842,,,,,3.857,30.0
MWI,Malawi,1987,16.14,,22.804412388629615,7.13209761216796,,,368.4580721610331,8293174,10.6186532296573,,,,,4.1342,25.0
MWI,Malawi,1988,16.14,,22.804412388629615,6.9276752903871,,,360.1828645543507,8753262,10.9053972085276,,,,,3.7769,71.0
MWI,Malawi,1989,16.14,,23.33474756045821,8.13642935620643,,,348.2011128524413,9176220,11.2450589509521,,,,,3.908,78.0
MWI,Malawi,1990,16.14,,23.865082732286805,8.83285550041662,-0.3454902592515209,-0.5481196214648575,353.77130371759523,9545852,11.6249250633042,,,-0.352983181437271,-0.5278912066803167,5.8747,37.0
MWI,Malawi,1991,16.14,,24.925753075943994,7.15944602363582,-0.344153932756956,-0.5217917692915275,372.99756177246894,9844227,12.0309417751603,,,-0.351555104262822,-0.5055837307547465,6.1081,78.0
MWI,Malawi,1992,16.14,,24.3954179041154,9.09968632011216,-0.4919821268798339,-0.4449653179216012,335.72654353964293,10135079,12.4490553160965,,,-0.4998336535960912,-0.4266081698029494,6.2923,35.0
MWI,Malawi,1993,16.14,,24.3954179041154,6.98240636615388,-0.5462973908201479,-0.4834733807358898,362.9309953990168,10284024,12.8652119156892,,,-0.5540198829992626,-0.4661776978355843,6.2852,78.0
MWI,Malawi,1994,16.14,,22.274077216801018,13.6924266084459,-0.5578681908773535,-0.4903940593231692,329.5840999006424,10164894,13.2653578035145,,,-0.5654905953572495,-0.47566478384666,6.2938,63.0
MWI,Malawi,1995,16.14,,24.3954179041154,18.314016528775,-0.5752689494594243,-0.1356010694656038,385.27971407236316,10150117,13.6354392091488,,,-0.5828574268238838,-0.108940248836677,6.3743,38.0
MWI,Malawi,1996,16.14,,25.45608824777259,10.6406276241143,-0.5948470114605448,-0.1225409929223832,405.39706369047764,10352228,13.9614023621682,,,-0.604197520108244,-0.0969966253888189,6.5694,35.0
MWI,Malawi,1997,16.14,,25.98642341960119,8.30341051996053,-0.5300855838639414,-0.1187237391229731,412.4131068374999,10562035,14.2291934921491,,,-0.5349993163688848,-0.0870305908492251,6.7498,55.0
MWI,Malawi,1998,16.14,,27.577428935086974,12.9038429613876,-0.5656617586336435,-0.1253187867621777,419.31324517057726,10792876,14.4227423983849,,,-0.5697000402850699,-0.0891598834729907,7.2613,62.0
MWI,Malawi,1999,16.14,,28.638099278744168,9.90428833075201,-0.5586222968107306,-0.0724698980227279,422.0999099637619,11047804,14.5596934738978,,,-0.5623985757746119,-0.0262815371025599,7.5341,42.0
MWI,Malawi,2000,16.14,7.579400000000001,29.16843445057276,10.1509116653401,-0.6121961183280642,-0.195188341529728,418.5929850384615,11315942,14.6770603287659,93.20401849341259,,-0.6158365858983634,-0.1560684913612144,8.1414,44.0
MWI,Malawi,2001,16.14,7.5272,30.229104794229954,9.93791742339101,-0.6813186689991104,-0.1639085514896079,388.2600397635689,11593058,14.780400724713,93.22432884907921,,-0.6816303053199272,-0.1212435029339527,8.0892,57.0
MWI,Malawi,2002,16.14,7.537399999999999,30.229104794229954,5.80694889486208,-0.7090699408429723,-0.2009786174247045,385.30898023709483,11880440,14.8722487440558,93.28137924323272,,-0.7084924216290659,-0.1563583813630087,8.0994,41.0
MWI,Malawi,2003,16.14,7.7372000000000005,31.820110309715737,8.64215061116182,-0.7588220258715102,-0.3047822384829354,397.224846758815,12181574,14.9551384691108,97.58839615550687,,-0.7573983574364611,-0.2595443605813289,8.2992,64.0
MWI,Malawi,2004,16.14,7.785699999999999,31.820110309715737,6.39211290059216,-0.8108028927871127,-0.3671516792849522,408.06491605276466,12500737,15.0316039821946,94.50173568243547,,-0.8078533166276706,-0.3248370941720772,8.3477,69.0
MWI,Malawi,2005,16.14,8.3901,33.94145099703012,6.82450197846741,-0.814849045066139,-0.4241042656829245,410.2679795925361,12840031,15.1041793656241,94.54179952862887,,-0.8147205844214482,-0.3791123164343529,8.9521,70.0
MWI,Malawi,2006,16.14,8.836400000000001,35.00212134068732,6.78461168008871,-0.8898511631237651,-0.4581207635913063,417.87768977650285,13198701,15.1753987017157,94.55528634659376,,-0.8887132494281722,-0.410896879681936,9.3984,79.0
MWI,Malawi,2007,16.14,9.4565,35.00212134068732,7.97931680799651,-0.7384463219336439,-0.5338560149604832,445.2543054195864,13576343,15.2477960727861,94.56795037648854,,-0.7336838822489354,-0.4835811102680729,10.0185,43.0
MWI,Malawi,2008,16.14,10.0104,36.5931268561731,8.72702659415971,-0.9191492173713652,-0.5137866405716354,465.5514729800698,13976417,15.3238029928378,99.09873345191058,,-0.9168333868904748,-0.4679233910748319,10.5724,50.0
MWI,Malawi,2009,16.14,10.166300000000001,37.1234620280017,7.04042216088488,-0.8587919082885239,-0.4726947304766809,489.6314187901578,14395788,15.4015312766848,98.90887369021002,,-0.8594819593707236,-0.4295691654432867,10.7283,32.0
MWI,Malawi,2010,16.14,10.8998,37.1234620280017,6.02572508561474,-0.7309983075996821,-0.475813083397702,508.0886505528461,14826463,15.4776969380518,98.94036677997397,,-0.7266630776066278,-0.4341743213919991,11.4618,74.0
MWI,Malawi,2011,16.14,12.5104,37.1234620280017,5.97687719996186,-0.7151983337482727,-0.4617745639786066,517.8337366242317,15265022,15.5523153908723,98.70721225997121,,-0.7087480625525788,-0.4218164363294051,13.0724,55.0
MWI,Malawi,2012,16.14,12.825600000000001,37.1234620280017,8.95123535585595,-0.6760733257263066,-0.6039125924822617,512.7403179745099,15709577,15.6253133040464,98.7086612557333,,-0.6681262541447622,-0.5584126909282456,13.3876,53.0
MWI,Malawi,2013,16.14,12.5274,37.60076368264743,10.1501360274794,-0.9122165637489296,-0.6736977792102052,525.3576455165572,16161816,15.6966173464742,98.81104339948942,,-0.90539076760072,-0.6196073996788153,13.0894,72.0
MWI,Malawi,2014,16.14,12.8369,38.19473907509546,9.61846301856776,-0.961504661574716,-0.7366075291091004,539.562601918057,16621538,15.766154187056,98.84873789908065,,-0.9538155335128146,-0.6776806677279176,13.3989,62.0
MWI,Malawi,2015,16.14,13.168600000000001,38.77810776410692,8.89901041042248,-1.02434953093472,-0.7630368250382726,539.605363240686,17085587,15.8338504946918,99.10334971318937,,-1.0198356859978623,-0.7046184567513981,13.7306,79.0
MWI,Malawi,2016,16.14,13.5934,39.37208315655494,10.9739875833904,-1.0539655867336517,-0.7483792053204541,538.2219908109595,17557739,15.899632938282,96.81716333198432,,-1.0541091732116925,-0.7017285659930942,14.1554,57.0
MWI,Malawi,2017,16.14,14.494200000000001,39.9554518455664,7.00371862797528,-1.0440669797218278,-0.724852399401877,544.7957292203486,18039715,15.9634281867266,84.490707757445,45.30031371600076,-1.045520979784677,-0.680310994695812,15.0562,72.0
MWI,Malawi,2018,16.14,15.642999999999999,40.549427238014424,5.20814805353589,-1.0776169679502376,-0.7379772898673986,553.528790902088,18528081,16.0221486554255,80.15163565028367,43.578773488999985,-1.0742772053568337,-0.6985333789556117,16.205,48.0
MWI,Malawi,2019,16.14,17.1557,41.13279592702588,4.24376277062568,-1.0642131166279256,-0.7436785466383102,569.8662493719476,19025752,16.1383746619001,79.25376142147216,44.19545246357976,-1.0657665575934645,-0.7152666528265631,17.7177,35.0
MWI,Malawi,2020,16.14,17.0492,41.72677131947391,4.09928170325885,-1.0681526541501984,-0.7494649942605188,559.4470860860672,19533888,16.2961471756409,79.27908251537421,41.03234293973277,-1.0707387359913714,-0.7122527930773106,17.6112,33.0
MWI,Malawi,2021,16.14,18.115199999999998,42.42681374628766,4.22250421289741,-1.025109602506369,-0.8516010024226643,569.9689673224348,20047258,16.4881925800694,80.0551584735492,44.5957618170542,-1.0319179473803872,-0.8210275425172335,18.6772,79.0
MWI,Malawi,2022,16.14,18.077299999999997,42.42681374628766,,-1.0906551554853383,-0.8696210885087448,560.6357597149408,20568728,16.7146031979436,,43.61662485678103,-1.0956770805955311,-0.8380475413420166,18.6393,68.0
MWI,Malawi,2023,16.14,17.7918,42.42681374628766,,-1.1612342661583648,-0.407177762600667,557.0352396579104,21104482,16.9748746665356,,42.43766839909665,-1.1622061829354036,-0.4123251174162937,18.3538,53.0
MWI,Malawi,2024,16.14,,,,-1.1754642687928178,,551.9515234705596,21655286,17.268503531213,,,-1.1776750608956623,,19.0236,34.0
MLI,Mali,1960,60.0,,1.34241388636196,,,,,5402550,7.02254508027357,,,,,,73.0
MLI,Mali,1961,60.0,,1.34241388636196,,,,,5482283,7.37178329948045,,,,,,29.0
MLI,Mali,1962,60.0,,1.3465116088478024,,,,,5563917,7.7310651807141,,,,,,60.0
MLI,Mali,1963,60.0,,1.3506093313336447,,,,,5646605,8.09865083071322,,,,,,52.0
MLI,Mali,1964,60.0,,1.3547070538194872,,,,,5730125,8.47280035621652,,,,,,25.0
MLI,Mali,1965,60.0,,1.3588047763053295,,,,,5815487,8.85177386396273,,,,,,49.0
MLI,Mali,1966,60.0,,1.3620829542940034,,,,,5902204,9.23383146069055,,,,,,48.0
MLI,Mali,1967,60.0,,1.3670002212770143,,,,513.9408863489325,5990906,9.61723325313869,,35.26535221126359,,,,77.0
MLI,Mali,1968,60.0,,1.3670002212770143,,,,524.9323455164545,6082979,10.0002393480459,,28.317692643176073,,,,52.0
MLI,Mali,1969,60.0,,1.3670002212770143,,,,518.0773630113794,6177704,10.3811098521508,,30.21585561954476,,,,49.0
MLI,Mali,1970,60.0,,1.407977446135438,4.07710148769041,,,541.2186325684547,6276472,10.7581048721922,,30.671085186659163,,,10.8685,53.0
MLI,Mali,1971,60.0,,1.407977446135438,3.34093445166559,,,546.2906132487036,6377944,11.1294845149087,,33.63166892944391,,,11.1034,34.0
MLI,Mali,1972,60.0,,1.407977446135438,3.18516702698175,,,568.7823326882848,6483726,11.4935088870392,,29.598585117193565,,,9.8312,71.0
MLI,Mali,1973,60.0,,1.407977446135438,4.48607244620787,,,550.8728553387431,6597106,11.8484380953222,,33.03114500033338,,,9.1355,62.0
MLI,Mali,1974,60.0,,1.4489546709938617,5.43196240170415,,,532.8926567558707,6715436,12.1925322464965,,53.59387365292414,,,8.3157,58.0
MLI,Mali,1975,60.0,,1.4899318958522854,4.59535696546144,,,584.242915257345,6837261,12.5240514473009,,38.92558776553885,,,9.0496,32.0
MLI,Mali,1976,60.0,,1.6530212507888116,3.70987992976207,,,652.0384670517432,6960979,12.8400869930434,,32.03685919220741,,,9.4141,68.0
MLI,Mali,1977,60.0,,1.6513821617944746,5.54571092709951,,,680.7212559327187,7090979,13.145408212605,,32.335106307372996,,,9.5157,28.0
MLI,Mali,1978,60.0,,1.6513821617944746,5.03854429468324,,,657.893225953813,7229651,13.4482827214053,,41.42655288008433,,,10.1398,29.0
MLI,Mali,1979,60.0,,1.6472844393086323,3.74663108900804,,,711.9461193648694,7375266,13.7502030626349,,39.218459947111825,,,10.8263,25.0
MLI,Mali,1980,60.0,,1.6472844393086323,4.36816616978167,,,667.1059222196839,7530515,14.049924155769,,28.947634479520985,,,12.2017,78.0
MLI,Mali,1981,60.0,,1.6497430728001379,4.42722229545236,,,667.725533547502,7692766,14.3462009202826,,28.565229648540218,,,12.9324,47.0
MLI,Mali,1982,60.0,,1.6497430728001379,6.7374049309231,,,598.5484532878389,7860194,14.6377882756509,,34.84505731894422,,,13.3499,57.0
MLI,Mali,1983,60.0,,1.6497430728001379,4.96182332023192,,,572.0944122868361,8034400,14.923441141349,,41.19692363466952,,,11.8558,48.0
MLI,Mali,1984,60.0,,1.6497430728001379,4.93272951366648,,,544.2156674957353,8208599,15.201914436852,,47.80572999561055,,,10.5965,66.0
MLI,Mali,1985,60.0,,1.666133962743507,3.40412921858672,,,603.792264356221,8374663,15.4719630816351,,51.7785569314836,,,9.8929,42.0
MLI,Mali,1986,60.0,,1.6685925962350128,3.88162463937176,,,588.1877285961925,8531277,15.7323419951734,,43.10572265601032,,,10.1247,66.0
MLI,Mali,1987,60.0,,1.6685925962350128,3.43392566179003,,,573.5722042804314,8681164,15.9810359087058,,41.06994817337438,,,10.5176,52.0
MLI,Mali,1988,60.0,,1.6825248526868766,3.67384251615176,,,624.5553817801929,8833996,16.213291043119,,37.44864492571172,,,10.8485,64.0
MLI,Mali,1989,60.0,,1.6825248526868766,3.74561198369249,,,635.0782870178804,8999938,16.4283401101028,,34.61608306498679,,,11.3715,28.0
MLI,Mali,1990,60.0,,1.6825248526868766,4.06917810438981,-0.4638467429400853,-1.18981936060653,589.7754058836686,9178830,16.6312782496484,,38.45980848683658,-0.4760010470429831,-1.1920595583887748,11.9818,68.0
MLI,Mali,1991,60.0,,1.6907202976585614,4.09727979907535,-0.3806203582419089,-1.1080490375629377,651.3630815495368,9362888,16.8266510571585,,36.154583368093235,-0.3851997173928563,-1.1090192099673752,12.0139,30.0
MLI,Mali,1992,60.0,,1.772674747375409,4.32667436286698,-0.4059869609315581,-1.0665535601135725,606.0683633235284,9553540,17.0190041280359,,37.974034948891564,-0.4101710053280648,-1.0711310989226837,11.9878,48.0
MLI,Mali,1993,60.0,,2.5078061613355294,4.02898374263315,-0.4301340019768127,-1.0568976743526064,619.3744293404241,9754786,17.2128830576835,,35.78394725132416,-0.4333684059026418,-1.0635576036052312,12.1453,70.0
MLI,Mali,1994,60.0,,2.589760611052377,6.59511106694786,-0.4388506065582193,-1.0492393300803182,640.0810089244619,9967031,17.412833441504,,44.06050233926654,-0.4419535108705643,-1.055652989482898,12.4757,35.0
MLI,Mali,1995,60.0,,2.708594563141806,6.17667816210642,-0.4490138242326858,-1.047949889496531,630.9244474879918,10185365,17.6234008749003,,45.0810713232829,-0.4511671669855855,-1.053751811657965,12.8464,77.0
MLI,Mali,1996,60.0,,3.7125365721731862,6.17985749617785,-0.5576197788181294,-1.0152651045411172,656.7776759927508,10407278,17.8491309532752,,38.99349676552378,-0.5606693972208794,-1.0241795275593155,13.2304,70.0
MLI,Mali,1997,60.0,,3.7125365721731862,6.75534560859442,-0.5708148713871573,-0.9413247845172684,668.4803266593589,10646495,18.0945692720314,,45.04870384463517,-0.5741486418624737,-0.95700511649293,13.3654,72.0
MLI,Mali,1998,60.0,,3.7125365721731862,6.45326618117715,-0.5933678966932399,-0.9724042482030876,695.1263720311581,10919573,18.3643952818488,,39.83024509019602,-0.5956347672712495,-0.9877580643381626,14.1573,29.0
MLI,Mali,1999,60.0,,3.7125365721731862,3.8524723913247,-0.6018925003458824,-0.9458667883111368,707.8817463091107,11227415,18.6591231019948,,40.53930296675408,-0.6028727302529491,-0.9633182936028116,14.8565,40.0
MLI,Mali,2000,60.0,-243.7059,3.7125365721731862,5.46367811888986,-0.6524435974160524,-0.9237589120867828,682.4974204571296,11559290,18.977631037325,27.159564862192028,44.66576097905192,-0.6503083805878863,-0.9387260222644328,15.7571,59.0
MLI,Mali,2001,60.0,-242.97920000000002,3.7125365721731862,5.3525949253061,-0.6816278587511632,-0.9003839389516878,766.9603432463066,11912158,19.3181950112665,35.893378543844776,49.32390699154031,-0.6773885126252606,-0.9145468451246492,16.4838,23.0
MLI,Mali,2002,60.0,-241.80450000000002,4.015768036125522,6.81256049490343,-0.719536555520127,-0.916626938515904,766.0736690424463,12288050,19.6792980362731,53.71078350173928,46.35292274198907,-0.7144061715091977,-0.9276438757263366,17.6585,27.0
MLI,Mali,2003,60.0,-240.92300000000003,4.869733402175071,5.30099092296633,-0.6181075181520166,-0.8779982273980395,814.8084665251909,12684955,20.0594231247985,60.944880153879225,46.89153466646251,-0.6212497769695277,-0.8922829246971379,18.54,56.0
MLI,Mali,2004,60.0,-240.11790000000002,4.017407125119858,3.89561485181635,-0.6293500148368261,-0.8294070528009949,800.5018167062128,13102409,20.4570532892964,59.27183282986574,44.01209864225663,-0.6317831798858771,-0.8471972322920658,19.3451,56.0
MLI,Mali,2005,60.0,-239.22140000000002,4.591907817634958,2.79148479768263,-0.5892357701551729,-0.7811199225501372,794.3733282113611,13538647,20.8706715422205,58.78554761759604,44.91240850775508,-0.5948342887730633,-0.7997912191369778,20.2416,74.0
MLI,Mali,2006,60.0,-238.98470000000003,4.6525541104254255,7.41659931305695,-0.5511468404104117,-0.7624085354673968,797.1005328849508,13990139,21.2987608960246,56.832051372139915,49.01907734497039,-0.560343315680375,-0.782409174161079,20.4783,53.0
MLI,Mali,2007,60.0,-237.59550000000002,4.759914439554495,7.86264147796427,-0.5086541128424892,-0.7276751044203998,784.8939150166376,14457775,21.7398043631622,55.713292859917004,46.89779162403764,-0.5192021144359033,-0.7451320574553175,21.8675,75.0
MLI,Mali,2008,60.0,-232.2777,4.942672862423065,6.91973321599543,-0.4475260735921342,-0.7374425087481123,787.1565189876153,14940782,22.1922849560871,55.12921890067503,53.64301930906249,-0.453545467417458,-0.754619815141244,23.0897,34.0
MLI,Mali,2009,60.0,-188.733,5.126578647587671,8.60703288880241,-0.4770291642163373,-0.6953391865863596,803.4867389276241,15435539,22.6557955217884,67.07619894744644,40.54138158056615,-0.4834100341661012,-0.709767303323659,24.322,37.0
MLI,Mali,2010,60.0,-219.6625,5.131168096771814,7.66975245102324,-0.3503963794827848,-0.6866050045511887,821.1812865878716,15945198,23.1359461824894,63.62269865217706,48.81669536606147,-0.3631054979350394,-0.6972684834801846,25.5145,52.0
MLI,Mali,2011,60.0,-245.4072,5.286062006736656,8.91011559605289,-0.3088790860149797,-0.7288811737092541,818.3990309955475,16469049,23.6379674039304,62.82761750952637,43.181469913290776,-0.3271974435803469,-0.7328463803755575,26.5378,56.0
MLI,Mali,2012,60.0,-213.6733,5.440955916701498,12.1110881558093,-0.2697814431145918,-0.7268879789835653,786.3234713368529,16957033,24.1606168848588,68.00197902027969,49.42523562238082,-0.2927894002599003,-0.7407500777536795,27.6137,69.0
MLI,Mali,2013,60.0,-229.88369999999998,5.595849826666339,8.51315574828752,-0.0980817290021327,-0.8572022134559705,788.8194482057492,17459615,24.7033626854883,74.04207581805997,54.603243986300654,-0.1252709479681481,-0.8654449278484998,29.1823,58.0
MLI,Mali,2014,60.0,-124.7825,5.75074373663118,7.24892090404468,0.086176922497124,-0.8955899094849709,813.9756612852041,18020267,25.2656728660325,69.36555334850499,51.07868218756902,0.0607977410857758,-0.8977356923340268,30.2525,46.0
MLI,Mali,2015,60.0,-122.8256,5.9056376465960225,7.42711000514874,0.121263179604667,-1.017538022404322,838.1198694010295,18593022,25.847015486705,65.93080146737778,53.575176010226464,0.1010832405523843,-1.0180159613523876,32.2094,70.0
MLI,Mali,2016,60.0,-119.44569999999999,6.061351101058031,8.99083015150657,0.102329829626199,-1.165534164756117,860.7530755456903,19191289,26.4468586077195,64.48939645965667,53.61261936042525,0.0878171444151305,-1.1557403126066512,35.5893,65.0
MLI,Mali,2017,60.0,-116.7276,6.216245011022874,7.81614668872422,0.1303439130366009,-1.1493005756078725,878.5613483774335,19813011,27.0646702892896,61.25544155555935,49.49199849419719,0.1151320149858823,-1.1404550837592522,38.3074,74.0
MLI,Mali,2018,60.0,-114.9519,6.371138920987715,7.74269774600288,0.2569893770588262,-1.1841302680489971,892.9783227914181,20442030,27.6999185916288,61.249884750531855,50.69984625232756,0.2454443602907299,-1.176128531793445,40.0831,60.0
MLI,Mali,2019,60.0,-114.18719999999999,6.526032830952556,7.85842877214771,0.2377023412572542,-1.2075456380859717,909.7510697033126,21068405,28.3520715749509,61.267475834198024,53.99871327986363,0.2262465734563205,-1.200070265431897,40.8478,45.0
MLI,Mali,2020,60.0,-112.4947,6.680926740917398,9.46967710138959,0.2872254050899465,-1.294338212065527,872.3894268142935,21713836,29.0205972994693,62.293360624960535,56.04154744220191,0.2749623506390198,-1.2852184079573703,42.5403,63.0
MLI,Mali,2021,60.0,-110.0446,6.835820650882239,18.4178821970492,0.277579630455788,-1.329551119322116,872.3325094198555,22388630,29.7049638253978,62.293360624960535,56.71505255654654,0.270026320841339,-1.3214188643179716,44.9904,58.0
MLI,Mali,2022,60.0,-110.52959999999999,6.835820650882239,,0.2499904618490253,-1.3088766394829925,877.8178424329341,23072640,30.4015705681899,,61.56132748619869,0.2406442482894566,-1.3013865629022323,44.5054,60.0
MLI,Mali,2023,60.0,-108.4237,6.835820650882239,,0.0063642602285454,-1.2471264059940206,892.3609077603833,23769127,31.0031889023235,,57.533262182301634,0.0071807373771201,-1.2375637418151406,46.6113,69.0
MLI,Mali,2024,60.0,,,,-0.155875785123035,,909.7553179108126,24478595,31.6075621182225,,49.896041430950596,-0.1537105129959088,,48.0085,68.0
MRT,Mauritania,1960,0.4,,0.2590472494421267,,,,,824298,6.85665750249757,,,,,,23.0
MRT,Mauritania,1961,0.4,,0.2590472494421267,,,,1258.2908934011625,846167,7.47230915438295,,30.047614708058546,,,,72.0
MRT,Mauritania,1962,0.4,,0.2590472494421267,,,,1233.8706256259404,869184,8.10792940921947,,32.99215822869124,,,,36.0
MRT,Mauritania,1963,0.4,,0.2590472494421267,,,,1176.582067070269,893423,8.75133385068059,,40.37869444178862,,,,40.0
MRT,Mauritania,1964,0.4,,0.2580770350247405,,,,1460.6461216848218,918955,9.40083230084833,,50.13885762235131,,,,66.0
MRT,Mauritania,1965,0.4,,0.2571068206073542,,,,1648.1550878428463,945838,10.2104541976911,,48.38067112215978,,,,44.0
MRT,Mauritania,1966,0.4,,0.2580770350247405,,,,1603.9387385129448,974157,11.1105060100178,,48.62504549352715,,,,57.0
MRT,Mauritania,1967,0.4,,0.2590472494421267,,,,1612.0291504670208,1003843,12.0511086736301,,49.07292670823964,,,,59.0
MRT,Mauritania,1968,0.4,,0.26001746385951297,,,,1723.3577533955297,1034739,13.0306070971785,,45.27987374243259,,,,76.0
MRT,Mauritania,1969,0.4,,0.26971960803337536,,,,1692.5079453279125,1066754,14.0473461893137,,47.02312326506626,,,,27.0
MRT,Mauritania,1970,0.4,,0.26971960803337536,11.3056846306162,,,1838.4100137430617,1099806,15.0996708586863,,49.59125419205536,,,5.6457,58.0
MRT,Mauritania,1971,0.4,,0.2318812457553119,10.2586939873198,,,1816.311147540555,1133702,16.1859260139467,,48.87720604999239,,,5.5002,28.0
MRT,Mauritania,1972,0.4,,0.2318812457553119,10.5544954168857,,,1749.5229338060933,1168355,17.3044565637456,,72.21180397060965,,,5.061,36.0
MRT,Mauritania,1973,0.4,,0.2192684583292908,12.1871472679366,,,1620.1087749769688,1203838,18.4536074167335,,69.12927769041318,,,4.9621,62.0
MRT,Mauritania,1974,0.4,,0.1901620258077035,12.8824701550932,,,1763.8953212803838,1240188,19.631723481561,,79.23156481265674,,,4.3133,71.0
MRT,Mauritania,1975,0.4,,0.18628116813815854,8.76669463536668,,,1624.673495560811,1277330,20.8371496668786,,72.18533675667594,,,4.4389,57.0
MRT,Mauritania,1976,0.4,,0.18919181139031724,13.0463415483249,,,1712.5637423748014,1315336,22.068230881337,,83.87703503041197,,,4.6628,78.0
MRT,Mauritania,1977,0.4,,0.1901620258077035,11.8205279039526,,,1632.6871388186341,1353768,23.3877737662831,,76.7985437705003,,,4.8523,53.0
MRT,Mauritania,1978,0.4,,0.18628116813815854,7.36403517044886,,,1579.0216761399167,1392713,24.9271549499011,,71.23541116600866,,,4.946,36.0
MRT,Mauritania,1979,0.4,,0.18919181139031724,8.54390010519843,,,1608.4104448003227,1432758,26.721247387303,,67.59842588970248,,,5.1158,22.0
MRT,Mauritania,1980,0.4,,0.20374502765111088,17.5232126190601,,,1616.0663033105789,1474043,28.6626283467288,,75.22594289412959,,,5.2275,75.0
MRT,Mauritania,1981,0.4,,0.22314931599883575,17.6336519374628,,,1624.615779446795,1516877,30.6686954803593,,87.48510943598873,,,5.5152,21.0
MRT,Mauritania,1982,0.4,,0.2425536043465606,21.9234798953333,,,1541.5805581924897,1561176,32.6568464403754,,90.25934254993206,,,5.6376,25.0
MRT,Mauritania,1983,0.4,,0.26195789269428543,18.4954742795728,,,1553.8089066856803,1606746,34.5444788789581,,88.95438551310606,,,5.1665,69.0
MRT,Mauritania,1984,0.4,,0.2716600368681479,18.5461774937254,,,1460.9816418062155,1653693,36.248990448288,,86.64949443593046,,,5.13,39.0
MRT,Mauritania,1985,0.4,,0.2910643252158727,18.4210849524549,,,1461.9345203351113,1702107,37.6877788005462,,103.28590329103066,,,5.4022,54.0
MRT,Mauritania,1986,0.4,,0.31046861356359756,13.0703677485939,,,1501.5934245811902,1751835,38.7782415879134,,99.29006259024125,,,5.2953,53.0
MRT,Mauritania,1987,0.4,,0.3298729019113224,9.15682329493256,,,1486.6963632315928,1803014,39.4377764625706,,84.89964379948981,,,5.7533,22.0
MRT,Mauritania,1988,0.4,,0.34927719025904724,7.24663263322815,,,1469.2119473944188,1855859,39.5978084182184,,83.37836593987711,,,6.1011,46.0
MRT,Mauritania,1989,0.4,,0.3686814786067721,10.9776643356615,,,1501.2328951392167,1903048,39.5580531476613,,78.6897916288234,,,6.3949,67.0
MRT,Mauritania,1990,0.4,,0.3880857669544969,13.0529903629446,-0.3300775874338243,-0.2961351844492297,1437.7504823569275,1951878,39.4704976683562,,78.12454877296562,-0.3369634930247337,-0.3264688306622534,6.6641,72.0
MRT,Mauritania,1991,0.4,,0.3977879111283594,3.99016938324224,-0.3254379060210231,-0.3066368570626742,1421.3259991612802,2009738,39.3450673960873,,55.81685116764711,-0.3321019607600772,-0.3340034819197943,7.0437,30.0
MRT,Mauritania,1992,0.4,,0.40749005530222177,3.6452537591807,-0.3528581528427333,-0.2972216618561264,1393.601054987898,2088135,39.1911119053361,,42.327920120649935,-0.3590312170611186,-0.324167620586316,8.27,66.0
MRT,Mauritania,1993,0.4,,0.4181624138934705,3.64954662607288,-0.37640320829399,-0.2425933031518593,1416.9672569832144,2174328,39.0179807705844,,46.0763040408496,-0.3811060289489523,-0.272377957919555,8.3928,59.0
MRT,Mauritania,1994,0.4,,0.43659648782380905,3.29866364172611,-0.3779282492535117,-0.2199703614354334,1327.7230411512342,2249454,38.8350235663137,,62.685883674437115,-0.3820900288105461,-0.2478372488186616,8.3635,49.0
MRT,Mauritania,1995,0.4,,0.43659648782380905,3.79533707491117,-0.3961080816849873,-0.1752058982728798,1418.6466455367502,2312017,38.6515898670056,,73.416940256179,-0.3992885166409319,-0.2078342187600187,8.5148,47.0
MRT,Mauritania,1996,0.4,,0.43659648782380905,4.04042241145453,-0.4257542816465325,-0.1331450051351685,1471.8033091979212,2358188,38.4770292471417,,70.45588975492717,-0.4274253632546032,-0.1684167966749851,8.8669,65.0
MRT,Mauritania,1997,0.4,,0.43659648782380905,4.10615710498008,-0.3968254238936763,-0.1244264184700187,1381.1627488344695,2411306,38.3206912812037,,62.74956356571264,-0.3963120754063488,-0.1632814006296124,9.2697,31.0
MRT,Mauritania,1998,0.4,,0.43659648782380905,5.83623168206126,-0.4089647869992664,-0.1455677965938332,1383.1922972275856,2474651,38.1919255436732,,51.39101255067724,-0.4058470072295205,-0.1830597522123943,9.6602,68.0
MRT,Mauritania,1999,0.4,,0.43659648782380905,3.39847601062594,-0.4254369235202752,-0.1878865421892652,1396.1722008636395,2541698,38.1000816090317,,49.01693803975602,-0.4204010192449472,-0.220755967738194,10.3756,28.0
MRT,Mauritania,2000,0.4,8.558300000000001,0.43659648782380905,3.27487284480144,-0.3478668563718363,-0.2721967439809691,1304.644390671789,2613441,38.0555858542174,0.0,58.94037476706677,-0.3494402715368539,-0.2996574978169573,9.1783,78.0
MRT,Mauritania,2001,0.4,8.9209,0.43659648782380905,6.76491230332295,-0.061754456886706,-0.2931313153838988,1262.655672886389,2678760,38.1070763150421,0.0,60.70121246047153,-0.0782579684835025,-0.3158333551014262,9.5559,41.0
MRT,Mauritania,2002,0.4,9.3242,0.43659648782380905,7.673552402895,0.0370297628779311,-0.3790374482237917,1252.1030045413102,2738655,38.3900378438208,0.0,56.785529600180574,0.0142017573155497,-0.39692212877015,9.9742,65.0
MRT,Mauritania,2003,0.4,9.5856,0.43659648782380905,4.46007581951187,0.0427613040873416,-0.407757811758056,1308.5630758257828,2802046,38.8866922319919,0.0,55.3180243332438,0.018226471140111,-0.4254472213823397,10.2506,39.0
MRT,Mauritania,2004,0.4,9.5627,0.43659648782380905,8.86006911174684,0.0367341404338969,-0.4006504720044748,1338.6676812280427,2868664,39.5685575664461,0.0,75.2188046787959,0.0100621550602204,-0.4171505817326729,10.2427,61.0
MRT,Mauritania,2005,0.4,9.786999999999999,0.43659648782380905,19.3863218849001,-0.0259650822340081,-0.4673736359836568,1418.5320214413496,2939059,40.407151934074,0.0,88.23509955964911,-0.0537029911133091,-0.4786172927822866,10.482,70.0
MRT,Mauritania,2006,0.4,10.424,0.43659648782380905,25.6238205360937,0.0242289018330978,-0.4749677503612517,1637.0419125580313,3013660,41.3739934217664,0.0,82.78850121303226,-0.0015787432038364,-0.488105979006889,11.134,52.0
MRT,Mauritania,2007,0.4,10.1736,0.43659648782380905,32.0888421353342,0.1143279213385916,-0.5421296260284731,1563.6062876519152,3093059,42.4406001164139,0.0,86.06405567791325,0.0920720245441625,-0.5571845184936137,10.8986,26.0
MRT,Mauritania,2008,0.4,9.9528,0.43659648782380905,38.3954688806903,0.2347728656297543,-0.6996207384806357,1514.265501362902,3183269,43.5784901049073,0.0,94.12021100042506,0.2129040141125053,-0.7174088460983299,10.6928,44.0
MRT,Mauritania,2009,0.4,10.4772,0.43659648782380905,20.8447858815571,0.1624707514156135,-0.6833958505494024,1469.054268808128,3284448,44.7591814741371,0.0,82.00861760181509,0.1438799533973093,-0.6966014005096437,11.2322,70.0
MRT,Mauritania,2010,0.4,10.727400000000001,0.43659648782380905,33.2699514566613,0.2622821582491036,-0.689653887429819,1460.1917965287348,3390965,45.9541923109942,0.0,93.42074513346077,0.245593576879033,-0.7040725549312005,11.4974,72.0
MRT,Mauritania,2011,0.4,11.1219,0.43659648782380905,30.8504418081025,0.2501736258203047,-0.6613704157934532,1472.5524557222911,3502811,47.1350407023691,0.0,98.48532960415804,0.2316130148372132,-0.6750400105585859,11.9069,76.0
MRT,Mauritania,2012,0.4,11.6573,0.43659648782380905,21.4879263870309,0.2430749298064103,-0.5834340370703585,1488.9717755721447,3619034,48.2732447351525,0.0,110.78812274342083,0.2217584811473461,-0.5964159534459578,12.4573,56.0
MRT,Mauritania,2013,0.4,11.7138,0.43659648782380905,16.9330193063232,0.1701124537731388,-0.5666383859149323,1502.9014238108302,3734318,49.3553973225913,4.819366119142019,102.39882418316873,0.1516235196356252,-0.5744593375259629,12.5288,61.0
MRT,Mauritania,2014,0.4,12.4358,0.43659648782380905,13.1805355570468,0.2009493211430595,-0.6057274107638573,1520.6462163490173,3848514,50.4694791226856,5.097831835007932,91.61037136360403,0.1907067296924494,-0.6112438120087732,13.2658,30.0
MRT,Mauritania,2015,0.4,12.8057,0.43659648782380905,6.19132704450206,0.2026439177002166,-0.6364412947923189,1554.9489787178247,3965959,51.6680350049622,13.418576399612906,77.34678649449657,0.1976206709730278,-0.6401019542138263,13.6507,24.0
MRT,Mauritania,2016,0.4,12.6995,0.43659648782380905,8.04558334879584,0.1692437846008984,-0.7171184487836875,1528.0515229937537,4086657,52.9185627319946,15.718966846569005,73.1532616736712,0.1642425295500473,-0.7213866737524324,13.5595,42.0
MRT,Mauritania,2017,0.4,13.9967,0.43659648782380905,9.09659277147784,0.2124219444000724,-0.7696311953259496,1576.0685782516168,4210600,54.1970448502004,13.911468643389629,78.8149801833884,0.2044853914445728,-0.7688316751999539,14.8717,65.0
MRT,Mauritania,2018,0.4,14.7923,0.43659648782380905,2.808310001036,0.2304078559658016,-0.7170839686110116,1602.9022564907248,4337685,55.1305077000081,19.208990467766522,89.1467294935148,0.2196402310830935,-0.7137587607987286,15.6823,73.0
MRT,Mauritania,2019,0.4,15.242999999999999,0.43659648782380905,2.61191416207025,0.2253906018940081,-0.6407089323034862,1605.135235974202,4467708,56.0596215779146,19.793316352967793,93.48669413513173,0.2150212140397652,-0.6420769316256174,16.133,27.0
MRT,Mauritania,2020,0.4,15.593,0.43659648782380905,2.43870903966116,0.2958439770911673,-0.7838797795480208,1553.3061558659083,4600131,56.9836701058893,18.910061985343848,86.77616813227412,0.2804632790783065,-0.7829673690089659,16.483,37.0
MRT,Mauritania,2021,0.4,15.4743,0.43659648782380905,11.4487520863931,0.3544888211040092,-0.7523972052719414,1520.3111804258997,4734874,57.901535141641,19.355414249113267,88.30687375712351,0.338157141497184,-0.7535425055627071,16.3643,52.0
MRT,Mauritania,2022,0.4,16.227999999999998,0.43659648782380905,,0.2215156493709109,-0.7242791893049655,1576.7562410730804,4875637,58.8120996197226,,102.0258991256956,0.2144696346330873,-0.7254191759545906,17.118,26.0
MRT,Mauritania,2023,0.4,16.2927,0.43659648782380905,,-0.0216711470123437,-0.7296341070407857,1634.8989714462434,5022441,59.7142464747058,,92.16544451467425,-0.0193042667820742,-0.7307907614485454,17.1827,63.0
MRT,Mauritania,2024,0.4,,,,-0.143760854217044,,1688.6139322919007,5169395,60.6068586411829,,93.59883558814715,-0.1387722575841271,,17.5086,37.0
MUS,Mauritius,1960,2.751,,,,,,1424.2901034507847,680331,39.8850689345934,,,,,,73.0
MUS,Mauritius,1961,2.751,,44.33497536945813,,,,1748.632568303627,680757,40.4635091532476,,,,,,39.0
MUS,Mauritius,1962,2.751,,44.827586206896555,,,,1713.4232102607582,700349,41.0163549433209,,,,,,59.0
MUS,Mauritius,1963,2.751,,44.827586206896555,,,,1901.2406262162483,718861,41.5388921163924,,,,,,54.0
MUS,Mauritius,1964,2.751,,44.827586206896555,,,,1728.1368287142525,736381,42.0264064840417,,,,,,50.0
MUS,Mauritius,1965,2.751,,45.320197044334975,,,,1744.0250215888946,753000,42.4741838578478,,,,,,35.0
MUS,Mauritius,1966,2.751,,43.84236453201971,,,,1647.2033706744303,768813,42.8775100493902,,,,,,41.0
MUS,Mauritius,1967,2.751,,46.30541871921182,,,,1686.2902586896262,783917,43.2316708702481,,,,,,50.0
MUS,Mauritius,1968,2.751,,49.26108374384236,,,,1541.6037092275535,798413,43.5319521320009,,,,,,28.0
MUS,Mauritius,1969,2.751,,49.26108374384236,,,,1589.7898778340589,812405,43.7736396462278,,,,,,21.0
MUS,Mauritius,1970,2.751,,49.26108374384236,,,,1557.3326529521928,826000,43.9520192245081,,,,,0.8227,39.0
MUS,Mauritius,1971,2.751,,49.26108374384236,,,,1598.2865771360637,839230,44.0623766784212,,,,,0.8617,31.0
MUS,Mauritius,1972,2.751,,49.26108374384236,,,,1705.6243063361183,852053,44.0999970290918,,,,,0.9035,33.0
MUS,Mauritius,1973,2.751,,49.26108374384236,,,,1881.792646258466,864819,44.0437597850186,,,,,0.9454,47.0
MUS,Mauritius,1974,2.751,,49.26108374384236,,,,2016.7766215242482,878042,43.8904068113234,,,,,0.9994,77.0
MUS,Mauritius,1975,2.751,,48.76847290640394,,,,2003.20600569046,892000,43.6615140715339,,,,,1.01,64.0
MUS,Mauritius,1976,2.751,,49.26108374384236,0.0937785461019324,,,2439.344230700063,906507,43.3786570879337,,106.97800208637184,,,1.0764,40.0
MUS,Mauritius,1977,2.751,,49.26108374384236,0.0890152826934391,,,2557.1116584399106,921379,43.0634113828065,,106.81250613809281,,,1.1833,64.0
MUS,Mauritius,1978,2.751,,49.26108374384236,0.104038967710911,,,2620.5977903829084,933499,42.737352478436,,97.47316355797751,,,1.1948,40.0
MUS,Mauritius,1979,2.751,,49.26108374384236,0.12443809910376,,,2665.94701675721,949888,42.4220558971059,,95.80431944248365,,,1.2046,58.0
MUS,Mauritius,1980,2.751,,49.26108374384236,0.100937575393006,,,2357.63224017333,966039,42.1390971611,,111.09475472547305,,,1.1611,33.0
MUS,Mauritius,1981,2.751,,49.26108374384236,0.0783249408725644,,,2459.5946445513937,980462,41.910051792702,,98.5844885486495,,,1.1815,31.0
MUS,Mauritius,1982,2.751,,49.26108374384236,0.0818559128178908,,,2563.2739447142417,992521,41.7564953141956,,95.83545890695132,,,1.146,48.0
MUS,Mauritius,1983,2.751,,49.26108374384236,0.0440317117139468,,,2549.556068395346,1001691,41.7000043374146,,92.40158799253906,,,1.2199,40.0
MUS,Mauritius,1984,2.751,,49.26108374384236,0.0227669135843568,,,2641.5752168920812,1012221,41.8205833667794,,99.35173084947263,,,1.2714,33.0
MUS,Mauritius,1985,2.751,,49.26108374384236,0.0279969434507007,,,2802.285385288374,1020528,42.1343581180541,,107.50072525686411,,,1.2448,69.0
MUS,Mauritius,1986,2.751,,49.26108374384236,0.0386470574403879,,,3051.8635603939506,1028360,42.5641536016112,,112.82607323437055,,,1.4072,35.0
MUS,Mauritius,1987,2.751,,49.26108374384236,0.0494891032107412,,,3298.4378516094243,1036082,43.0327927506756,,125.38634283966216,,,1.4741,28.0
MUS,Mauritius,1988,2.751,,49.26108374384236,0.0427003766808921,,,3498.280937808718,1043239,43.4630984984724,,132.6249475409516,,,1.5577,65.0
MUS,Mauritius,1989,2.751,,48.76847290640394,0.0463295192478249,,,3626.601060160324,1051260,43.7778937782264,,133.93035074308744,,,1.6853,53.0
MUS,Mauritius,1990,2.751,,48.275862068965516,0.0344979596586205,3.5062115487678995,1.4126608236619285,3859.644414733703,1058775,43.9000015220485,31.153846153846153,135.29050066069138,3.420325694449573,1.4361400070270016,1.844,61.0
MUS,Mauritius,1991,2.751,,47.783251231527096,0.0247124150046043,3.1893598248805946,1.2833312094357476,3987.559453069877,1070266,43.8646127219959,30.105017502917153,126.64891135545116,3.1104796210309957,1.2877039911722814,1.9228,21.0
MUS,Mauritius,1992,2.751,,47.29064039408867,0.0204432562149328,3.4548944244704747,1.3179252380369455,4191.740218365037,1084441,43.7659935577684,32.68817204301075,120.23269948149905,3.381789204766831,1.3177798176187367,2.0043,66.0
MUS,Mauritius,1993,2.751,,46.30541871921182,0.0255733417518858,3.4726813781443155,1.3377375649851335,4352.855119120383,1097374,43.615496644887,27.704752275025278,120.89635605286493,3.4101041388854108,1.3351882079945423,2.137,73.0
MUS,Mauritius,1994,2.751,,45.812807881773395,0.0196491851222119,2.673482553910746,1.2735605307639482,4469.874164576426,1112846,43.4244745957928,22.80534351145038,120.56017585808156,2.6481916664103893,1.2754147000839655,2.1875,37.0
MUS,Mauritius,1995,2.751,,45.320197044334975,0.0125537998009489,2.744407586301956,1.3861277099058946,4621.616396191644,1122457,43.2042800229269,26.843910806174957,118.14872055778073,2.707624741295853,1.3777692442520275,2.2534,28.0
MUS,Mauritius,1996,2.751,,44.827586206896555,0.013935147862232,2.620071370591498,1.437963107726402,4830.20993790498,1133996,42.9662655387302,25.923016496465046,126.15921247857649,2.5912992638842627,1.4253626333935796,2.3401,28.0
MUS,Mauritius,1997,2.751,,44.33497536945813,0.0134035763044408,2.794364978841023,1.4638083887506894,5041.406865123588,1148284,42.7217837556441,24.517512508934953,126.10750504333782,2.770982761102933,1.4530239204549344,2.357,65.0
MUS,Mauritius,1998,2.751,,44.827586206896555,0.0208079485801981,3.166509544910658,1.5809714501352103,5291.5876601496275,1160421,42.4821872861094,27.6332899869961,130.44283296193197,3.1683024699347286,1.565911231202283,2.54,42.0
MUS,Mauritius,1999,2.751,,43.84236453201971,0.0202081785305594,2.97718771945416,1.7127745858877577,5361.158738378584,1175267,42.2588287425674,20.757097791798106,128.95499125364321,2.985523807545969,1.7090119775039418,2.9551,65.0
MUS,Mauritius,2000,2.751,2.7843,44.33497536945813,0.0117784211704657,2.835406977033551,1.6425214328231197,5744.19830169899,1186873,42.063123063288,29.569178852643418,120.68764877364589,2.845805003073048,1.6391127738236582,3.2409,79.0
MUS,Mauritius,2001,2.751,2.9328,44.827586206896555,0.0117589422349643,2.7642771475646883,1.9778820440786151,5889.771385462691,1196287,41.8827214180181,28.689691261119833,128.0545789801902,2.77406744931096,1.9638499164187329,3.3929,51.0
MUS,Mauritius,2002,2.751,2.9348,43.84236453201971,0.0113185119211624,2.708792201358967,1.9805834993952176,5943.480812477674,1204621,41.6986829938864,27.586153846153845,118.23047038025092,2.7201529014957764,1.9712212622857483,3.3845,44.0
MUS,Mauritius,2003,2.751,3.0042999999999997,43.34975369458128,0.010684499152159,2.693514204395828,2.022020593387055,6250.2637051328975,1213370,41.5127065251754,27.223823246878005,108.65557931342838,2.702972448979115,2.014993699100593,3.4709,30.0
MUS,Mauritius,2004,2.751,3.056,42.857142857142854,0.00681953407733824,2.616047173024743,2.055053168423004,6480.136485072584,1221003,41.3265540022042,27.356581986143187,107.02769826750476,2.624300613592708,2.0453925025062696,3.5212,47.0
MUS,Mauritius,2005,2.751,3.2856,41.87192118226601,0.00657606583814967,2.558786343591408,2.1515578728424902,6556.38819193225,1228254,41.1419874152917,25.00836267605634,121.60874399683618,2.5689506778353786,2.1358570231287395,3.6791,64.0
MUS,Mauritius,2006,2.751,4.0512,40.88669950738916,0.00816434745435896,2.461560202751295,2.1207583897062143,6843.399777349881,1233996,40.9607687547567,22.246808510638296,124.78228019246829,2.4733374318450183,2.100192959133636,4.435,73.0
MUS,Mauritius,2007,2.751,4.1839,39.90147783251231,0.00837909473560662,2.4296926859821326,2.0666434909964195,7202.4385389948875,1239630,40.7846600109183,22.400811359026367,118.62405814882118,2.4437870871134693,2.049190276702231,4.5696,34.0
MUS,Mauritius,2008,2.751,4.305,39.40886699507389,0.00857162807576386,2.331661714035277,2.0534066355890976,7563.03143738425,1244121,40.6154231740954,23.26202581149785,113.49266389972377,2.348495511556669,2.0372353850172145,4.6927,70.0
MUS,Mauritius,2009,2.751,4.4045000000000005,39.40886699507389,0.0114110119806519,2.253229090402882,2.096426877293025,7793.030821458805,1247429,40.4548202346069,23.629802095459837,102.45801980465532,2.271050538810061,2.0816629151738075,4.692,24.0
MUS,Mauritius,2010,2.751,4.6076,39.40886699507389,0.0974197638212974,2.189917007762366,2.08278100270798,8114.820560380029,1250400,40.3046131827718,21.495723317218296,111.50820207557501,2.2082358989941766,2.068888362159379,4.9832,74.0
MUS,Mauritius,2011,2.751,4.6182,39.05858788182273,0.11394942379722,2.1445662271450314,2.108831288142934,8432.19129317694,1252404,40.1665923228716,20.069733479372033,115.55247300280413,2.162605437239085,2.0943753436973243,5.0104,59.0
MUS,Mauritius,2012,2.751,4.7332,38.057085628442664,0.0967703151522881,2.138426064190144,2.084849490792867,8702.82242878289,1255882,40.0369511615085,20.288420300214437,117.44763908302653,2.1540218599037457,2.074286101842212,5.122,70.0
MUS,Mauritius,2013,2.751,4.8772,37.55633450175263,0.0778091714247043,2.091028392200984,2.068899287493369,8973.515500995332,1258927,39.9108848558771,20.62222991689751,136.55211795923606,2.1064422635646616,2.058129538396629,5.2705,68.0
MUS,Mauritius,2014,2.751,5.0989,37.55633450175263,0.0835433781723541,2.075318433044342,2.067653269435416,9300.078786385826,1261208,39.7887571971735,20.351719441607084,135.0990647654262,2.089200262855728,2.0590892327445003,5.4835,22.0
MUS,Mauritius,2015,2.751,3.774,37.55633450175263,0.0279823507404004,2.0858632273051936,1.875476343120359,9630.543783750698,1262879,39.6709610617726,22.763096429763095,133.13506908367674,2.098352741155541,1.868887763144024,5.4816,51.0
MUS,Mauritius,2016,2.751,4.0681,37.55633450175263,0.0271234375700913,2.080468948536366,1.8021383333596188,9995.650286420714,1263747,39.5578893260494,21.902366863905325,126.31000899804161,2.090961459657317,1.7959577240139686,5.5967,67.0
MUS,Mauritius,2017,2.751,4.5068,37.55633450175263,0.00339252211144264,2.08111366205174,1.7030416763557916,10379.913870673226,1264887,39.4499348663789,20.19910227637063,126.96405988488813,2.0904994020555776,1.6974878266017412,5.8497,33.0
MUS,Mauritius,2018,2.751,4.509,37.55633450175263,0.00240720178247387,2.115626957428515,1.7380206538841896,10789.924152113232,1265577,39.3474905591359,20.927499201533056,123.53898438654387,2.124178042993284,1.731919310674108,5.8494,48.0
MUS,Mauritius,2019,2.751,4.6117,37.55633450175263,0.00235978741871314,2.115104828864581,1.7612327192759238,11098.313706734136,1265985,39.2509492806955,21.95241038318912,127.94089906413252,2.1246339646900467,1.7562563727033078,5.947,21.0
MUS,Mauritius,2020,2.751,4.2648,37.55633450175263,0.00262996135685098,2.113917071069399,1.7160365698462816,9483.67602630847,1266014,39.1607039074325,24.14850798056905,121.12522550434967,2.123358113467318,1.7040902760793,5.5347,47.0
MUS,Mauritius,2021,2.751,4.5647,37.55633450175263,0.00271526913227865,2.1457401405149943,1.5543420870528464,9804.003186312102,1266334,39.077147315722,21.682820855614974,135.1930046146099,2.1552674600854247,1.5417758004696178,5.8421,39.0
MUS,Mauritius,2022,2.751,4.7036,37.55633450175263,,2.180478516411424,1.6544349695864962,10688.438311272164,1262523,39.0000125885784,,147.6637950340117,2.1864819864443987,1.640133011001038,5.9813,28.0
MUS,Mauritius,2023,2.751,5.0454,37.55633450175263,,2.0985493954918883,1.6908195474944958,11348.433772563169,1248647,39.0039901092226,,147.32139212885198,2.103080368602817,1.6702194981652496,6.3231,35.0
MUS,Mauritius,2024,2.751,,,,1.9986531179438725,,11934.770909957007,1245779,39.0162147027917,,145.4217003011527,2.002253559463466,,6.4716,59.0
MOZ,Mozambique,1960,100.3,,,,,,,6713695,3.62365921642075,,,,,,39.0
MOZ,Mozambique,1961,100.3,,3.10791220529515,,,,,6834936,3.83011297547764,,,,,,50.0
MOZ,Mozambique,1962,100.3,,3.115542104326153,,,,,6969364,4.07550624114648,,,,,,39.0
MOZ,Mozambique,1963,100.3,,3.121900353518655,,,,,7109828,4.35953753811056,,,,,,76.0
MOZ,Mozambique,1964,100.3,,3.1282586027111576,,,,,7255061,4.68017352237628,,,,,,42.0
MOZ,Mozambique,1965,100.3,,3.140975101096162,,,,,7406421,5.03538084995009,,,,,,51.0
MOZ,Mozambique,1966,100.3,,3.1460617004501636,,,,,7562990,5.4231261768384,,,,,,73.0
MOZ,Mozambique,1967,100.3,,3.1791245962511763,,,,,7724550,5.84137615904764,,,,,,22.0
MOZ,Mozambique,1968,100.3,,3.306289580101223,,,,,7892613,6.28809745258424,,,,,,30.0
MOZ,Mozambique,1969,100.3,,3.43345456395127,,,,,8066951,6.76125671345462,,,,,,33.0
MOZ,Mozambique,1970,100.3,,3.54154480022381,,,,,8250506,7.25882059766522,,,,,9.248,49.0
MOZ,Mozambique,1971,100.3,,3.54154480022381,,,,,8456317,7.77875576122246,,,,,9.3889,34.0
MOZ,Mozambique,1972,100.3,,3.560619547801317,,,,,8692935,8.31902886013277,,,,,8.9934,26.0
MOZ,Mozambique,1973,100.3,,3.624202039726341,,,,,8954242,8.87760655040257,,,,,9.3222,70.0
MOZ,Mozambique,1974,100.3,,3.624202039726341,,,,,9236093,9.45245548803829,,,,,9.2062,54.0
MOZ,Mozambique,1975,100.3,,3.64963503649635,,,,,9540817,10.0415423290464,,,,,8.8405,67.0
MOZ,Mozambique,1976,100.3,,3.64963503649635,,,,,9867209,10.6428337294332,,,,,8.6701,64.0
MOZ,Mozambique,1977,100.3,,3.64963503649635,,,,,10224975,11.2542963452052,,,,,8.5264,67.0
MOZ,Mozambique,1978,100.3,,3.64963503649635,,,,,10618250,11.8738968323689,,,,,8.1595,36.0
MOZ,Mozambique,1979,100.3,,3.64963503649635,,,,,11028809,12.4996018469306,,,,,8.0951,38.0
MOZ,Mozambique,1980,100.3,,3.64963503649635,,,,251.5675492228615,11336221,13.1272433211212,,,,,8.5697,78.0
MOZ,Mozambique,1981,100.3,,3.713217528421374,,,,258.85060609976205,11568127,13.8156852254054,,,,,8.3441,24.0
MOZ,Mozambique,1982,100.3,,3.8149495155014117,,,,235.76748281749698,11824370,14.6222175358109,,,,,9.7881,50.0
MOZ,Mozambique,1983,100.3,,3.8149495155014117,,,,194.6456546844692,12073822,15.5308837952716,,,,,9.6274,79.0
MOZ,Mozambique,1984,100.3,,3.942114499351459,,,,178.41568638255,12315954,16.523073466345,,,,,8.6891,31.0
MOZ,Mozambique,1985,100.3,,4.005696991276482,,,,176.8540862004307,12548949,17.5801760115885,,,,,9.1854,57.0
MOZ,Mozambique,1986,100.3,,4.069279483201506,,,,169.78779969559434,12770578,18.6835808935596,,,,,9.0003,55.0
MOZ,Mozambique,1987,100.3,,4.196444467051553,,,,193.9569024549407,12822574,19.8146775748159,,,,,8.5702,59.0
MOZ,Mozambique,1988,100.3,,4.260026958976576,,,,210.2223049106077,12800558,20.9548555179147,,,,,8.3125,57.0
MOZ,Mozambique,1989,100.3,,4.3236094509016,,,,222.04312347589905,12906842,22.0855041854136,,,,,8.6904,56.0
MOZ,Mozambique,1990,100.3,,4.387191942826623,,-0.2886681743770652,-0.8482335670168256,221.04898108639648,13094537,23.1880130398699,61.60520607375272,,-0.2939232010908157,-0.8484311333356792,8.6139,25.0
MOZ,Mozambique,1991,100.3,,4.450774434751647,9.66184544670387,-0.2561753498237646,-0.8082851655858213,227.4627362365001,13352090,24.2437715438413,67.85714285714286,49.4808133334293,-0.2584478608380932,-0.8064920475386194,8.2923,54.0
MOZ,Mozambique,1992,100.3,,4.476207431521656,13.709030101824,-0.2783194903553544,-0.9309539631640952,206.19460758858256,13613316,25.2341691598851,77.56563245823389,59.33716924530748,-0.280136004429081,-0.9212949391722796,8.6088,56.0
MOZ,Mozambique,1993,100.3,,4.476207431521656,11.4594217692103,-0.3191311579366762,-0.9545255699314216,221.62457996489766,14051192,26.1405953505588,86.86868686868688,55.240268566329476,-0.3202971247082753,-0.946365303625731,8.7833,40.0
MOZ,Mozambique,1994,100.3,,4.53978992344668,13.452141388927,-0.341785565498113,-0.96591343600439,220.47858329133106,15033853,26.9444395784199,91.72932330827066,58.742224936616175,-0.3430733166952693,-0.9599008762289816,9.1184,71.0
MOZ,Mozambique,1995,100.3,,4.641521910526717,19.4861261399571,-0.3651947263685747,-1.014550197294965,212.08624986290354,15960530,27.6270913060259,91.54589371980676,63.773536025392396,-0.3657857034627614,-1.0067859208068417,9.3653,67.0
MOZ,Mozambique,1996,100.3,,4.768686894376764,14.4718745782002,-0.4115393598425747,-0.9929184802639408,227.19848669518706,16492480,28.1699399959342,93.15352697095436,51.02929256163736,-0.4115522310070861,-0.986938038640184,9.5451,41.0
MOZ,Mozambique,1997,100.3,,4.959434370151835,11.2193510071238,-0.5127048473533733,-0.9971350490552504,247.18494562919642,16949982,28.5523811697494,96.73267326732673,43.29868197310237,-0.5145730186662034,-0.991926355381362,8.2168,66.0
MOZ,Mozambique,1998,100.3,,5.086599354001882,10.2634941473695,-0.5724683682358193,-1.0101447411081124,266.6727053974918,17340464,28.8204506770301,99.50516664241013,39.00754605930458,-0.5744234864395492,-1.0076980673531089,10.2074,56.0
MOZ,Mozambique,1999,100.3,,5.023016862076859,5.9357267119748,-0.5971507664184115,-1.0504374188735777,291.5600186656061,17734506,29.0471155729086,99.45652173913044,45.52761313554109,-0.5985090410826097,-1.0487400531721245,9.7431,77.0
MOZ,Mozambique,2000,100.3,-14.103200000000001,4.959434370151835,6.21223527949675,-0.6240636667117236,-1.0100845975083013,287.39063034448367,18129653,29.2423697311441,91.13715993404782,47.92088080158906,-0.6255222176023255,-1.0075700947033772,10.4988,22.0
MOZ,Mozambique,2001,100.3,-3.4825,5.086599354001882,6.28945069549311,-0.6224147597152567,-1.0059398087543523,317.1857035810339,18537729,29.4137097764239,99.62610303386839,50.415309577726475,-0.6262304963405816,-0.999956466077271,11.2259,76.0
MOZ,Mozambique,2002,100.3,6.8894,5.6588417813270935,7.15607959007746,-0.620186752870024,-0.9811827408339916,340.13537022259,18958338,29.5686323334348,99.69970182046454,73.30916275742297,-0.6240760006393591,-0.9726476040592676,11.7042,28.0
MOZ,Mozambique,2003,100.3,17.9987,5.722424273252117,10.0969874352829,-0.6468530837231203,-0.938949720011278,356.5211574041249,19392475,29.7146340268639,99.6603325415677,70.16835994791829,-0.6517660289630994,-0.9324428982872206,12.9199,38.0
MOZ,Mozambique,2004,100.3,28.5596,5.849589257102164,7.99532685365388,-0.6294273635775957,-0.8852154760690734,377.06495808487784,19840313,29.8592114813982,99.60406739278422,72.05200016123736,-0.6330217131167655,-0.8811284093655534,13.5872,26.0
MOZ,Mozambique,2005,100.3,38.9076,6.3582491925023525,7.51808300528586,-0.5648711864500577,-0.7776125777714635,391.69975816397647,20304569,30.0098613217248,99.84201050262566,72.00926097809824,-0.5738270664904577,-0.7724338257071616,14.0416,74.0
MOZ,Mozambique,2006,100.3,41.581,6.231084208652306,8.50524215312992,-0.6100131372701553,-0.6917298944130221,420.5264627647259,20787087,30.1740801725307,99.86608472053052,67.3498976872689,-0.6203806818931976,-0.6936999044577099,13.7714,49.0
MOZ,Mozambique,2007,100.3,45.151399999999995,6.612579160202446,9.80505322870557,-0.6819212332685655,-0.5450233181433622,442.04957405775076,21287635,30.3598131347122,99.92064279952845,66.12038218405164,-0.6902057603394702,-0.5503878899810692,14.3982,70.0
MOZ,Mozambique,2008,100.3,47.822100000000006,6.86690912790254,10.2039173979552,-0.6265559802851131,-0.5430279324483893,460.9472948567904,21819036,30.5625357695184,99.91941222983658,64.98141649982803,-0.6319845539779309,-0.5502280436934752,14.1253,50.0
MOZ,Mozambique,2009,100.3,50.3719,6.994074111752588,10.0220013623256,-0.5457451024257141,-0.5310834112980817,475.7881780511934,22391745,30.7715592059159,99.9262656553184,67.89857276814101,-0.5491117136907424,-0.5357615715677566,13.7315,57.0
MOZ,Mozambique,2010,100.3,53.896300000000004,7.184821587527658,10.2684840762505,-0.4731558784416272,-0.493021320697504,494.1628590747853,22999235,30.9861779822921,99.85711722488038,73.83735326818918,-0.4729430610583838,-0.4994506599606945,14.3123,53.0
MOZ,Mozambique,2011,100.3,60.1182,7.184821587527658,11.3709466025082,-0.5530145545202232,-0.5351039012655884,514.8699571919941,23649039,31.2062230032794,99.38697087961573,84.40621193330186,-0.5499884224505092,-0.5421890178989358,19.1212,71.0
MOZ,Mozambique,2012,100.3,64.382,7.184821587527658,11.9192598207508,-0.603565729333409,-0.5812521903822074,540.2945177803002,24337846,31.4315251735105,99.35274154910833,105.93458806051086,-0.5999832113160137,-0.5920078423584801,21.972,77.0
MOZ,Mozambique,2013,100.3,59.730199999999996,7.184821587527658,11.6325534065914,-0.5498533341357705,-0.4557946846663748,559.3939536856878,25051611,31.6619153976179,98.69481302774426,109.38537659912998,-0.5518456213316223,-0.4569748326663765,23.3062,29.0
MOZ,Mozambique,2014,100.3,55.1851,7.184821587527658,11.9039028509476,-0.4255130825431352,-0.4757443169671569,585.2667161339837,25788475,31.8972245802342,98.7694223410071,116.35685524221708,-0.4370837227688733,-0.4790813056408243,24.7471,69.0
MOZ,Mozambique,2015,100.3,56.63,7.184821587527658,12.2160721685778,-0.4781133953784962,-0.4788525081205134,610.5637747065892,26547572,32.1372836259918,92.65519848771267,98.76120365109007,-0.4911877119035887,-0.4824535912472735,24.5505,48.0
MOZ,Mozambique,2016,100.3,60.727199999999996,7.184821587527658,16.3133886142564,-0.6689514132799532,-0.4862644454062408,620.7797149545554,27337105,32.3819234395234,82.51816554338669,110.39435820148083,-0.6740244737695245,-0.4938485355988135,27.0062,58.0
MOZ,Mozambique,2017,100.3,63.206199999999995,7.184821587527658,18.0510410834352,-0.858348246056351,-0.5222094831127612,618.3976943603338,28166393,32.6274411492675,80.09659863945579,105.74564070208706,-0.8556529300966393,-0.5254519498853546,29.4852,52.0
MOZ,Mozambique,2018,100.3,66.2331,7.184821587527658,16.3975888133586,-0.7231682851433332,-0.4296212456568645,621.1537341947873,29018644,32.9902559073541,81.5486901219441,124.60745752537153,-0.7224615225058605,-0.4296937212678426,32.5121,31.0
MOZ,Mozambique,2019,100.3,63.8951,7.184821587527658,12.6767242973038,-0.756013464390255,-0.393658914237517,617.1393200019503,29884380,33.4177241517032,78.70507349454718,105.5911714019212,-0.754467006490023,-0.3923213746036561,30.1741,77.0
MOZ,Mozambique,2020,100.3,61.64829999999999,7.184821587527658,11.8639361284365,-0.8166407688520558,-0.3353155147262103,591.8040599859323,30783688,33.9044006416285,83.25417849258909,99.90614605197895,-0.8145340999712553,-0.3340314323871175,27.9273,69.0
MOZ,Mozambique,2021,100.3,64.8581,7.184821587527658,14.9074768559672,-0.9666243085888392,-0.2658373829682118,588.2158546954162,31707800,34.4499259401554,82.7180194030642,112.07896445833299,-0.9580492290611196,-0.2646991371345173,31.1371,32.0
MOZ,Mozambique,2022,100.3,69.40459999999999,7.184821587527658,,-0.9947485364668032,-0.1665941374736906,596.058889461466,32656246,35.0536638047945,,135.2795784169914,-0.9847825143007932,-0.1656833540390085,35.6836,27.0
MOZ,Mozambique,2023,100.3,68.03899999999999,7.184821587527658,,-1.0658448503330644,-0.173627084107455,610.4332588507459,33635160,35.7149783148407,,106.05861343002223,-1.0509574221268088,-0.1727381914765628,34.318,55.0
MOZ,Mozambique,2024,100.3,,,,-1.1462724251114793,,605.6047208485186,34631766,36.4332337447237,,95.65942035119403,-1.1284513026305634,,33.6256,51.0
NAM,Namibia,1960,6.16,,0.7785834881997837,,,,,591465,23.3950628874729,,,,,,31.0
NAM,Namibia,1961,6.16,,0.7785834881997837,,,,,603067,23.638594071498,,,,,,70.0
NAM,Namibia,1962,6.16,,0.7785834881997837,,,,,615759,23.8489959599718,,,,,,48.0
NAM,Namibia,1963,6.16,,0.7785834881997837,,,,,629589,24.0398093329211,,,,,,60.0
NAM,Namibia,1964,6.16,,0.7834420435083627,,,,,644530,24.212424407615,,,,,,67.0
NAM,Namibia,1965,6.16,,0.7834420435083627,,,,,660558,24.3682314013225,,,,,,40.0
NAM,Namibia,1966,6.16,,0.7834420435083627,,,,,677655,24.5086205313127,,,,,,45.0
NAM,Namibia,1967,6.16,,0.787085959989797,,,,,696045,24.6349820148547,,,,,,39.0
NAM,Namibia,1968,6.16,,0.787085959989797,,,,,715542,24.7487060692174,,,,,,76.0
NAM,Namibia,1969,6.16,,0.787085959989797,,,,,736120,24.8511829116699,,,,,,52.0
NAM,Namibia,1970,6.16,,0.7895152376440865,,,,,757868,24.9438027594813,,,,,6.4685,54.0
NAM,Namibia,1971,6.16,,0.791944515298376,,,,,780584,25.0279558299206,,,,,6.5693,66.0
NAM,Namibia,1972,6.16,,0.791944515298376,,,,,804399,25.1050323402568,,,,,6.6693,65.0
NAM,Namibia,1973,6.16,,0.791944515298376,,,,,828928,25.176422507759,,,,,6.7765,23.0
NAM,Namibia,1974,6.16,,0.791944515298376,,,,,854320,25.2435165496962,,,,,7.419,74.0
NAM,Namibia,1975,6.16,,0.791944515298376,,,,,881032,25.3077046833375,,,,,5.5584,67.0
NAM,Namibia,1976,6.16,,0.7943737929526654,,,,,906566,25.3703771259519,,,,,5.5873,51.0
NAM,Namibia,1977,6.16,,0.7943737929526654,,,,,931104,25.4329240948084,,,,,6.3277,29.0
NAM,Namibia,1978,6.16,,0.7955884317798102,,,,,947269,25.4967358071761,,,,,6.383,22.0
NAM,Namibia,1979,6.16,,0.7955884317798102,,,,,962825,25.5632024803241,,,,,6.8087,22.0
NAM,Namibia,1980,6.16,,0.7955884317798102,6.32709073146053,,,3543.528307873467,981434,25.6337143315213,,126.66300941381724,,,7.0539,41.0
NAM,Namibia,1981,6.16,,0.7955884317798102,4.36349838453125,,,3538.0590841396224,992500,25.7096615780368,,124.1791467424424,,,5.9871,75.0
NAM,Namibia,1982,6.16,,0.7955884317798102,2.93242885677091,,,3461.8597402142736,1010308,25.7924344371397,,113.28549434932759,,,5.4803,60.0
NAM,Namibia,1983,6.16,,0.801661625915534,2.40461859920779,,,3309.621392418938,1037511,25.883423126099,,97.69858413443622,,,5.4306,30.0
NAM,Namibia,1984,6.16,,0.801661625915534,3.61016654602263,,,3213.573773899905,1065989,25.9840178621838,,96.91126756679272,,,5.505,54.0
NAM,Namibia,1985,6.16,,0.801661625915534,4.62438650697376,,,3137.5389543085125,1096890,26.095608862663,,91.73169137126284,,,5.5759,75.0
NAM,Namibia,1986,6.16,,0.801661625915534,1.39554551088141,,,3187.749031803222,1131081,26.2195863448058,,102.71467029893928,,,5.9745,78.0
NAM,Namibia,1987,6.16,,0.801661625915534,2.3265207202648,,,3196.996586797265,1167889,26.3573405258811,,97.84663323779654,,,6.3584,61.0
NAM,Namibia,1988,6.16,,0.801661625915534,40.0701634879501,,,3111.6065448630516,1209696,26.510261623158,,91.0117626010634,,,6.747,77.0
NAM,Namibia,1989,6.16,,0.801661625915534,31.9534978771394,,,2974.5678742478353,1288947,26.6797398539056,,96.38015692953832,,,6.6815,43.0
NAM,Namibia,1990,6.16,,0.801661625915534,10.6504237394718,0.8627988147081254,1.4883603945794173,2857.33777498196,1369303,26.8671654353929,,93.75924558540027,0.9028934573478326,1.4822843397988268,6.5952,77.0
NAM,Namibia,1991,6.16,,0.801661625915534,1.30290832295929,0.5015141481328339,1.21029780599215,2989.40001637296,1415684,27.0715773259609,95.17638588912887,93.86472522005576,0.5131667117738818,1.222832916452281,6.6708,55.0
NAM,Namibia,1992,6.16,,0.801661625915534,0.661164148708913,0.3977878359303914,1.3526912996768354,3104.2453607801126,1461322,27.3243006833291,98.2051282051282,91.9734600107459,0.4056160922150881,1.36067130169594,6.6682,76.0
NAM,Namibia,1993,6.16,,0.8478179013470345,0.483065179682821,0.38819453144264,1.43767796355248,2959.275038009657,1508697,27.6807987893929,82.86203941730935,96.09557800967038,0.3969875656421526,1.4426685014725875,6.7411,71.0
NAM,Namibia,1994,6.16,,0.9073352038771271,0.569599897807329,0.3287290695507679,1.5166950019170375,2918.3774029616116,1556304,28.1343648393447,76.88787185354691,89.49368083452468,0.3368947961164582,1.5186858188593213,6.75,70.0
NAM,Namibia,1995,6.16,,0.9911452829501147,0.812418839940878,0.6404740097759098,1.6051937012708934,2945.362269562006,1602170,28.6711186131719,96.8403074295474,93.56084718650945,0.6293065736685544,1.592427794674448,6.8568,49.0
NAM,Namibia,1996,6.16,,0.9911452829501147,0.635076590121081,0.6078162293647009,1.504960594474453,2958.2406069738267,1646103,29.2771798908614,95.63269876819709,96.54422397717451,0.5959635295476536,1.495679089450628,7.0396,70.0
NAM,Namibia,1997,6.16,,0.9911452829501147,0.905100157891139,0.6963433997191797,1.4284691073417135,3004.308043599968,1689264,29.9386684524006,95.01557632398755,92.84109037339208,0.6843214348364972,1.4245404660129797,7.2919,38.0
NAM,Namibia,1998,6.16,,0.9911452829501147,0.755601344112676,0.796791741254577,1.4513680452953204,3025.3266801104874,1732745,30.6417040777766,97.35034347399412,92.1305009296504,0.7892544931011146,1.4394609391032622,7.61,62.0
NAM,Namibia,1999,6.16,,0.9911452829501147,0.53266664690255,0.6752935237932576,1.4264026465938926,3050.460988733226,1776368,31.3724065469765,96.6914805624483,91.10020514659475,0.6684915770518177,1.4260569954653664,7.8196,48.0
NAM,Namibia,2000,6.16,-89.5778,0.9911452829501147,0.592005978212752,0.9941604739721964,1.3308760976232143,3083.5965788469703,1818647,32.1168956399877,92.7059659090909,85.13224429472676,0.9909572612945784,1.332745214847029,8.7446,61.0
NAM,Namibia,2001,6.16,-89.3013,0.9911452829501147,0.634861422008575,0.9720705455602588,1.392079145710172,3055.4044483193625,1857048,32.8575058425719,,88.58410183802448,0.9728357038093316,1.3951833676981722,8.9491,74.0
NAM,Namibia,2002,6.16,-94.24539999999999,0.9911452829501147,0.598634291159831,0.931818485452603,1.2513922389738954,3145.9456628124713,1889970,33.6459301456028,,94.41522289489059,0.9318881562014908,1.2605964767496236,8.4548,58.0
NAM,Namibia,2003,6.16,-94.4013,0.98993064412297,0.930610729240151,0.9565382942905124,1.2112668475362016,3232.3058965885657,1917464,34.5460063719633,,95.95247438172126,0.9550750879108816,1.2193088848688616,8.7157,24.0
NAM,Namibia,2004,6.16,-96.0522,0.98993064412297,0.794488876889435,0.8985372061155001,1.1704162558531197,3582.8950325970145,1942082,35.5356476670033,,81.86226059165429,0.8969796769831682,1.1759291052847507,8.8604,59.0
NAM,Namibia,2005,6.16,-92.017,0.9887160052958253,1.18277131353143,0.921784532113498,1.1072190157603952,3627.750597722781,1966582,36.5870014553064,95.40444711538461,80.68038029398161,0.9177594030498772,1.1101742321209822,10.6402,50.0
NAM,Namibia,2006,6.16,-89.7355,0.9875013664686806,2.66281251772741,0.8615366107512727,0.9722651319296246,3834.998946661783,1991888,37.6722151614564,95.09751552795032,86.83396932599985,0.8575957471719573,0.9769533354087612,9.2953,56.0
NAM,Namibia,2007,6.16,-86.9594,0.9717110617157989,5.84952043001738,0.8482958481652598,0.9768071156772647,3987.61796106565,2018600,38.763436210037,93.26645569620253,104.97930375891546,0.8455814984221505,0.9792228301170892,9.2812,22.0
NAM,Namibia,2008,6.16,-94.7941,0.9717110617157989,2.25103912617622,0.8059463226201622,0.9689232368650144,4036.3818748470694,2047056,39.8328120256318,70.63434727503169,119.64449818478518,0.8036278550675833,0.969981964882358,10.0419,24.0
NAM,Namibia,2009,6.16,-82.7728,0.9717110617157989,1.93055021806173,0.9013067343125966,0.9975901739932272,3989.2071138765064,2077394,40.8524900328246,65.8877755511022,123.76284429297621,0.8941918522752804,0.998111793332754,10.1865,31.0
NAM,Namibia,2010,6.16,-87.70870000000001,0.9717110617157989,2.39089689019764,0.997135328652343,1.0115214339028344,4165.129902009883,2109811,41.7946176561991,97.4074638233054,108.07247717360559,0.9931886625073272,1.0103251812702008,9.461,36.0
NAM,Namibia,2011,6.16,-84.3922,0.9717110617157989,2.071941381811,0.9081185198064664,1.076375992243452,4302.72451368462,2146325,42.6276075621535,,102.18914775413836,0.901621782395476,1.073595252298824,9.8545,42.0
NAM,Namibia,2012,6.16,-82.1664,0.9717110617157989,1.73059224032469,0.8946471069678967,0.997025819957968,4420.9674137386155,2194654,43.3804079185694,88.11158021712907,100.21340877430009,0.8918416980863358,0.9938253522013843,11.1311,32.0
NAM,Namibia,2013,6.16,-100.958,0.9717110617157989,1.17402632983259,0.9406640770619988,0.9753169110183804,4549.267590938971,2252508,44.1106769079132,,97.72490423038323,0.9327350912946708,0.9738140700680162,10.2256,72.0
NAM,Namibia,2014,6.16,-97.39949999999999,0.9717110617157989,1.64153563776896,0.8493143066224178,0.9410476385621598,4701.9569418909805,2312139,44.8214248210559,99.76047120418848,103.08013700925368,0.8429427979996176,0.9373545518769266,10.8743,69.0
NAM,Namibia,2015,6.16,-99.2333,0.9717110617157989,1.8752743624842,0.9147257087294398,0.9005270325107277,4774.106508657753,2374300,45.5103554445325,93.23223350253808,97.2390317873478,0.9157024150559928,0.8976431551006847,11.1255,57.0
NAM,Namibia,2016,6.16,-102.61330000000001,0.9717110617157989,2.60379046438201,0.9056396977217376,0.8778847598613753,4648.627134602133,2439213,46.1751725648784,,93.96618796016202,0.9057520211879616,0.8723726561270116,12.3518,27.0
NAM,Namibia,2017,6.16,-99.8994,0.9717110617157989,3.35579400030648,0.9277423159860718,0.8325326268214106,4476.733244021052,2506853,46.8135799686288,84.18058690744921,81.2196661011436,0.9293340530354252,0.8287120658814265,11.774,30.0
NAM,Namibia,2018,6.16,-106.8241,0.9717110617157989,1.26282912430688,0.8398370404128742,0.8618578917254234,4400.4753770574325,2577327,47.4232814423189,93.29025423728814,81.71386529638043,0.841118631771085,0.8562042247461022,11.5967,43.0
NAM,Namibia,2019,6.16,-104.9365,0.9717110617157989,1.43731396410693,0.8564020246882608,0.866062319432511,4243.09274481966,2650494,48.0019807724839,,82.90115074263547,0.8594313134854605,0.8581199425106452,11.7745,49.0
NAM,Namibia,2020,6.16,-96.5326,0.9717110617157989,1.93029383948291,0.8223673506327251,0.9118620406179032,3787.499439732857,2728762,48.547381745659,83.46421471172962,76.92524240364645,0.8269918859310934,0.904809337308532,11.1246,22.0
NAM,Namibia,2021,6.16,-96.4042,0.9717110617157989,4.03058059383138,0.6978440477578896,0.7824375808892541,3809.807533597145,2810548,49.0571881483796,90.88616223585548,83.54430309236237,0.7031216393463705,0.7746340080566341,12.1345,29.0
NAM,Namibia,2022,6.16,-98.4364,0.9717110617157989,,0.6331321770553106,0.833743443806523,3905.5513526816358,2889662,49.5291037671807,,99.2625547814064,0.6395137470094915,0.8253775229477535,12.2692,53.0
NAM,Namibia,2023,6.16,-96.8157,0.9717110617157989,,0.4254166852976563,0.6930307706309048,3977.977799096187,2963095,49.9545837830821,,110.77071396598323,0.4389136898331949,0.6977020840405876,13.8899,41.0
NAM,Namibia,2024,6.16,,,,0.3201492710664046,,4034.350534632841,3030131,50.4088030252155,,109.62850981893162,0.339085286606084,,14.2121,42.0
NER,Niger,1960,3.5,,9.077919002131523,,,,742.4089107609817,3505050,5.70988791277897,,14.50575373586916,,,,46.0
NER,Niger,1961,3.5,,9.077919002131523,,,,753.9810294039063,3608162,5.85043325293984,,17.82657799549449,,,,25.0
NER,Niger,1962,3.5,,9.077919002131523,,,,807.6727625094107,3714520,6.0,,22.231367078535232,,,,44.0
NER,Niger,1963,3.5,,9.077919002131523,,,,858.5469510941842,3823873,6.19289144504614,,19.63342022625012,,,,75.0
NER,Niger,1964,3.5,,9.077919002131523,,,,835.221509892938,3935814,6.45466771956993,,23.365301260423625,,,,21.0
NER,Niger,1965,3.5,,9.07712954922239,,,,867.9044265398429,4049695,6.76411011046689,,23.500419498565712,,,,32.0
NER,Niger,1966,3.5,,9.07712954922239,,,,840.5395317269465,4165544,7.09999990463257,,28.53846804049196,,,,61.0
NER,Niger,1967,3.5,,9.07712954922239,,,,818.3804727726941,4283590,7.48804449476672,,22.804354696932293,,,,29.0
NER,Niger,1968,3.5,,9.611589168706086,,,,799.1235932599944,4403637,7.95614954183223,,22.290325292145724,,,,49.0
NER,Niger,1969,3.5,,9.610010262887819,,,,734.9092210603998,4525725,8.48639373511928,,25.830694906106995,,,,34.0
NER,Niger,1970,3.5,,8.839504223573064,2.15642649408056,,,737.0816028751818,4650275,9.06085576391805,,28.873074248903784,,,11.0219,74.0
NER,Niger,1971,3.5,,8.862398357937948,1.79809555539492,,,758.4019536414673,4776225,9.66161431751872,,27.968902996797972,,,11.3403,65.0
NER,Niger,1972,3.5,,8.820557353753848,2.00009779819851,,,700.360678791067,4904845,10.2707480852115,,34.70831407486646,,,11.5492,63.0
NER,Niger,1973,3.5,,8.533985947738218,2.76124273902868,,,565.6262531760582,5037865,10.8703357562865,,39.24978802485844,,,8.8031,70.0
NER,Niger,1974,3.5,,7.717691639693693,2.89703036954256,,,598.9626159042513,5174953,11.442456020034,,41.24354351974211,,,8.8621,78.0
NER,Niger,1975,3.5,,7.717691639693693,3.90347470895637,,,566.6757007526816,5317019,11.9691875657442,,50.24018356638057,,,9.4856,39.0
NER,Niger,1976,3.5,,7.716112733875424,3.59820582756739,,,555.0742912713649,5464962,12.4326090827072,,56.6014748012522,,,10.2259,25.0
NER,Niger,1977,3.5,,7.716112733875424,5.26028447753184,,,581.701168587623,5619716,12.8106222400308,,48.97211232048905,,,11.245,69.0
NER,Niger,1978,3.5,,7.716112733875424,3.95850335440615,,,641.4418217017079,5782932,13.1234831032711,,50.35934881337353,,,11.6536,45.0
NER,Niger,1979,3.5,,7.8566353517012715,3.24708772729635,,,667.3644141518222,5955556,13.415121822413,,65.4123428237894,,,12.074,60.0
NER,Niger,1980,3.5,,8.061893108076102,3.37707253011045,,,631.8397020112872,6135971,13.6919540214464,,62.71029742273011,,,12.6004,72.0
NER,Niger,1981,3.5,,7.714533828057156,3.51663633923209,,,612.1572904683762,6322006,13.9531048025288,,60.35731578947367,,,13.254,32.0
NER,Niger,1982,3.5,,7.777690060787874,5.40538309182449,,,607.1515031372295,6512732,14.1976992678177,,57.0681085272408,,,13.8582,59.0
NER,Niger,1983,3.5,,7.896107997157969,4.18980861733725,,,566.6478752159418,6708644,14.4248625194702,,47.7392587544749,,,14.5889,57.0
NER,Niger,1984,3.5,,7.714533828057156,5.12175739687936,,,457.6058450325691,6909971,14.633719659644,,49.87571527250026,,,10.6327,47.0
NER,Niger,1985,3.5,,7.712954922238889,3.91678294350721,,,478.48763243638007,7118457,14.8233957904964,,53.526637183081164,,,9.1844,34.0
NER,Niger,1986,3.5,,7.712954922238889,4.64311153307121,,,493.8040771481726,7335811,14.9930160141848,,40.69229501916723,,,9.4882,35.0
NER,Niger,1987,3.5,,7.501381542590985,3.9688029656736,,,479.5105681131169,7561150,15.1417054328667,,45.98451143712502,,,9.779,33.0
NER,Niger,1988,3.5,,7.491118654772243,4.32140942121565,,,497.1645578674155,7793748,15.2680262917567,,41.888443336314474,,,10.1502,53.0
NER,Niger,1989,3.5,,7.57401121023131,4.78732622853214,,,486.8656838517944,8034780,15.367455984404,,39.89804356646843,,,10.5313,47.0
NER,Niger,1990,3.5,,8.712402305202495,3.72816593470452,-0.4719374068667734,-1.2112303787618552,465.923889536505,8286059,15.448037147522,,35.616773555329914,-0.4844103557396935,-1.2147890883649135,10.7387,52.0
NER,Niger,1991,3.5,,9.546064577247968,4.04600837257122,-0.3932072576245772,-1.1270261332742997,449.71926685473085,8546900,15.5171031951904,,30.336179238057014,-0.3980889789562457,-1.1291684432604072,11.1565,70.0
NER,Niger,1992,3.5,,10.25262493092287,4.17192131040536,-0.4883739640804635,-1.1500193247345716,444.6327753124549,8817633,15.5867443084717,,28.706649946223845,-0.4927751194154985,-1.152273926261733,11.5863,78.0
NER,Niger,1993,3.5,,10.251835478013737,3.98117218901387,-0.5211839638088349,-1.242293200820731,432.18444958718777,9100789,15.656964302063,,26.09893764829599,-0.5250005595083829,-1.236510457185802,12.2712,42.0
NER,Niger,1994,3.5,,10.251046025104603,7.56560325669562,-0.5292921013619823,-1.2589197203615032,426.26750676366436,9398258,15.7277612686157,,33.64252861705974,-0.5330055370148877,-1.253523813245097,12.6502,61.0
NER,Niger,1995,3.5,,11.040498934238572,9.66585920338205,-0.534018822939649,-1.2771337896289676,422.5231538985232,9714529,15.7991333007812,,34.7775356997428,-0.5369261184874531,-1.2724622143098192,13.1844,77.0
NER,Niger,1996,3.5,,11.040498934238572,9.4091389903805,-0.5789224095692809,-1.2989942884783143,409.03935869840353,10044852,15.8138437271118,,36.539997643492995,-0.5813963266572806,-1.2939862341236503,13.8366,21.0
NER,Niger,1997,3.5,,11.040498934238572,9.53508825403769,-0.5992283868638331,-1.3346584915579758,401.72498811036314,10383969,15.8930797576904,,33.1743453903346,-0.6017874549567771,-1.329699806558336,14.5809,79.0
NER,Niger,1998,3.5,,11.039709481329439,8.72521204690945,-0.636462023027303,-1.3967465821701266,427.0860303318956,10741413,15.9723119735718,,35.0196895457842,-0.6384373365575663,-1.3926665974656605,15.2461,32.0
NER,Niger,1999,3.5,,11.039709481329439,5.85596347413254,-0.6727870166901188,-1.4699627625117146,411.7356992094849,11117411,16.0515403747559,,31.375236724539068,-0.6740633567120313,-1.466117941794416,15.8446,30.0
NER,Niger,2000,3.5,0.6860999999999979,11.032604405147232,7.26831682770737,-0.7895155859664614,-1.4714263296891097,392.89861694104184,11509630,16.1307678222656,0.3883495145631068,34.71278070436043,-0.7887092991583966,-1.468092603264938,16.2064,77.0
NER,Niger,2001,3.5,1.7545000000000002,11.028657140601563,6.55942488973714,-0.8381686192764002,-1.5039011753602551,406.9234936652638,11920647,16.2687225341797,0.5555555555555556,33.01366708430145,-0.8332715927662474,-1.500307477398915,16.9543,41.0
NER,Niger,2002,3.5,2.820499999999999,11.020762611510223,7.01295308601143,-0.8453768727137415,-1.5511036556092506,412.1237931925778,12349144,16.2687206268311,0.5235602094240838,30.83438574975493,-0.8439834893536967,-1.5474867464378728,17.6999,26.0
NER,Niger,2003,3.5,3.940199999999999,11.09181337333228,9.26317259194414,-0.943861641404224,-1.532840795361916,406.3337574978762,12796984,16.2687225341797,0.5670103092783505,33.382793141623836,-0.9405797059478136,-1.5361308698797722,18.4991,59.0
NER,Niger,2004,3.5,5.077699999999998,11.13523328333465,7.50759997659221,-0.999602616956429,-1.557839057348282,393.39878145319864,13265836,16.2687225341797,0.6341463414634146,36.96410444648958,-0.9959479761456632,-1.5583941335724685,19.3162,65.0
NER,Niger,2005,3.5,6.125299999999999,11.14944343569906,7.20852272920724,-1.0567352057534587,-1.5482183065163015,407.1909310599244,13756192,16.2687225341797,0.6986899563318777,38.34774180707357,-1.0553809993756194,-1.5482370244996166,20.0433,61.0
NER,Niger,2006,3.5,7.1572,11.160495776426936,6.89459669021653,-1.09914966648699,-1.6086822527452844,415.85202211480066,14268581,16.2675724894628,0.8256880733944955,36.53137318424288,-1.0954008192807436,-1.6064558508312048,20.7547,49.0
NER,Niger,2007,3.5,8.335,11.782584668824505,8.30057946231934,-1.0606011475841506,-1.6875607650200906,413.4191262610662,14803610,16.2641887037781,0.8035714285714285,35.50280284710066,-1.057434705533608,-1.6805983580341726,21.6121,35.0
NER,Niger,2008,3.5,9.550500000000001,11.778637404278834,7.94563898176327,-0.9124412599593617,-1.7728586958143688,429.19554279887734,15361915,16.2586706998252,0.8771929824561403,39.711244054038275,-0.9130727950843804,-1.7691012448066836,22.5071,73.0
NER,Niger,2009,3.5,10.9413,11.762848346096156,7.96220358501721,-0.9468045644083084,-1.764748284552195,421.6509013331357,15943675,16.2511180003032,0.7782101167315175,49.51225670316246,-0.9482840736003632,-1.7627380160531072,23.5383,72.0
NER,Niger,2010,3.5,11.0815,11.92073892792295,6.88472156897825,-0.9339493918071666,-1.768803448522827,441.0791661120394,16548835,16.2416301279116,1.1604095563139931,51.94598630276275,-0.9375826609617156,-1.762908071383546,23.3188,42.0
NER,Niger,2011,3.5,12.242600000000001,12.315465382489934,8.1477117559769,-0.9744117210487104,-1.779357946557749,434.986264873953,17176283,16.2303066053496,1.432748538011696,50.24639515693449,-0.9786983857741388,-1.770582877650866,24.1202,26.0
NER,Niger,2012,3.5,14.3726,12.552301255230125,10.3335481762903,-1.0193072357417616,-1.6825626289237083,463.0662654964024,17836769,16.2141284004355,1.6290726817042605,45.08596447308003,-1.0228803239312234,-1.6808343943432518,25.8905,27.0
NER,Niger,2013,3.5,16.0843,13.262808873450698,11.466881046248,-1.0087538372759886,-1.6592889512725146,469.6902142008783,18519898,16.2162595696064,1.8510158013544018,46.29514914932913,-1.0149017629159889,-1.6580922540274277,27.2426,31.0
NER,Niger,2014,3.5,17.740099999999998,13.262808873450698,10.2730531340882,-1.0326712319295162,-1.5809877632127245,482.7452474194604,19215909,16.2450424611665,2.2121896162528216,45.741600836593236,-1.04148745568111,-1.5806255535339488,28.5387,40.0
NER,Niger,2015,3.5,19.1491,13.262808873450698,9.74015905746736,-0.9864262114591263,-1.4988847816203204,485.6625741752788,19939498,16.3035606587493,2.1468926553672314,44.727430371185996,-0.9918572988731496,-1.5010455459126364,29.588,45.0
NER,Niger,2016,3.5,20.8597,13.815425909844478,9.68635453036973,-0.990264965591278,-1.4421069290602309,495.01743721600786,20685753,16.3898280543236,1.8903318903318904,36.4881092245519,-0.9871590974429222,-1.4463878612286174,30.9389,75.0
NER,Niger,2017,3.5,22.4307,13.973316491671273,9.37929042574549,-0.810630757834814,-1.4085642641208227,501.61530546290214,21435446,16.5036987906896,2.6334519572953736,39.07111173701491,-0.8046125815017002,-1.4102962285634129,32.1503,49.0
NER,Niger,2018,3.5,24.2929,13.973316491671273,6.79609733342576,-0.8427280177104678,-1.3830091209746584,519.5469934838859,22188069,16.6449011799221,8.598880597014926,37.5388483992356,-0.8426910173073465,-1.3907170381564886,33.6528,40.0
NER,Niger,2019,3.5,26.517200000000003,13.973316491671273,5.81263963543114,-0.8716647412860826,-1.3718752400902394,532.1860245703888,22947757,16.813146499685,6.87910447761194,37.102566425080106,-0.8752540823924015,-1.3809991279533151,35.5174,41.0
NER,Niger,2020,3.5,28.194499999999998,13.973316491671273,5.56826403591678,-0.918338039962273,-1.4409199667605237,533.1943289102543,23717613,17.0081420003794,6.848439821693908,35.51299065708412,-0.92677407453592,-1.4397171301959255,37.1947,34.0
NER,Niger,2021,3.5,30.193800000000003,13.973316491671273,6.40907047167716,-0.992852467855815,-1.3894653852935794,523.2631795186519,24502140,17.2295936666686,6.383656509695291,37.015893550371295,-1.002360342885559,-1.3897636640781132,39.194,29.0
NER,Niger,2022,3.5,32.3585,13.973316491671273,,-1.0417810997492962,-1.3985141645514985,566.7979629838662,25311973,17.477207007512,,52.8061484327332,-1.0512129734063198,-1.4003872933800103,41.3587,21.0
NER,Niger,2023,3.5,31.072000000000003,13.973316491671273,,-1.049969836615488,-1.3167176890636174,557.5726527278644,26159867,17.7506873295237,,46.475558063066764,-1.056326466593411,-1.3158691112893008,40.0722,50.0
NER,Niger,2024,3.5,,,,-1.195716215429142,,595.1517445593162,27032412,18.0497398450803,,49.97598373513892,-1.1926521230020213,,41.1461,73.0
NGA,Nigeria,1960,221.0,,25.99558615237656,,,,1454.9809192778332,45053782,14.2320052121544,,26.166512865529874,,,,52.0
NGA,Nigeria,1961,221.0,,25.99558615237656,,,,1428.1170925302845,45989310,14.7902648047974,,,,,,24.0
NGA,Nigeria,1962,221.0,,26.15698804308442,,,,1455.8173739816327,46965292,15.3545666804267,,,,,,69.0
NGA,Nigeria,1963,221.0,,26.319487905837917,,,,1547.4839549988285,47973575,15.9183834009184,,,,,,54.0
NGA,Nigeria,1964,221.0,,26.48088979654578,,,,1589.6815602119264,49012016,16.4846664407981,,,,,,78.0
NGA,Nigeria,1965,221.0,,26.642291687253643,,,,1631.5598746826304,50086764,17.0662823273319,,,,,,41.0
NGA,Nigeria,1966,221.0,,26.804791550007135,,,,1528.5945036569624,51188234,17.6649539447777,,,,,,38.0
NGA,Nigeria,1967,221.0,,26.966193440714996,,,,1260.7271241353403,52293065,18.2799262262616,,,,,,64.0
NGA,Nigeria,1968,221.0,,27.12869330346849,,,,1218.433174760438,53432783,18.9104441049099,,,,,,41.0
NGA,Nigeria,1969,221.0,,27.290095194176356,,,,1480.0471189256587,54631914,19.5557525138485,,,,,,71.0
NGA,Nigeria,1970,221.0,,27.45149708488422,2.40487127999705,,,1808.394591039729,55893838,20.2150963862038,,,,,172.3708,40.0
NGA,Nigeria,1971,221.0,,27.613996947637716,2.55741611503911,,,2018.1732146460067,57214684,20.8877206551017,,,,,187.2119,72.0
NGA,Nigeria,1972,221.0,,27.775398838345577,3.48788745824301,,,2036.6939782136117,58601748,21.5728702536685,,,,,222.2991,23.0
NGA,Nigeria,1973,221.0,,27.93680072905344,5.10429012651809,,,2093.6387317568447,60082139,22.2697901150302,,,,,252.4364,28.0
NGA,Nigeria,1974,221.0,,28.09930059180693,28.5372790441807,,,2267.0440844949358,61679144,22.9777251723131,,,,,286.0673,30.0
NGA,Nigeria,1975,221.0,,28.260702482514795,20.2632192033256,,,2089.855077791782,63410815,23.6959203586433,,,,,232.0454,64.0
NGA,Nigeria,1976,221.0,,28.422104373222655,17.6857369709696,,,2214.32261606968,65258009,24.4236206071468,,,,,266.2858,49.0
NGA,Nigeria,1977,221.0,,28.58460423597615,22.811167641669,,,2278.697217676382,67234590,25.1600708509499,,,,,260.7509,69.0
NGA,Nigeria,1978,221.0,,28.746006126684016,19.1238677967885,,,2082.5527990989754,69326532,25.9045160231787,,,,,250.1125,71.0
NGA,Nigeria,1979,221.0,,28.907408017391877,43.1495814006749,,,2155.7896530020075,71498242,26.6562010569593,,,,,312.1431,49.0
NGA,Nigeria,1980,221.0,,29.069907880145372,26.7349084099615,,,2177.41578655323,73764641,27.4143708854178,,,,,286.5499,60.0
NGA,Nigeria,1981,221.0,,29.231309770853237,4.62850032944711,,,1834.287608209145,76068103,28.1782704416805,,,,,224.5372,35.0
NGA,Nigeria,1982,221.0,,29.393809633606725,2.58964272557008,,,1659.0981435116798,78378701,28.9471446588734,,,,,211.6114,77.0
NGA,Nigeria,1983,221.0,,29.55521152431459,5.72145243241404,,,1440.0174778261976,80438260,29.7202384701227,,,,,208.1702,40.0
NGA,Nigeria,1984,221.0,,29.71661341502245,9.33482537912517,,,1387.9217600558852,82526443,30.4967968085545,,,,,220.1652,41.0
NGA,Nigeria,1985,221.0,,29.87911327777595,10.4659288268693,,,1428.9274282036615,84897973,31.276064607295,,,,,232.291,30.0
NGA,Nigeria,1986,221.0,,30.04051516848381,6.41329627493772,,,1391.4787723454167,87235953,32.0572867994702,,,,,229.0485,52.0
NGA,Nigeria,1987,221.0,,30.17446775805088,11.0207736023425,,,1398.248832989991,89591716,32.8397083182064,,,,,216.4907,66.0
NGA,Nigeria,1988,221.0,,30.427001328546176,10.3622543914253,,,1461.1913223129939,92020090,33.6225740966297,,,,,235.3766,66.0
NGA,Nigeria,1989,221.0,,30.620244408577356,22.8639107598393,,,1449.6801764711322,94531014,34.4051290678662,,,,,259.9309,50.0
NGA,Nigeria,1990,221.0,,30.82446720906486,25.074565468693,-0.3613536000114489,-0.0625400532052068,1577.196166277406,97120925,35.1866181650421,32.58560499145807,,-0.3667349320565763,-0.059223408825276,260.8156,73.0
NGA,Nigeria,1991,221.0,,31.84118932331983,17.70600698125,-0.1795430599027948,-0.1182404061169259,1541.590662610364,99720162,35.9657628204929,41.864897296534195,,-0.1797199005788061,-0.1180389921000805,275.4143,46.0
NGA,Nigeria,1992,221.0,,33.04895857351472,20.8862430156947,-0.0857708927444268,-0.0681968829076575,1571.1902261783032,102372770,36.7456434131176,40.84535526493192,,-0.0838551227856495,-0.067995182051547,299.3938,33.0
NGA,Nigeria,1993,221.0,,33.04895857351472,34.2695022219771,-0.0202382417726194,-0.0306014901687953,1498.9589503778707,105122069,37.5335756091442,38.414339882799034,,-0.0198868739870581,-0.0304317899431228,303.0004,68.0
NGA,Nigeria,1994,221.0,,34.037133414583266,23.8551028164568,-0.1021007426191966,0.0048206848769689,1433.3886109229045,107935714,38.3306573470114,35.81224647479235,,-0.101421317478558,0.0049579014182897,326.775,73.0
NGA,Nigeria,1995,221.0,,36.12328030128353,21.7988932440235,-0.1172085611107822,0.0532263724544276,1395.0748845685605,110819428,39.1364103583649,34.6849971621366,,-0.1151833476744489,0.0532671791016564,358.6263,24.0
NGA,Nigeria,1996,221.0,,36.34287471040987,21.4145127823877,-0.1698382359925515,0.0998700617314645,1416.1018947121204,113754779,39.9503563748504,33.860740011081695,,-0.1669409061545861,0.0998803678220466,417.0406,76.0
NGA,Nigeria,1997,221.0,,36.452671914973045,18.7360799831083,-0.1857809561972081,0.1463937409381054,1420.2387796120709,116754792,40.7720171281134,34.70248805608984,,-0.1824572343628912,0.146372753856842,391.0388,47.0
NGA,Nigeria,1998,221.0,,37.331049551478415,11.3595895147082,-0.2185499253448239,0.1903474476454799,1419.3177091795499,119846254,41.6009143497997,38.21719277347628,,-0.2141716118246771,0.1902874934482372,358.9155,76.0
NGA,Nigeria,1999,221.0,,38.429021597110136,13.0436291752413,-0.2347819114396032,0.3086099907541965,1390.4692113907834,123047320,42.4365697715547,38.21244328423146,,-0.2294736093587708,0.2740962653435034,346.0313,64.0
NGA,Nigeria,2000,221.0,588.5424,38.429021597110136,24.9357339994509,-0.3376311429177157,0.3198991902404272,1421.6798795201305,126382494,43.2785051250243,42.75720437230871,,-0.330048827240245,0.2850842567074135,379.8679,27.0
NGA,Nigeria,2001,221.0,599.1374,39.143801398816386,18.1012267482663,-0.3711816741677207,0.3630887963082274,1465.4572034230935,129862595,44.1262421418539,39.24089529590288,,-0.3630599703063059,0.3243558338785011,385.8877,41.0
NGA,Nigeria,2002,221.0,551.1659,39.18442636450476,13.6048166584392,-0.2395911011121939,0.436608750419741,1644.3951887763255,133471989,44.9793025536893,29.30035691406607,,-0.235900595931711,0.3965902319111832,332.8274,64.0
NGA,Nigeria,2003,221.0,592.972,39.218463497919345,15.512504112848,-0.1120708049247408,0.4999341658239929,1717.214511117599,137202644,45.8372080921761,37.840220251437486,,-0.1086213027710254,0.460167941222745,369.1864,74.0
NGA,Nigeria,2004,221.0,589.9041,39.25359860337956,16.775506962461,0.0477161502447476,0.5547082214453388,1824.8026945677343,141057045,46.6994804889599,32.905988461850974,,0.0454536899697263,0.5172112186085546,359.9911,25.0
NGA,Nigeria,2005,221.0,588.4196000000001,39.287635736794144,19.3875677161802,0.3426582046476618,0.5519328987997504,1889.2517532581815,145017253,47.5656414756863,54.65509462338639,,0.3424946368393264,0.5138636533353437,351.6043,48.0
NGA,Nigeria,2006,221.0,567.9173,39.32277084225436,16.6989726330047,0.4884501477562637,0.4567813491183573,1949.1585680456521,149077334,48.424271994461,44.93804034582132,,0.4888269136858992,0.4198310767760803,324.0109,42.0
NGA,Nigeria,2007,221.0,565.7287,39.35680797566894,15.8610116948726,0.4558065705810709,0.3399424311910561,2020.833162994537,153267261,49.2357987173198,32.90410206581893,,0.4598210303832465,0.3061116331178543,298.6714,73.0
NGA,Nigeria,2008,221.0,565.7855999999999,39.391943081129156,17.590261235625,0.4497178268979165,0.2448769049652572,2098.2833922066798,157595014,50.0505212312351,33.01478988619758,,0.4517792475823194,0.2153337946875068,303.8215,50.0
NGA,Nigeria,2009,221.0,541.8012,40.48442526653272,10.6511450158162,0.4213367839334503,0.1822192493338917,2204.607256037303,162049464,50.86453484762,35.06823529411764,,0.4246081939558616,0.1594057091721131,287.3889,47.0
NGA,Nigeria,2010,221.0,574.6741,39.461115320003955,13.8029914948457,0.3056132096919446,0.144974977702206,2315.466765096628,166642886,51.6778188255446,26.12013045841638,,0.308566893088495,0.1283442504884188,309.5195,34.0
NGA,Nigeria,2011,221.0,606.7303999999999,39.495152453418534,17.5539035632028,0.2943679429532538,0.1616216360899241,2370.9765709180256,171379598,52.490352424079,18.208388306367613,,0.2999805973470787,0.1449718408108726,330.1952,78.0
NGA,Nigeria,2012,221.0,622.4406,39.530287558878754,15.1485150031193,0.2313105222762429,-0.0171418549690353,2403.653878969245,176200625,53.302114902293,17.139224207307258,,0.2352193629495909,-0.0199342429985874,331.6927,65.0
NGA,Nigeria,2013,221.0,621.4308000000001,39.56432469229333,11.6227181116144,0.2309936823668019,0.0948293335077945,2495.341065737488,181049443,54.1130855192568,18.04034412896027,,0.2351185450355268,0.0954474174913748,335.4048,29.0
NGA,Nigeria,2014,221.0,638.3966,39.59945979775355,8.78193552361452,0.1488441694763053,-0.0493804088740088,2583.615569581399,185896915,54.9232435340404,15.019763904101255,,0.1513871815710891,-0.0543374927263541,346.6176,41.0
NGA,Nigeria,2015,221.0,638.6741,39.63349693116813,4.55410681800406,0.1012597701612853,-0.0196571945561046,2585.733606717974,190671878,55.7325682057138,14.351371764967233,,0.1024480186391538,-0.0249784314578697,342.3975,63.0
NGA,Nigeria,2016,221.0,634.1033,39.668632036628345,4.65772615666869,0.1303296379856581,-0.082533226008326,2481.8149035032625,195443700,56.541038793347,15.656587266718876,,0.1309574852696982,-0.0914769602336241,336.7501,42.0
NGA,Nigeria,2017,221.0,635.1496,39.70266917004293,7.80498492445019,0.0070859294967415,-0.0641921748631377,2441.712364044882,200254579,57.3486345560101,22.285290001999027,,0.0092653332907985,-0.072603621318696,334.5341,47.0
NGA,Nigeria,2018,221.0,650.67,39.98814190190718,9.79850822600435,0.067296760914097,-0.0748065056842602,2431.7785783256763,204938755,58.1553347527729,21.16143461066412,,0.0646097592511933,-0.083324548919082,346.5287,65.0
NGA,Nigeria,2019,221.0,667.0817999999999,40.48442526653272,8.35322267194456,0.0391951182810161,-0.0303106098081602,2431.535284729822,209485641,58.9611186427056,23.363204698907612,,0.0352447649340936,-0.0391484284352165,360.0857,64.0
NGA,Nigeria,2020,221.0,543.3345,40.48442526653272,5.07484002483035,0.0163311655175176,0.0374401862102403,2228.6863142288807,213996181,59.7659654848781,21.04618992411467,,0.0098807178501559,0.0287184067707286,333.6847,51.0
NGA,Nigeria,2021,221.0,553.7359,40.48442526653272,8.55295423830806,-0.0155775394236816,0.0349433608955693,2206.6640625006658,218529286,60.5698545383604,23.804026262677873,,-0.0179288879378679,0.0250804486788537,342.7471,31.0
NGA,Nigeria,2022,221.0,560.3688,40.48442526653272,,0.0362294336924421,0.056392732578408,2254.290804168922,223150896,61.3727650622225,,,0.0308760034644283,0.046707581789915,334.7699,22.0
NGA,Nigeria,2023,221.0,563.3756,40.48442526653272,,-0.0335046314491442,0.1113987148795021,2280.919311561153,227882945,62.1746763155343,,,-0.0364781223519689,0.103634449599732,337.7767,22.0
NGA,Nigeria,2024,221.0,,,,-0.3393782722334023,,2324.64881202751,232679478,62.9755675573659,,,-0.3232386980845991,,350.5554,23.0
RWA,Rwanda,1960,9.5,,19.659505472233484,,,,335.44056895512404,3022294,2.59999990463257,,22.521003861310145,,,,64.0
RWA,Rwanda,1961,9.5,,19.659505472233484,,,,312.2950486758982,3106779,2.6660734140367,,21.31147261488884,,,,57.0
RWA,Rwanda,1962,9.5,,19.862180786380218,,,,339.0418479154883,3186025,2.72479324269835,,22.07999858688009,,,,21.0
RWA,Rwanda,1963,9.5,,20.064856100526956,,,,298.9102961645164,3258890,2.778672593081,,18.5937515625,,,,61.0
RWA,Rwanda,1964,9.5,,20.26753141467369,,,,255.69258169519009,3334834,2.83022466764814,,24.615385751479344,,,,30.0
RWA,Rwanda,1965,9.5,,20.470206728820433,,,,266.55157944117235,3423210,2.88196266886324,,29.032261966701878,,,,41.0
RWA,Rwanda,1966,9.5,,20.672882042967167,,,,277.2627423786326,3521626,2.93639979918979,,31.2775359101997,,,,78.0
RWA,Rwanda,1967,9.5,,20.8755573571139,,,,287.6216049298049,3629577,2.99604926109125,,25.925041572757905,,,,31.0
RWA,Rwanda,1968,9.5,,21.11876773408999,,,,298.3872266807143,3744010,3.06342425703111,,23.879207724589204,,,,72.0
RWA,Rwanda,1969,9.5,,21.402513173895418,,,,321.17280059767546,3861271,3.14103798947284,,22.034970772157294,,,,47.0
RWA,Rwanda,1970,9.5,,21.159302796919334,8.50922579142472,,,330.2362012958952,3980669,3.23622901071629,,26.7394262826896,,,4.3514,27.0
RWA,Rwanda,1971,9.5,,22.699635184434534,7.16288187340273,,,324.48994141443353,4100044,3.37114790204624,,27.080523204327907,,,4.3849,44.0
RWA,Rwanda,1972,9.5,,25.172274017024726,7.4611464774351,,,316.07039682427984,4220335,3.54970397117073,,24.537445358147856,,,4.4779,50.0
RWA,Rwanda,1973,9.5,,24.726388325901905,11.2542018468393,,,317.55339015029244,4345047,3.75495425404808,,25.040985042663323,,,4.5905,47.0
RWA,Rwanda,1974,9.5,,27.07742197000405,12.863239570351,,,312.73259454457343,4474228,3.97236937390495,,33.50767572309925,,,4.6245,57.0
RWA,Rwanda,1975,9.5,,27.807053100932304,9.10472685803002,,,297.25268180493083,4607728,4.18741995396801,,26.871328327000278,,,4.7709,71.0
RWA,Rwanda,1976,9.5,,28.37454398054317,7.51706741789223,,,344.8844637318092,4745954,4.38557661746392,,33.97446071684945,,,4.7424,65.0
RWA,Rwanda,1977,9.5,,28.98256992298338,12.7214707383522,,,341.5228179952779,4888240,4.55230998761934,,31.927965904116483,,,4.8494,53.0
RWA,Rwanda,1978,9.5,,29.59059586542359,10.9556521458843,,,361.8971034018662,5035171,4.67223759552739,,38.581117823828116,,,4.9562,56.0
RWA,Rwanda,1979,9.5,,30.198621807863802,8.06524085271775,,,392.81102169765063,5189541,4.7524275952808,,43.7974413276596,,,4.7704,29.0
RWA,Rwanda,1980,9.5,,30.806647750304013,8.89576594463147,,,414.88527205476197,5353259,4.81638822421827,,40.81859446548234,,,5.0645,22.0
RWA,Rwanda,1981,9.5,,31.414673692744223,6.81811359576048,,,423.67074861819094,5527230,4.86825389406667,,31.5802354173209,,,5.2032,24.0
RWA,Rwanda,1982,9.5,,32.02269963518444,9.33713957226746,,,417.42279161355145,5711549,4.91095896081457,,35.70304957642676,,,5.3558,75.0
RWA,Rwanda,1983,9.5,,32.630725577624645,5.91027367395893,,,427.8707909623991,5905311,4.94743778045056,,32.34075736833285,,,5.4937,47.0
RWA,Rwanda,1984,9.5,,33.23875152006486,5.28749508709697,,,396.15353757108966,6107627,4.98062470896321,,32.295692971309904,,,5.5666,22.0
RWA,Rwanda,1985,9.5,,33.52249695987029,3.66674500218186,,,399.87239554705565,6317228,5.01345410234109,,30.669895348964577,,,5.7408,56.0
RWA,Rwanda,1986,9.5,,33.80624239967572,4.90908311339379,,,407.894133857227,6531881,5.04886031657278,,32.73883472743643,,,5.7883,62.0
RWA,Rwanda,1987,9.5,,34.1305229023105,4.25485970778176,,,394.6482417380358,6749493,5.08977770764686,,26.59128118110674,,,5.9206,71.0
RWA,Rwanda,1988,9.5,,34.414268342115925,4.16475561602675,,,399.4663151730611,6968071,5.1391406315519,,24.222847569495375,,,6.0643,75.0
RWA,Rwanda,1989,9.5,,34.45480340494528,4.75814483100351,,,387.27996820132904,7184706,5.19988344427648,,23.42777303010041,,,6.2763,34.0
RWA,Rwanda,1990,9.5,,35.670855289825695,4.72583219210236,-0.4486712194332306,-0.7155966380406152,368.2196024252575,7375307,5.27494050180917,,19.6841588743296,-0.4602278468508,-0.6964356478590498,5.6714,28.0
RWA,Rwanda,1991,9.5,,35.670855289825695,6.40620877911743,-0.37575307073229,-0.557531596082848,351.7285428252126,7526966,5.36287370946222,,25.37197378306373,-0.380333316118964,-0.5528859187164883,5.4529,76.0
RWA,Rwanda,1992,9.5,,35.670855289825695,6.09947850153358,-0.4956858026318458,-0.6127472313463489,364.8092069198,7683266,5.66334740292516,,23.831447033071377,-0.5002360573199902,-0.6091808520407528,5.1214,56.0
RWA,Rwanda,1993,9.5,,34.45480340494528,4.9550664127714,-0.5351496714578771,,322.7168187105681,7981132,6.4000266086375,,25.679007006985806,-0.5392030512677236,,4.8614,78.0
RWA,Rwanda,1994,9.5,,28.37454398054317,16.2356771043754,-0.5511293197305175,,188.6582784733019,6792352,7.48340913293057,,71.0956283073375,-0.5551900189273505,,4.9551,23.0
RWA,Rwanda,1995,9.5,,28.37454398054317,12.5820173506779,-0.5858886805413,-0.5361779866565359,305.3878244624635,5674118,8.81556593108499,,30.972173149486405,-0.5895691805454822,-0.5355420673113894,4.9691,23.0
RWA,Rwanda,1996,9.5,,30.40129712201054,12.5562103954282,-0.6357561472048637,-0.562997717691418,291.21084048252794,6708764,10.2985679583814,,32.23006582076592,-0.6390921238521934,-0.5624312769613666,5.2082,36.0
RWA,Rwanda,1997,9.5,,32.42805026347791,11.1289184176388,-0.6537400241520315,-0.5927544288488691,286.805194458463,7755238,11.8344861701004,,33.46746051001822,-0.6570757103059656,-0.5922696054382508,5.7541,33.0
RWA,Rwanda,1998,9.5,,33.23875152006486,10.8743027819111,-0.6599206495492781,-0.6263998335462744,299.6011396959834,8081681,13.3253915215227,,28.794463591001122,-0.6640585979254098,-0.6260118332681344,3.9916,64.0
RWA,Rwanda,1999,9.5,,35.10336441021484,6.48164523292645,-0.6562099843589798,-0.8978329953253822,310.0981302005432,8147912,14.6733549679289,,27.333536421235856,-0.6599029400712795,-0.895451337202264,4.2982,57.0
RWA,Rwanda,2000,9.5,-1.8647,40.53506282934738,5.03496552984893,-0.6638437232744097,-0.727139408639057,333.3550901430842,8213931,15.7804474645996,63.47904191616767,27.484863825044474,-0.6693543855911763,-0.7299260023082843,4.1093,64.0
RWA,Rwanda,2001,9.5,-1.7294,44.58856911228212,5.37510520142139,-0.6603419080720059,-0.5234514415447094,358.4460586914521,8287094,16.5487399668155,60.32,29.19890943769253,-0.6636003996236903,-0.5282251350753704,4.2446,52.0
RWA,Rwanda,2002,9.5,-1.5236999999999998,45.237130117551686,6.4377693588679,-0.7142268592609838,-0.5021750169010155,400.27042126491136,8400180,16.8778847116752,58.19883040935673,27.609438116217326,-0.7158578525664641,-0.5092080298710556,4.4503,69.0
RWA,Rwanda,2003,9.5,-1.3912000000000004,45.358735306039726,9.07682974388652,-0.7607893828810917,-0.4608471197066558,400.1916206487258,8586875,16.8947432312369,66.11666666666667,29.31062423541006,-0.7624666236997484,-0.4709072860808198,4.5828,40.0
RWA,Rwanda,2004,9.5,-1.2504,45.439805431698424,7.02043949824649,-0.8961256732568259,-0.3699263428396188,418.78099727745706,8816844,16.9020099536792,58.6917808219178,33.46167310308705,-0.891972044889502,-0.3814781456730965,4.7236,74.0
RWA,Rwanda,2005,9.5,-1.1779000000000002,45.56141062018646,5.9570253928291,-0.96429333719204,-0.3208359542572614,446.0298096364042,9054528,16.9072114459454,52.680628272251305,34.21653834186518,-0.9605476762470946,-0.3289883010265869,4.7961,49.0
RWA,Rwanda,2006,9.5,-0.34580000000000055,45.683015808674504,5.2964919730077,-0.8713316931303585,-0.2018590102231731,474.36459946330655,9299246,16.9110139245047,48.278195488721806,33.221437072405905,-0.8600244058797178,-0.2136259131535431,5.0702,47.0
RWA,Rwanda,2007,9.5,-0.3692000000000002,45.804620997162544,6.22572427896954,-0.7696572426212067,-0.1548941353880884,497.17162213054496,9549933,16.9140836058266,49.53571428571429,35.97097319722779,-0.75853990043947,-0.1617582428236949,5.1863,23.0
RWA,Rwanda,2008,9.5,-0.2970000000000006,45.88569112282124,8.30580145177946,-0.626742124592298,-0.2100570621825914,538.3253720655919,9804269,16.9170867063804,55.67368421052632,37.60451085480552,-0.6171292238190019,-0.2173462321797708,5.398,35.0
RWA,Rwanda,2009,9.5,-0.2887000000000004,46.939602756384275,6.935422955435,-0.3070195388461392,-0.0819783095571075,557.3978048592157,10060432,16.9206894426355,52.44871794871795,36.805628008481584,-0.2983959031123482,-0.0879544848049101,5.5458,66.0
RWA,Rwanda,2010,9.5,-0.14860000000000007,47.99351438994731,6.48655252910732,-0.3607886636133698,-0.0104055832225015,583.3714164194832,10317553,16.9255580310614,67.70731707317074,37.27887909233511,-0.3579274641646576,-0.0134902688619717,5.8254,39.0
RWA,Rwanda,2011,9.5,-0.3353999999999999,49.04742602351034,6.99565680326328,-0.4473215940468573,0.0701954504768726,614.539650123021,10573733,16.9323586881273,65.14080459770115,39.716102477509985,-0.4478847889483912,0.0658070545271299,5.7781,68.0
RWA,Rwanda,2012,9.5,-0.29579999999999984,50.060802594244024,6.39423290634701,-0.3541914900221042,0.0290032938874353,651.8528186658335,10829901,16.9410248882148,69.89058524173029,40.5408629987193,-0.3566208834991919,0.0273966133434152,5.9572,74.0
RWA,Rwanda,2013,9.5,-0.23939999999999984,51.114714227807056,6.50475580749802,-0.3847679467672028,-0.4396311221383193,666.408788783175,11093340,17.0742206053612,67.72010869565217,42.693492429536214,-0.3887584235565459,-0.447660382949154,6.1531,70.0
RWA,Rwanda,2014,9.5,-0.3108000000000004,52.16862586137009,6.4521550362679,-0.3307225220653306,-0.0912754879312468,690.6103949443562,11364757,17.5020716539756,72.79952267303102,43.90273369107503,-0.3360395248153623,-0.0905697010372379,6.2212,46.0
RWA,Rwanda,2015,9.5,0.20399999999999974,52.20916092419942,5.77813915585401,-0.3696083694471969,-0.217042303350868,733.9986298824938,11640022,18.1953149858416,66.40076335877862,45.201975615910285,-0.3770460471653714,-0.2182470422075044,6.8755,30.0
RWA,Rwanda,2016,9.5,0.0802000000000005,52.20916092419942,5.99862102587479,-0.3327117999133102,-0.2120989585139038,759.6062881551089,11919183,19.1213951786548,54.817472698907956,49.48490710698917,-0.3400637766727203,-0.2149471980174203,6.8912,33.0
RWA,Rwanda,2017,9.5,0.0895999999999999,52.24969598702878,6.01492971463291,-0.3130799893308684,-0.237605064840129,771.0692375135824,12202060,20.2477568101111,51.00307219662058,53.67526741772534,-0.3182511173406359,-0.2354072589966765,7.0401,47.0
RWA,Rwanda,2018,9.5,0.2138,50.060802594244024,4.71387568610559,-0.2733201406650539,-0.2922506903864756,817.578437300032,12487996,21.5418444579064,47.711139896373055,55.784126373960284,-0.280442655448104,-0.287762275791128,7.3038,21.0
RWA,Rwanda,2019,9.5,0.40139999999999976,48.317794892582086,3.81709032313618,-0.2321732714424178,-0.2581836509328211,874.6396589359778,12776103,22.9711026997362,51.977461447212335,57.97566286379543,-0.2362989899337793,-0.2511740589853302,7.4914,66.0
RWA,Rwanda,2020,9.5,0.5514999999999999,49.23388731252533,4.10481845130795,-0.2727430761077964,-0.201509342832855,826.3913077010219,13065837,24.5029761132966,64.49252013808976,55.18795155198553,-0.27895548252741,-0.1948087942096233,7.6415,56.0
RWA,Rwanda,2021,9.5,0.7239000000000004,51.41467369274423,4.01723634071877,-0.3112150091234462,-0.2480052864233983,896.2710335749855,13355260,26.1049092762833,60.997950819672134,54.29383184633674,-0.3172463710853055,-0.2411460833405078,7.8139,46.0
RWA,Rwanda,2022,9.5,1.1409000000000002,50.20053911633563,,-0.3214136826633848,-0.2315889989779002,948.4136869480241,13651030,27.7806702737761,,61.14507950336513,-0.3249237499883842,-0.2220928269110932,8.2309,66.0
RWA,Rwanda,2023,,1.2569,46.98301580867451,,-0.191979210867149,-0.1260689740730806,1004.3321665002356,13954471,28.8555310645477,,64.90690414200412,-0.1962157478959512,-0.1151808498026587,8.3469,21.0
RWA,Rwanda,2024,,,,,-0.1521661530397331,,1070.4500377092575,14256567,29.8849714294083,,69.95441356805613,-0.1511991506462436,,8.3499,62.0
SEN,Senegal,1960,25.8,,15.233989508128603,,,,1151.0021385722316,3340907,22.6143820537868,,24.092212278773744,,,,74.0
SEN,Senegal,1961,25.8,,15.233989508128603,,,,1152.5229041224115,3436375,22.8452558149389,,31.00926861184254,,,,45.0
SEN,Senegal,1962,25.8,,15.233989508128603,,,,1118.9410578421207,3534686,23.3384454983395,,29.855702825281856,,,,39.0
SEN,Senegal,1963,25.8,,15.753389082220954,,,,1108.0816239447147,3635876,24.0754335379086,,27.920552387915677,,,,74.0
SEN,Senegal,1964,25.8,,15.753389082220954,,,,1118.910764881525,3740535,24.999368992554,,28.007327549075118,,,,35.0
SEN,Senegal,1965,25.8,,16.267594660572378,,,,1101.6402295719388,3849788,26.0534009211832,,26.951855990632772,,,,41.0
SEN,Senegal,1966,25.8,,16.267594660572378,,,,1100.594861520358,3964299,27.180678382704,,28.684015517282585,,,,28.0
SEN,Senegal,1967,25.8,,16.78699423466473,,,,1055.338804533297,4083870,28.3243504360241,,27.878278351881047,,,,59.0
SEN,Senegal,1968,25.8,,17.6647795148808,,,,1088.745265079104,4207587,29.427566140051,,35.60411855502879,,,,21.0
SEN,Senegal,1969,25.8,,16.55326442632317,,,,987.4905279768091,4334974,30.4334745536924,,38.930677349546016,,,,26.0
SEN,Senegal,1970,25.8,,16.350698592427154,1.4609198354403,,,1040.511392066178,4466328,31.285224735856,,39.346745127786065,,,7.4347,63.0
SEN,Senegal,1971,25.8,,16.77141224744196,1.29366523212848,,,1008.447469723512,4601864,31.9442434147881,,39.681182466046764,,,7.5895,60.0
SEN,Senegal,1972,25.8,,16.77141224744196,1.26613919594832,,,1041.1957647894144,4741631,32.5068747527782,,43.870601336434675,,,7.4122,60.0
SEN,Senegal,1973,25.8,,17.03111203448813,1.79572967422626,,,954.1762000473135,4885181,33.0227731241423,,45.29830859044879,,,7.1815,23.0
SEN,Senegal,1974,25.8,,17.29081182153431,5.06959954541257,,,965.741329994361,5029437,33.4982797776148,,61.394291461435394,,,7.4481,72.0
SEN,Senegal,1975,25.8,,17.285617825793384,4.87851363704667,,,1010.1226880192288,5170810,33.9429165602491,,52.380036676762806,,,7.7366,50.0
SEN,Senegal,1976,25.8,,17.27522983431154,2.60664234723553,,,1071.6804032770149,5308564,34.36651179273,,54.115812197895664,,,7.9481,51.0
SEN,Senegal,1977,25.8,,16.226042694644992,5.20223094334932,,,1017.8143944807308,5439549,34.7794251098707,,63.95374895903162,,,8.1147,37.0
SEN,Senegal,1978,25.8,,16.220848698904067,2.86095627451724,,,955.0021756359595,5568096,35.1840286724051,,50.20972685191944,,,8.3014,66.0
SEN,Senegal,1979,25.8,,16.215654703163143,2.33802341475992,,,997.7145805703659,5702895,35.5789615992574,,49.802681375631906,,,8.3962,54.0
SEN,Senegal,1980,25.8,,16.210460707422218,2.70355918297515,,,1012.1666148023097,5845638,35.963042872512,,49.30083230362921,,,8.0905,52.0
SEN,Senegal,1981,25.8,,16.205266711681297,3.00095137387989,,,1037.7014059088572,5997160,36.3350914742532,,65.85192150382233,,,8.24,65.0
SEN,Senegal,1982,25.8,,16.194878720199448,3.26840550572895,,,1091.7347891446564,6156961,36.6939263865655,,57.10360684165946,,,8.3682,45.0
SEN,Senegal,1983,25.8,,16.184490728717602,2.67579557938313,,,1002.7915725565111,6324504,37.0383665915331,,68.56431504774648,,,8.1062,35.0
SEN,Senegal,1984,25.8,,16.174102737235753,2.39647212000019,,,1014.2187312174644,6499364,37.3672310712406,,65.4332867839953,,,8.2861,60.0
SEN,Senegal,1985,25.8,,16.15332675427206,1.91500070147572,,,1020.46425733551,6683287,37.6793388077723,,52.63377177546521,,,8.7561,45.0
SEN,Senegal,1986,25.8,,16.13774476704929,1.85367997196011,,,1022.5532603755116,6878192,37.9735087832125,,44.824704034019916,,,9.0256,61.0
SEN,Senegal,1987,25.8,,16.12216277982652,1.47181860946565,,,1055.3245415249696,7081530,38.2485599796457,,39.39205318555991,,,9.3539,57.0
SEN,Senegal,1988,25.8,,16.09099880538098,1.60499921783647,,,1016.8279275159001,7289618,38.5031519344395,,40.63186768355795,,,9.3478,22.0
SEN,Senegal,1989,25.8,,16.070222822417286,1.69699495127336,,,1027.2757595019928,7502207,38.7355083854582,,42.9574202579719,,,9.6395,35.0
SEN,Senegal,1990,25.8,,16.059834830935436,1.87545259934578,-0.1579305063435019,-0.5832296754081426,990.7775226198221,7720523,38.9466557465895,4.656084656084656,44.789263960410416,-0.1580365274204738,-0.5812452385909603,9.8879,30.0
SEN,Senegal,1991,25.8,,15.441749337765543,1.86432788630972,-0.1804059560162781,-0.5844551135282257,988.6322158377296,7943085,39.1402262390545,4.540763673890609,42.182899649274766,-0.1814841964527125,-0.5818385157096951,10.0897,46.0
SEN,Senegal,1992,25.8,,15.81052303537111,1.80049228182136,-0.1767300413141385,-0.3049044306076459,974.0548600271279,8168395,39.3197068566225,4.277566539923954,41.4568617276384,-0.1768953359709852,-0.332803475077536,10.4654,58.0
SEN,Senegal,1993,25.8,,16.007894873526205,1.71662861750787,-0.0932600134888694,-0.3585517651408716,960.5065617207877,8396288,39.4885845930629,4.339440694310511,38.77425995642231,-0.0910541755371809,-0.3850346151913794,10.6464,52.0
SEN,Senegal,1994,25.8,,16.50651846465486,2.86762061306599,-0.1258957439788511,-0.3970707307014182,934.692068072302,8624078,39.6503464421449,4.205607476635514,54.738134598460896,-0.124182930943641,-0.4236416410544365,10.9367,54.0
SEN,Senegal,1995,25.8,,15.981924894821587,3.18664555624364,-0.1153234148523088,-0.3759407348106792,960.8470928216295,8848101,39.808479397638,4.063604240282685,52.72540342777023,-0.1125499061459918,-0.408113274263863,11.1822,50.0
SEN,Senegal,1996,25.8,,16.709084298550874,3.02761794615437,-0.1051574647587188,-0.3962367424909961,956.588791201654,9067014,39.9664704533115,3.906899418121363,46.27243271739798,-0.1017700987121133,-0.4294377283863403,11.6962,67.0
SEN,Senegal,1997,25.8,,15.259959486833221,3.07704868778912,-0.0394418587737793,-0.4288645855163431,962.7366894573994,9283495,40.1278066029348,3.7180480247869867,47.24132240362354,-0.0372383148877843,-0.4631580094156231,12.1307,34.0
SEN,Senegal,1998,25.8,,13.945878564379576,2.95479045072932,0.067042300517101,-0.4827928298818038,995.9790856896365,9502952,40.295974840277204,3.61890694239291,48.09867481676546,0.0663267079127648,-0.5184450097427139,12.7047,79.0
SEN,Senegal,1999,25.8,,17.69594348932634,2.11828025209017,0.2549621492934922,-0.5714634186806817,1033.7639646163282,9730887,40.474462159108,3.5765379113018603,49.48526216624219,0.2517872905837066,-0.6020929676979394,13.706,54.0
SEN,Senegal,2000,25.8,0.5587,17.254453851347844,2.30805328155825,0.3270524774873745,-0.5648686164385017,1048.374740523634,9968260,40.6667555531967,0.9233167082294264,48.680089723263045,0.3187092952350333,-0.5954193186559541,13.5587,27.0
SEN,Senegal,2001,25.8,1.3844999999999992,16.0961928011219,2.05976120051983,0.3925651607342634,-0.5477911853171292,1067.3688655059489,10212942,40.8763420163126,0.7848837209302326,49.720578064831365,0.3917524278493715,-0.5805830331675875,14.3845,22.0
SEN,Senegal,2002,25.8,1.455,15.841687009816653,2.2894897302113,0.3410502625775959,-0.5417432252388537,1042.255099442892,10466214,41.1081471561292,0.7235812133072407,53.144299464132935,0.3350561837594541,-0.5749031383765366,14.455,38.0
SEN,Senegal,2003,25.8,1.4268999999999998,15.22879551238768,2.68475374294378,0.483184252901103,-0.5530235155544743,1074.3857846768558,10721176,41.35893934855,0.7039106145251397,50.82121989333762,0.4813349303612089,-0.5858543301813827,14.4269,78.0
SEN,Senegal,2004,25.8,2.2441999999999993,15.514465278138474,1.97163158742871,0.5573627357263261,-0.552090906978539,1098.2006454602745,10975704,41.6248193895895,0.6784452296819788,53.65920312755289,0.5595823373737663,-0.5855103533761733,15.2442,55.0
SEN,Senegal,2005,25.8,3.071999999999999,16.236430686126837,1.9916257642601,0.6673452931892498,-0.5212676608010262,1119.0505307548044,11235472,41.9057599695838,0.6132075471698114,54.90324356894851,0.6695493475985811,-0.5540500086126958,16.072,73.0
SEN,Senegal,2006,25.8,3.3028000000000013,14.740559912740872,1.9932129479554,0.7183163707507892,-0.5444790409807152,1118.7830430050956,11500094,42.2046413043069,0.6494464944649446,54.13623780926127,0.7178919367527844,-0.5757396254223759,16.3028,74.0
SEN,Senegal,2007,25.8,4.256900000000002,14.802887861631952,2.3034822903582,0.6397128837103196,-0.4867267407377474,1123.9986215328463,11770344,42.524343609533,0.610316265060241,59.271304354979435,0.6425181833457714,-0.5145172676283957,17.2569,23.0
SEN,Senegal,2008,25.8,5.004300000000001,18.802264582143042,3.07242721618133,0.5990735268647234,-0.4327898361314449,1138.6688393021395,12048959,42.867747101036,0.5988497483824586,62.76176981763193,0.5995219520733047,-0.4648024878733208,18.0043,21.0
SEN,Senegal,2009,25.8,5.764700000000001,18.802264582143042,3.83444920218272,0.6295165226358643,-0.4243346953339535,1142.653172339639,12337389,43.23773199459,0.6014695591322603,52.30729087733648,0.6289808645165856,-0.4504935995035112,18.7647,66.0
SEN,Senegal,2010,25.8,6.700900000000001,18.802264582143042,2.97597316384999,0.6296012863679032,-0.4318789201022694,1153.5343112158325,12635413,43.6371785059692,1.388816644993498,52.4578551962948,0.6281842216033061,-0.4513709714741891,19.5009,60.0
SEN,Senegal,2011,25.8,7.626800000000001,17.140185945047527,3.6495940769705,0.6007076767165839,-0.2166232590817529,1139.7444789263886,12958897,44.0689668509475,1.4782608695652173,57.57687859895777,0.6000604616961212,-0.2399559754884561,20.2268,21.0
SEN,Senegal,2012,25.8,8.1697,17.140185945047527,4.86398118749562,0.6105813528601743,-0.2223149855807332,1154.0567799236724,13310495,44.5359772452989,1.4310144927536232,61.97530400403751,0.6073092771421681,-0.2410805582277679,20.5697,54.0
SEN,Senegal,2013,25.8,8.8631,17.140185945047527,3.42436224964169,0.6153102670421112,-0.2285065987064459,1147.3859217191023,13710849,45.0398750539456,1.4279696714406065,60.62676635967373,0.6112414742259477,-0.2435012640688335,21.0631,47.0
SEN,Senegal,2014,25.8,9.817,17.140185945047527,3.1569476524477,0.6436552033130929,-0.243195065689809,1180.798710850501,14152102,45.6020905341588,1.4618546108399693,58.442528976099226,0.6406250590823578,-0.2569474189131608,21.817,58.0
SEN,Senegal,2015,25.8,11.4251,18.984054433075364,3.47911885653568,0.612147776447286,-0.3234736076491294,1218.0061355543774,14593331,46.2747669629858,1.633582269332691,58.11033767420173,0.6100876424554956,-0.3353704959567752,23.4251,46.0
SEN,Senegal,2016,25.8,12.9588,18.750324624733807,3.9796411050175,0.6242898443314813,-0.3619393771454305,1257.4090691592796,15034521,47.0553579909929,1.6329369531074716,54.108169207213855,0.6226706185102342,-0.3759977846034074,24.9588,61.0
SEN,Senegal,2017,25.8,12.9618,18.93211447566613,3.21232528542185,0.5935363050548901,-0.4209812992715302,1312.109327760492,15475002,47.9338349639053,3.69584939895668,57.70527984556172,0.5913702240895818,-0.4343725950157343,24.9618,22.0
SEN,Senegal,2018,25.8,13.915,19.11390432659845,2.88655464408866,0.6560851622170207,-0.4205104893349377,1355.09610863712,15914498,48.9001692274485,6.271132035095228,61.78983947931829,0.6549525191594391,-0.4388205907384429,25.915,69.0
SEN,Senegal,2019,25.8,14.465699999999998,19.295694177530777,2.75988310568798,0.675043852214082,-0.4878830310310963,1379.6087524986058,16352922,49.9443321273477,6.307775184054589,64.23625060610054,0.6739602936122425,-0.5093722305366568,26.4657,22.0
SEN,Senegal,2020,25.8,14.1618,19.477484028463095,2.86963190075436,0.6501352212427017,-0.4851452436013521,1361.7914374864577,16789219,51.0562950093282,9.233804272915231,60.04687161370651,0.6492529756168247,-0.5062067974452159,27.1618,49.0
SEN,Senegal,2021,25.8,16.5487,19.893003687736975,4.40159712005452,0.6760979209917795,-0.5141964026338706,1414.5395109385015,17220867,52.2260292191155,13.291536050156742,69.37599398838316,0.6759857845520109,-0.5373589003354866,29.5487,55.0
SEN,Senegal,2022,25.8,18.5008,19.893003687736975,,0.6787095804807831,-0.455822575001895,1433.1991875240985,17651103,53.4435061024348,,79.5998216515832,0.6773935908606243,-0.4814730397195967,31.5008,60.0
SEN,Senegal,2023,,18.0754,19.893003687736975,,0.7625472831815442,-0.4258773803321048,1458.9664233258886,18077573,54.6992276190794,,71.39302491274454,0.7617304865791494,-0.4505818817927914,31.0754,34.0
SEN,Senegal,2024,,,,,0.706775026231835,,1511.8928067023369,18501984,55.2368169057304,,68.14051476562113,0.7097568910711897,,31.7206,71.0
SYC,Seychelles,1960,,,2.1739130434782608,,,,3169.871936200604,41700,27.5100002288818,,,,,,27.0
SYC,Seychelles,1961,,,2.1739130434782608,,,,2931.522958724651,42889,27.7110931047762,,,,,,38.0
SYC,Seychelles,1962,,,2.1739130434782608,,,,3094.823233033689,44042,28.2396926411181,,,,,,37.0
SYC,Seychelles,1963,,,2.1739130434782608,,,,3322.9426049659264,45176,29.049587398041,,,,,,57.0
SYC,Seychelles,1964,,,2.1739130434782608,,,,3432.560454946265,46322,30.0945659356782,,,,,,76.0
SYC,Seychelles,1965,,,2.1739130434782608,,,,3311.9310501945324,47500,31.3284168141633,,,,,,50.0
SYC,Seychelles,1966,,,2.1739130434782608,,,,3679.3005074687276,48699,32.7049285936297,,,,,,53.0
SYC,Seychelles,1967,,,2.1739130434782608,,,,3608.075149414372,49911,34.1778898342109,,,,,,44.0
SYC,Seychelles,1968,,,2.1739130434782608,,,,3787.7870861571673,51134,35.7010890960402,,,,,,34.0
SYC,Seychelles,1969,,,2.1739130434782608,,,,3698.7435283788905,52365,37.2283149392511,,,,,,64.0
SYC,Seychelles,1970,,,2.1739130434782608,0.0,,,3934.1074593744192,53600,38.7133559239771,,,,,0.1301,29.0
SYC,Seychelles,1971,,,2.1739130434782608,0.0,,,4466.487021532415,54695,40.1100006103516,,,,,0.1338,48.0
SYC,Seychelles,1972,,,2.1739130434782608,0.0,,,4635.195300464868,56029,41.7273913343306,,,,,0.1355,62.0
SYC,Seychelles,1973,,,2.1739130434782608,0.0,,,4978.196661049696,56892,43.7095939449168,,,,,0.1409,47.0
SYC,Seychelles,1974,,,2.1739130434782608,0.0,,,4952.094336566785,57937,45.7627822718143,,,,,0.1517,24.0
SYC,Seychelles,1975,,,2.1739130434782608,0.0,,,4992.67635279626,59292,47.5931301447268,,,,,0.1586,27.0
SYC,Seychelles,1976,,,2.1739130434782608,0.0,,,5689.075064888808,60504,48.9068113933581,,97.09213747452783,,,0.1646,49.0
SYC,Seychelles,1977,,,2.1739130434782608,0.0,,,5226.172704518456,61786,49.4099998474121,,88.09833738848337,,,0.1695,48.0
SYC,Seychelles,1978,,,2.1739130434782608,0.0,,,6294.513802489046,62150,49.4084645385194,,85.32027572293208,,,0.1735,46.0
SYC,Seychelles,1979,,,2.1739130434782608,0.0,,,7226.368411567413,62686,49.4038742979008,,83.55900235761261,,,0.1962,64.0
SYC,Seychelles,1980,,,2.1739130434782608,0.0,,,6795.4421344315315,63261,49.3962526546457,,77.14440896247565,,,0.195,70.0
SYC,Seychelles,1981,,,2.1739130434782608,0.0,,,6453.04441345632,64035,49.3856231378432,,67.49989500505238,,,0.1596,37.0
SYC,Seychelles,1982,,,2.1739130434782608,0.0,,,6282.312433634728,64413,49.3720092765826,,72.36017101824787,,,0.142,33.0
SYC,Seychelles,1983,,,2.1739130434782608,0.0,,,6251.16837292603,64335,49.3554345999532,,69.84775419906752,,,0.2325,70.0
SYC,Seychelles,1984,,,2.1739130434782608,0.0,,,6481.833122521846,64717,49.3359226370444,,71.1761122222006,,,0.236,49.0
SYC,Seychelles,1985,,,2.1739130434782608,0.0,,,7091.31069778707,65244,49.3134969169452,,71.29173489695765,,,0.2459,65.0
SYC,Seychelles,1986,,,2.1739130434782608,0.0,,,7100.9373535838695,65652,49.2881809687451,,56.44643429940922,,,0.2438,28.0
SYC,Seychelles,1987,,,2.1739130434782608,0.0,,,7137.556035866322,68499,49.2599983215332,,51.433851419397755,,,0.3422,53.0
SYC,Seychelles,1988,,,2.1739130434782608,0.0,,,7489.740299236445,68755,49.2007563601092,,63.73275959347618,,,0.4504,66.0
SYC,Seychelles,1989,,,2.1739130434782608,0.0,,,8210.906969533371,69167,49.0832284237241,,61.871215890414376,,,0.4334,30.0
SYC,Seychelles,1990,,,2.1739130434782608,0.124123297587184,1.7290227933219011,,8779.85231337378,69507,48.9088869731444,,62.57648142101322,1.8032330218954964,,0.3175,35.0
SYC,Seychelles,1991,,,2.1739130434782608,0.111514883493607,3.041320494367892,,8902.837987762658,70439,48.6792044691366,,56.05891921816024,3.144345341766769,,0.4349,22.0
SYC,Seychelles,1992,,,2.1739130434782608,0.109511997038486,2.995292175699428,,9497.755410708398,70763,48.3956533724673,,52.39553897003367,3.097903019186312,,0.3731,40.0
SYC,Seychelles,1993,,,2.1739130434782608,0.101569572131425,2.8450799563642537,,9981.244603515805,72253,48.0597061439028,,57.89189645176101,2.9443933289353,,0.375,55.0
SYC,Seychelles,1994,,,2.1739130434782608,0.101996080131255,2.6214578242429725,,9481.880526577695,74205,47.6882836168039,,50.07234408951597,2.690090341935236,,0.3743,48.0
SYC,Seychelles,1995,,,2.1739130434782608,0.119075541245383,2.428195956648425,,9388.819677207426,75304,46.8516399097002,,53.392577709407064,2.4802488160356013,,0.3956,23.0
SYC,Seychelles,1996,,,2.1739130434782608,0.111417504052815,3.1324080373222865,,10177.090467169593,76417,45.4469524119701,,98.0553434635995,3.136746442035385,,0.4078,56.0
SYC,Seychelles,1997,,,2.1739130434782608,0.08862974332445,3.246246575363888,,11284.845976659804,77319,44.3776725669881,,76.64718702294805,3.249594459541885,,0.4278,54.0
SYC,Seychelles,1998,,,2.1739130434782608,0.0821548448881146,3.258457528900657,,11339.348129704647,78846,43.9534538495124,,78.97394928596884,3.251762720208727,,0.4369,68.0
SYC,Seychelles,1999,,,2.1739130434782608,0.0744368313246236,3.3974914821177387,,11326.938608306265,80410,43.6406066285756,,88.36432791872328,3.391363752192304,,0.4539,57.0
SYC,Seychelles,2000,,0.5396000000000001,2.1739130434782608,0.106839697103305,3.017523334538949,2.681147762398343,11703.753524611737,81131,43.3974230710038,0.0,151.30244783516667,3.0145959237665707,2.67360176388688,0.8185,50.0
SYC,Seychelles,2001,,0.6243000000000001,2.1739130434782608,0.100866292801415,2.970780442857195,2.5437014982567128,11427.941308301515,81202,43.2172985855685,0.0,179.88491487747277,2.9718508499450818,2.5335947775830787,0.903,39.0
SYC,Seychelles,2002,,0.545,2.1739130434782608,0.104835241294799,2.935066969554683,2.387857700418357,11218.260646431501,83723,43.0948464521927,0.0,156.92988955730024,2.940320314865325,2.375967447056829,0.8229,37.0
SYC,Seychelles,2003,,0.5528,2.1739130434782608,0.118386036607082,2.779290127768937,2.4090361998875163,10677.96920812724,82781,43.0049328648162,0.0,168.8442350342163,2.782932571647411,2.398770632974649,0.83,38.0
SYC,Seychelles,2004,,0.8564,2.1739130434782608,0.0655728027215241,2.810580642692224,2.3600103127072463,10412.086893602744,82475,42.9237756892027,0.0,149.5409367502902,2.818372089878886,2.349377613047874,1.1328,77.0
SYC,Seychelles,2005,,0.7589999999999999,2.1739130434782608,0.0909496426772842,2.7076614890020814,2.4476514004904213,11297.311819049313,82858,42.8510349075107,0.0,171.10173595476434,2.718626179406336,2.43879507305438,1.0347,26.0
SYC,Seychelles,2006,,0.8479000000000001,2.1739130434782608,0.102807711673663,2.70298723388018,2.246246920846217,12105.44752655577,84600,42.7880431397027,0.0,177.56693551462007,2.717947422560259,2.232825214613303,1.1228,71.0
SYC,Seychelles,2007,,0.6645,2.1739130434782608,0.108712512691565,2.603400167977867,2.3524484230597045,13112.821009881634,85033,42.7361330057413,0.0,174.9284627982587,2.6208790595955427,2.342543298050971,0.9387,75.0
SYC,Seychelles,2008,,0.7203999999999999,2.1739130434782608,0.178453829903448,2.5189352799484377,2.2658607968768587,12473.292176912148,86956,42.696637125589,0.0,208.84296850532732,2.537124364602778,2.254252532213564,0.9939,55.0
SYC,Seychelles,2009,,0.823,2.1739130434782608,0.160955511131527,2.512236148360861,2.275261399096519,12116.37836879766,87298,42.6708881192085,0.0,221.93382535800882,2.52883805202472,2.265038477451448,1.0957,44.0
SYC,Seychelles,2010,,0.7188,1.956521739130435,0.146953956678162,2.2999501869761927,1.6946406025869962,12313.556691924936,89770,42.660307244583,0.0,198.16269242432782,2.314114095188381,1.6914572592089532,0.9908,75.0
SYC,Seychelles,2011,,0.5831,0.2934782608695652,0.149780680938161,2.291680564710087,1.030817741943972,13843.711608187765,87441,42.6739844860866,0.0,210.0753827479921,2.304928782189851,1.096243821783778,0.8543,44.0
SYC,Seychelles,2012,,0.6923999999999999,0.30434782608695654,0.1644793129234,2.207278498257884,1.1220436632123003,14135.001057065338,88303,42.7261758463169,0.0,222.17825485314134,2.2200033590934534,1.2091436232863446,0.9629,74.0
SYC,Seychelles,2013,,0.6083000000000001,0.32608695652173914,0.136887236537623,2.11398304213792,1.274228515480616,14050.313558131418,89949,42.815069634181,2.0223171235707396,196.51773326879268,2.126937577846157,1.3454954416768232,0.878,50.0
SYC,Seychelles,2014,,0.7373,0.32608695652173914,0.122451367247677,2.070977676123538,1.6391279485636976,14395.615811877102,91359,42.9386256186342,2.250491873972455,213.35446942648636,2.081264767812205,1.6936521227034382,1.0063,65.0
SYC,Seychelles,2015,,0.8011999999999999,0.32608695652173914,0.100073979606541,2.0041452940871887,1.8810739826357217,15333.105172710513,93419,43.094803568632,2.2343410811669404,187.4750124676793,2.01560588878555,1.909061888478185,1.0695,61.0
SYC,Seychelles,2016,,1.0279,0.32608695652173914,0.0990332020466637,1.9629186929953208,2.202717637166386,16962.675397273124,94677,43.2815632531296,2.2597491336814874,180.8661883909392,1.9730329620296612,2.223870615406551,1.1897,49.0
SYC,Seychelles,2017,,1.0856,0.32608695652173914,0.11671286310133,1.9670345814314505,2.59571022684596,17921.57319769184,95843,43.4968644410824,2.2881136036609817,197.44223641786934,1.974186682835937,2.613340884433191,1.2448,64.0
SYC,Seychelles,2018,,0.9349,0.32608695652173914,0.121453194976473,2.002915671478539,2.537382564612773,18628.186227669597,96762,43.7386669014459,2.7388951101157146,185.70753721089957,2.0096017240764628,2.556112004058269,1.0934,48.0
SYC,Seychelles,2019,,0.8251,0.32608695652173914,0.0974947166802459,2.0369635805718493,2.3962638077378884,19481.64610537415,97625,44.0049304031754,2.3011015911872703,173.40784688019585,2.042170832476262,2.408403982195221,0.9828,62.0
SYC,Seychelles,2020,,0.7771,0.32608695652173914,0.13148617576909,1.932899076344884,2.1923569615115808,17048.36172978795,98462,44.2936147152263,2.9643332506147493,153.48333156592037,1.9404629351512828,2.215809821984558,0.9284,29.0
SYC,Seychelles,2021,,0.7284,0.32608695652173914,0.120645132507182,1.9140765129329265,2.043692293730448,17005.04220636792,99258,44.6026796065539,4.514037418105681,183.77081501466012,1.9232190529509767,2.0665143812537607,0.8797,70.0
SYC,Seychelles,2022,,0.786,0.32608695652173914,,1.9547765580078345,1.5935214758308818,15869.673878250356,119878,44.9108209981157,,189.82683543659098,1.9592754216699584,1.6236716630699934,0.9373,74.0
SYC,Seychelles,2023,,0.7839,0.32608695652173914,,1.6906608836751351,1.5533393702369764,16242.436592521897,119773,45.0971081321658,,180.8272625016599,1.7037785741219271,1.582612563182321,0.9352,34.0
SYC,Seychelles,2024,,,,,1.5418031382345778,,16586.40749647808,121354,45.2898622460415,,188.36918529741132,1.558988313226972,,0.9764,43.0
SLE,Sierra Leone,1960,160.0,,4.9182599057910785,,,,884.0571096771238,2268356,17.4312588342567,,,,,,45.0
SLE,Sierra Leone,1961,160.0,,4.9182599057910785,,,,886.0385790440359,2304227,17.9644816644891,,,,,,21.0
SLE,Sierra Leone,1962,160.0,,4.987531172069826,,,,911.2397201411786,2342242,18.5012877001391,,,,,,44.0
SLE,Sierra Leone,1963,160.0,,5.056802438348573,,,,911.1614750610119,2382258,19.0482438144736,,,,,,54.0
SLE,Sierra Leone,1964,160.0,,5.126073704627321,,,,955.1816985104192,2424390,19.6533741029266,,,,,,71.0
SLE,Sierra Leone,1965,160.0,,5.195344970906069,,,,1005.4038059909501,2468666,20.3411869741729,,,,,,36.0
SLE,Sierra Leone,1966,160.0,,5.264616237184816,,,,1003.802653596234,2514638,21.0903845990253,,,,,,53.0
SLE,Sierra Leone,1967,160.0,,5.333887503463563,,,,985.4557772509991,2562384,21.8839378880158,,,,,,50.0
SLE,Sierra Leone,1968,160.0,,5.403158769742311,,,,986.4407321905907,2611532,22.7048177516767,,,,,,45.0
SLE,Sierra Leone,1969,160.0,,5.472430036021059,,,,1050.4937914685124,2661365,23.53599510054,,,,,,31.0
SLE,Sierra Leone,1970,160.0,,5.541701302299806,7.84917180666127,,,1119.6292078636895,2712286,24.360440845138,,,,,2.1119,31.0
SLE,Sierra Leone,1971,160.0,,5.610972568578553,7.76128600036138,,,1137.0805549749552,2763222,25.1611258960027,,,,,2.1373,36.0
SLE,Sierra Leone,1972,160.0,,5.680243834857301,7.49333979824727,,,1126.4585522458228,2814388,25.9210211636663,,,,,2.1668,37.0
SLE,Sierra Leone,1973,160.0,,5.7495151011360495,8.18385743482295,,,1130.7581763036412,2866955,26.623097558661,,,,,2.1884,73.0
SLE,Sierra Leone,1974,160.0,,5.818786367414797,9.27055349046428,,,1148.8917972973954,2920459,27.2442316268436,,,,,2.255,32.0
SLE,Sierra Leone,1975,160.0,,5.888057633693544,10.77638517617,,,1146.7871652218216,2974657,27.7988231533483,,,,,2.3404,68.0
SLE,Sierra Leone,1976,160.0,,5.957328899972292,10.2263304239708,,,1121.2207139080929,3028820,28.3209588386148,,97.09213747452783,,,2.4101,50.0
SLE,Sierra Leone,1977,160.0,,6.02660016625104,15.2782684590894,,,1101.189951505957,3085354,28.8238934296805,,88.09833738848337,,,2.4625,32.0
SLE,Sierra Leone,1978,160.0,,6.095871432529787,11.2944494529241,,,1106.119413934638,3145517,29.307179531938502,,85.32027572293208,,,2.5236,48.0
SLE,Sierra Leone,1979,160.0,,6.165142698808534,8.8595676872024,,,1133.6803754016062,3207499,29.7703697507816,,83.55900235761261,,,2.5163,57.0
SLE,Sierra Leone,1980,160.0,,6.234413965087282,10.4874243786702,,,1165.1278326971867,3272089,30.2130166916028,,77.14440896247565,,,2.538,52.0
SLE,Sierra Leone,1981,160.0,,6.30368523136603,9.02758744883039,,,1174.700235395923,3338940,30.6346729597952,,67.49989500505238,,,2.5171,69.0
SLE,Sierra Leone,1982,160.0,,6.372956497644777,10.5386663282049,,,1205.8642925950423,3408183,31.0348911607516,,72.36017101824787,,,2.5993,45.0
SLE,Sierra Leone,1983,160.0,,6.442227763923524,10.2812536436439,,,1155.598562155904,3481646,31.4132238998651,,69.84775419906752,,,2.5601,53.0
SLE,Sierra Leone,1984,160.0,,6.511499030202272,9.30024741918731,,,1176.832940821108,3558758,31.7692237825286,,71.1761122222006,,,2.5065,22.0
SLE,Sierra Leone,1985,160.0,,6.58077029648102,9.60840408861008,,,1089.9241166793347,3638438,32.1015093429715,,71.29173489695765,,,2.5478,69.0
SLE,Sierra Leone,1986,160.0,,6.6500415627597675,22.0276769922435,,,1076.7781884842875,3728380,32.4125385313847,,56.44643429940922,,,2.6881,58.0
SLE,Sierra Leone,1987,160.0,,6.719312829038515,14.2930288720551,,,1124.0899576434813,3829718,32.7007088104187,,51.433851419397755,,,2.9887,51.0
SLE,Sierra Leone,1988,160.0,,6.733167082294264,10.004891147993,,,1016.6831806895209,3934517,32.9693101499458,,63.73275959347618,,,3.0315,75.0
SLE,Sierra Leone,1989,160.0,,6.733167082294264,12.5137848161604,,,998.8402202541232,4034037,33.220723422992,,61.871215890414376,,,2.9673,36.0
SLE,Sierra Leone,1990,160.0,,6.733167082294264,19.7972836043128,-0.3197176597905184,-0.4587011734824225,992.2593519033984,4196828,33.4573295025833,,62.57648142101322,-0.3261955473508606,-0.4616290027632959,3.4734,60.0
SLE,Sierra Leone,1991,160.0,,6.733167082294264,15.6144440320081,-0.2989231927630452,-0.5193171615828702,1003.7723819105636,4246267,33.6815092617457,,56.05891921816024,-0.3021907954727469,-0.5231378985580779,3.6776,49.0
SLE,Sierra Leone,1992,160.0,,6.733167082294264,18.3516089663806,-0.3215709426208074,-0.6532493616515089,828.5160344630306,4166366,33.8956435735053,,52.39553897003367,-0.3244004671983999,-0.6530914780261061,3.3429,25.0
SLE,Sierra Leone,1993,160.0,,6.733167082294264,11.783513864103,-0.3477418950416073,-0.6300972792657068,841.7704380783124,4157130,34.102113310888,,57.89189645176101,-0.3496581084824865,-0.6299106943863492,3.3508,32.0
SLE,Sierra Leone,1994,160.0,,6.719312829038515,11.3606935001772,-0.3530316855807924,-0.6068352080571799,822.2183098192448,4173105,34.3032993469197,,50.07234408951597,-0.354748322290756,-0.6066204554698197,3.3594,27.0
SLE,Sierra Leone,1995,160.0,,6.719312829038515,15.8876053628025,-0.3646203784379213,-0.5727569249832067,755.343467472038,4179179,34.5015825546266,,53.392577709407064,-0.3653813680091514,-0.5726098929274658,3.446,75.0
SLE,Sierra Leone,1996,160.0,,6.719312829038515,14.6082170583381,-0.3998693200787244,-0.5586270560486184,764.924518087367,4199210,34.6993438070346,,98.0553434635995,-0.3997048189237243,-0.5584511498553446,3.5093,61.0
SLE,Sierra Leone,1997,160.0,,6.705458575782765,16.2134698202213,-0.4356371282380389,-0.5453782709226265,710.7437883525381,4253716,34.8989639771697,,76.64718702294805,-0.4357871300158397,-0.5451788314032495,3.5726,57.0
SLE,Sierra Leone,1998,160.0,,6.705458575782765,21.6619843703457,-0.4942205385195863,-0.534062517348003,716.3460329392559,4295785,35.1028239380579,,78.97394928596884,-0.4932473821789093,-0.533848134064839,3.6131,69.0
SLE,Sierra Leone,1999,160.0,,6.705458575782765,13.3682577279386,-0.5382856099647828,-0.5345075190551938,698.5480635780494,4318043,35.3133045627252,,88.36432791872328,-0.5364143257381029,-0.534283351560431,3.6957,28.0
SLE,Sierra Leone,2000,160.0,,6.788584095317263,14.2566872840621,-0.6166253945750281,-0.4908216306133636,727.2409146325964,4423611,35.5327867241975,34.78260869565217,151.30244783516667,-0.6176686451445195,-0.4941451207286979,3.3908,70.0
SLE,Sierra Leone,2001,160.0,,9.44195067885841,8.05230833851418,-0.6301256248965641,-0.4033646640243868,642.0366458443037,4692716,35.763651295501,33.33333333333333,179.88491487747277,-0.6309684217745944,-0.4080507350960549,3.4526,58.0
SLE,Sierra Leone,2002,160.0,,12.608478802992519,8.43552502197745,-0.6335361510924282,-0.4768339298711426,766.7886937429009,4971435,36.0082791496616,16.666666666666664,156.92988955730024,-0.6382276626819183,-0.4805547770296649,3.62,61.0
SLE,Sierra Leone,2003,160.0,,17.133139373787753,12.876788824159,-0.680350673916194,-0.5204493048622869,806.0664890121444,5177687,36.2690511597053,16.666666666666664,168.8442350342163,-0.6867981778580801,-0.5203715623271014,3.8052,66.0
SLE,Sierra Leone,2004,160.0,,19.91867553338875,11.1023236756794,-0.5800796842845831,-0.5276622049398983,829.7597689283039,5355717,36.5491283814755,17.525773195876287,149.5409367502902,-0.591495412492859,-0.5276350403589638,3.9932,56.0
SLE,Sierra Leone,2005,160.0,,20.3937378775284,9.90200209747713,-0.6623285216775665,-0.5186837320579779,842.9060309049024,5501712,36.8485519672439,24.060245538539426,171.10173595476434,-0.6770533786264914,-0.518720041431285,4.4614,46.0
SLE,Sierra Leone,2006,160.0,,23.41202549182599,9.42718135843611,-0.7282164417853731,-0.5338805884012587,859.8242607149655,5624466,37.1703805343647,20.273348519362187,177.56693551462007,-0.7421490444829325,-0.5339012566725061,5.099,79.0
SLE,Sierra Leone,2007,160.0,,17.784981989470765,12.2555158372532,-0.8004900182146432,-0.5364051898785014,872.6883623461399,5749352,37.5122859420526,18.87550200803213,174.9284627982587,-0.8119659176143119,-0.5363850564643317,4.6214,69.0
SLE,Sierra Leone,2008,160.0,,19.01122194513716,11.6115795671527,-0.8848333762701651,-0.5599767096947952,882.5414781786799,5894722,37.8725951588418,6.090346867437483,208.84296850532732,-0.8950283250348081,-0.5598984510428787,4.8099,27.0
SLE,Sierra Leone,2009,160.0,,20.24064837905237,12.2691742280754,-0.9641465260048558,-0.5624348608365581,872.2395935248096,6055646,38.2496351532666,35.054937364406186,221.93382535800882,-0.972350921449475,-0.5622948024783133,5.1794,43.0
SLE,Sierra Leone,2010,160.0,,21.894984760321417,10.5288662404631,-0.9316098466808884,-0.5289470752724328,902.7698914113942,6222714,38.6417328938613,87.39963664068452,198.16269242432782,-0.946364835949817,-0.528635134223053,5.4572,78.0
SLE,Sierra Leone,2011,160.0,,22.895954558049322,10.9869587677677,-0.9542626885739032,-0.4442295039092865,950.7607630545934,6387251,39.0472153491602,87.09714090831581,210.0753827479921,-0.964097831461144,-0.4398988291988547,5.861,41.0
SLE,Sierra Leone,2012,160.0,,20.388611803823775,9.77051963302454,-0.8521424944895957,-0.4457868445495417,1025.043660045016,6551080,39.4644094876975,73.88059701492537,222.17825485314134,-0.8533046538126431,-0.4405194116741902,6.1974,32.0
SLE,Sierra Leone,2013,160.0,,21.94028816846772,7.22686963531629,-0.646162718631921,-0.5640322344853865,1146.8197345647545,6714051,39.8916422780075,61.990526869773696,196.51773326879268,-0.6577516847604701,-0.561714938979439,6.503,55.0
SLE,Sierra Leone,2014,160.0,,21.94513715710723,8.02771244072182,-0.5216339897402197,-0.5878760785287579,1032.2378935590461,6876385,40.3272406886245,82.55148483619486,213.35446942648636,-0.5332493135344886,-0.5854959897939789,6.7112,57.0
SLE,Sierra Leone,2015,160.0,,21.94513715710723,10.5713602396516,-0.5212818310331624,-0.610830148298999,964.5759808889885,7037655,40.7669565187099,74.72779154464219,187.4750124676793,-0.5373286786742233,-0.6083795093857004,6.2429,70.0
SLE,Sierra Leone,2016,160.0,,21.94513715710723,14.6732645434772,-0.4979254432073765,-0.6237528839111319,1002.7786228201277,7205328,41.229411538771,74.24977363859784,180.8661883909392,-0.5173824065810092,-0.6211653780582002,6.3195,77.0
SLE,Sierra Leone,2017,160.0,,21.94513715710723,14.9365306672881,-0.4589300340081533,-0.6275342345753918,1010.5469407120731,7379299,41.7106682105058,75.23603157405975,197.44223641786934,-0.4785917605428388,-0.6249846481226327,6.3432,37.0
SLE,Sierra Leone,2018,160.0,,21.94513715710723,8.55532841443589,-0.4599570063846203,-0.6364667577361833,1015.6678297204992,7554563,42.2011025267803,75.27582903235775,185.70753721089957,-0.4748544979237662,-0.6334045047992553,6.5519,47.0
SLE,Sierra Leone,2019,160.0,,21.94513715710723,7.49079656656829,-0.5274201263824844,-0.4027479687432369,1046.9677807859402,7731991,42.7018444914441,75.27735714947929,173.40784688019585,-0.5439375168975198,-0.39152490123257,6.7021,78.0
SLE,Sierra Leone,2020,160.0,,21.94513715710723,8.22978194152241,-0.573951122242707,-0.4040435980916152,1010.2529461475721,7912558,43.2129659123546,75.27735714947929,153.48333156592037,-0.5901592626140953,-0.3922774461240154,6.8742,61.0
SLE,Sierra Leone,2021,160.0,,21.94513715710723,9.03701414128967,-0.5356669924979561,-0.3336605492278437,1045.766161575796,8094602,43.7345385973699,75.28194036768113,183.77081501466012,-0.5568990612110972,-0.3195219891633483,7.8333,60.0
SLE,Sierra Leone,2022,160.0,,21.94513715710723,,-0.4895810655220763,-0.1774475999994848,1077.0888453850719,8276807,44.2666343543487,,189.82683543659098,-0.5118587706076025,-0.1594391006766857,7.3355,76.0
SLE,Sierra Leone,2023,,,21.94513715710723,,-0.7250177813351772,-0.1007969908441692,1113.868375006968,8460512,44.809324991151,,180.8272625016599,-0.72384494709687,-0.0802149910494716,7.7945,45.0
SLE,Sierra Leone,2024,,,,,-0.6967894994523554,,1137.2900567305433,8642022,45.3626823156371,,188.36918529741132,-0.6958319641670707,,7.9285,33.0
SOM,Somalia,1960,6.0,,1.4202824624605477,,,,318.8248265842472,2876331,17.6661877175783,,29.860313179937904,,,,23.0
SOM,Somalia,1961,6.0,,1.4202824624605477,,,,300.51342992718224,2952054,18.1741936982061,,39.07957523819782,,,,41.0
SOM,Somalia,1962,6.0,,1.4282526221825484,,,,313.49261086876714,3030091,18.6854591168632,,40.30810883221972,,,,56.0
SOM,Somalia,1963,6.0,,1.4362227819045492,,,,313.9803602344069,3110361,19.2000007629395,,41.842027919732836,,,,58.0
SOM,Somalia,1964,6.0,,1.4441929416265502,,,,287.1828930864474,3192796,19.734329893097,,46.41654072258048,,,,68.0
SOM,Somalia,1965,6.0,,1.452163101348551,,,,263.10279235954886,3277874,20.298692538397,,37.790815100985746,,,,64.0
SOM,Somalia,1966,6.0,,1.460133261070552,,,,279.60076751856064,3365106,20.8837076498277,,37.53264751958225,,,,38.0
SOM,Somalia,1967,6.0,,1.4681034207925527,,,,288.5433678176363,3454537,21.4799941783772,,35.90377641215724,,,,32.0
SOM,Somalia,1968,6.0,,1.4760735805145535,,,,286.7594574323458,3546590,22.0781710750338,,36.411123437499995,,,,32.0
SOM,Somalia,1969,6.0,,1.4840437402365543,,,,274.5754385460719,3641015,22.6688572907858,,39.64092360746271,,,,77.0
SOM,Somalia,1970,6.0,,1.492013899958555,4.7012253652722,,,279.67090903406495,3738448,23.2426717766214,,26.191579403562486,,,18.5808,55.0
SOM,Somalia,1971,6.0,,1.499984059680556,3.99020326758254,,,278.26432767953196,3837691,23.7902334835287,,31.650547979700917,,,18.4464,33.0
SOM,Somalia,1972,6.0,,1.5079542194025568,3.5814651941892,,,311.4164264245003,3939436,24.302161362496,,33.77810793596662,,,18.8002,47.0
SOM,Somalia,1973,6.0,,1.5159243791245578,5.21784703445966,,,266.4025549568133,4045592,24.7690743645115,,42.753343220354246,,,18.6359,49.0
SOM,Somalia,1974,6.0,,1.5223005069021582,6.65462440324456,,,261.53838855060144,4151842,25.1815914405635,,46.921223572987195,,,18.3735,66.0
SOM,Somalia,1975,6.0,,1.530270666624159,5.86845350187241,,,292.52518435314346,4257535,25.532797785608,,36.94536068498767,,,19.778,60.0
SOM,Somalia,1976,6.0,,1.53824082634616,4.75722627125512,,,279.9986087508086,4365812,25.8442943408161,,31.386775124756642,,,19.7526,64.0
SOM,Somalia,1977,6.0,,1.5446169541237607,14.2510557407336,,,309.814719435228,4484050,26.1260458993913,,79.4767423255814,,,21.0734,68.0
SOM,Somalia,1978,6.0,,1.5525871138457614,13.2112488583113,,,305.2595256490753,4814892,26.3836594902243,,82.00609272171255,,,22.6551,61.0
SOM,Somalia,1979,6.0,,1.5605572735677622,12.1543655056934,,,256.2789332027454,5449117,26.6224928511374,,99.97776133555926,,,22.6969,67.0
SOM,Somalia,1980,6.0,,1.5685274332897632,15.3376618134501,,,239.47024347351032,5936154,26.847903719953,,121.88456287411339,,,22.6225,56.0
SOM,Somalia,1981,6.0,,1.576497593011764,12.0089206137493,,,252.48505036642095,5982849,27.0652498344932,,93.16739528472978,,,23.5541,37.0
SOM,Somalia,1982,6.0,,1.5844677527337647,15.9634725528061,,,258.56415647259234,6003840,27.2798889325803,,93.99883293600357,,,24.2086,42.0
SOM,Somalia,1983,6.0,,1.5924379124557655,11.3515372520521,,,221.45399283364685,6198430,27.4971787520367,,96.1143266019528,,,23.5766,39.0
SOM,Somalia,1984,6.0,,1.6004080721777665,9.8362608967673,,,220.50529297497656,6428389,27.7224770306845,,75.75217525902366,,,23.9838,42.0
SOM,Somalia,1985,6.0,,1.6083782318997673,6.33199978781604,,,231.96066199891996,6693289,27.9611415063462,,25.65757873754153,,,24.7584,22.0
SOM,Somalia,1986,6.0,,1.616348391621768,9.79158576575213,,,217.82204497526828,6974788,28.2185299168439,,36.90286261944251,,,25.109,49.0
SOM,Somalia,1987,6.0,,1.6227245193993687,8.70364676484303,,,231.3851206618515,7228302,28.5,,37.56403097967077,,,26.041,67.0
SOM,Somalia,1988,6.0,,1.6275066152325692,9.48998762484786,,,239.0540738671606,7235360,28.7969438370269,,26.665639300462544,,,27.0599,27.0
SOM,Somalia,1989,6.0,,1.6275066152325692,9.22376823661948,,,252.36084948670907,7114817,29.098054289527,,48.6201733615383,,,26.8906,51.0
SOM,Somalia,1990,6.0,,1.6291006471769693,13.4864824653409,-0.394116451897577,,259.4000218700778,7082811,29.4046402659076,,42.26333246994886,-0.4035244804470519,,25.6664,53.0
SOM,Somalia,1991,6.0,,1.6291006471769693,,-0.3442596937791666,,277.59880235040754,6813760,29.7180106745758,,,-0.3483409423373955,,22.8635,60.0
SOM,Somalia,1992,6.0,,1.6306946791213695,,-0.3663085157673884,,266.4984100429021,6495107,30.0394744239389,,,-0.3699409373451476,,20.9865,72.0
SOM,Somalia,1993,6.0,,1.6322887110657696,,-0.3992509451949944,,269.4062046225882,6681399,30.3703404224041,,,-0.4020915820889315,,22.9439,35.0
SOM,Somalia,1994,6.0,,1.6418529027321709,,-0.4191540782124643,,210.44619460177475,7026797,30.7119175783784,,,-0.4220574013462504,,24.7616,74.0
SOM,Somalia,1995,6.0,,1.6498230624541717,,-0.4386457579996414,,211.0875308416372,7285007,31.0655148002693,,,-0.440735267448147,,25.5318,22.0
SOM,Somalia,1996,6.0,,1.6561991902317723,,-0.4794815758077548,,219.93638187357874,7554474,31.4324409964838,,,-0.480806412533778,,26.1921,61.0
SOM,Somalia,1997,6.0,,1.6625753180093727,,-0.5143291123703774,,214.85235128906106,7824525,31.8140050754292,,,-0.5159740207321146,,26.7803,71.0
SOM,Somalia,1998,6.0,,1.6625753180093727,,-0.5423182194948926,,219.71216074934566,8155417,32.2115159455126,,,-0.5423932485321776,,26.897,27.0
SOM,Somalia,1999,6.0,,1.6625753180093727,,-0.6080871395368957,,226.44411102873548,8492059,32.6262825151413,,,-0.6080642658728145,,27.5764,23.0
SOM,Somalia,2000,6.0,45.6512,1.6625753180093727,,-0.6325649280691091,,233.03239308626513,8838713,33.0596136927225,0.0,,-0.6438431205258148,,28.3012,50.0
SOM,Somalia,2001,6.0,46.166700000000006,1.6657633818981732,,-0.6673762857328771,,239.83907408803972,9198493,33.5128183866634,0.0,,-0.6735584731393437,,28.8167,34.0
SOM,Somalia,2002,6.0,46.733900000000006,1.6960499888417764,,-0.7328576381531701,,248.6364540007657,9550063,33.9872055053711,0.0,,-0.7366649137374371,,29.3839,75.0
SOM,Somalia,2003,6.0,47.2709,1.7263365957853796,,-0.5484815338596122,,257.9103372359857,9909157,34.4719665654476,0.0,,-0.5508855835815619,,29.9209,76.0
SOM,Somalia,2004,6.0,47.781800000000004,1.8012560971721874,,-0.3609742576180653,,266.2572718566411,10280998,34.9620706047618,0.0,,-0.3648480883231373,,30.4318,72.0
SOM,Somalia,2005,6.0,48.522999999999996,1.7534351388401825,,-0.4848392933390497,,275.4570407980927,10644228,35.4674928136211,0.0,,-0.4832741835755992,,31.173,63.0
SOM,Somalia,2006,6.0,47.653800000000004,1.6737335416201742,,-0.6412961335828337,,284.47078986523394,10975502,35.9982083823331,0.0,,-0.6349253707303185,,30.3038,66.0
SOM,Somalia,2007,6.0,46.420100000000005,1.5940319444001656,,-0.7479946880531307,,294.2104044666344,11322582,36.5641925012053,0.0,,-0.7346509990937886,,29.0701,65.0
SOM,Somalia,2008,6.0,46.8783,1.7534351388401825,,-0.8850457462252347,,304.74144881111664,11663084,37.1754203605454,0.0,,-0.8648541904662954,,29.5283,58.0
SOM,Somalia,2009,6.0,47.2465,1.7534351388401825,,-1.0303673746681068,,317.03818481457034,11961201,37.8418671506609,0.0,,-1.0043553975310695,,29.8965,52.0
SOM,Somalia,2010,6.0,47.601200000000006,1.7534351388401825,,-0.928010740292662,,329.9705049369409,12261756,38.5735080618592,0.0,,-0.8927157876572309,,30.2512,76.0
SOM,Somalia,2011,6.0,47.9935,1.5940319444001656,,-0.7616967658684248,,349.57744907772184,12348830,39.380318284448,0.0,,-0.742294669726572,,30.6435,58.0
SOM,Somalia,2012,6.0,48.2748,1.5940319444001656,,-0.8037586786867137,,369.6172047533848,12461160,40.2722730087349,1.1196742765740877,88.57364607822885,-0.7872412142385863,,30.9248,22.0
SOM,Somalia,2013,6.0,48.4297,1.7534351388401825,17.8127642098138,-0.5913101633861919,,397.1087963448585,12869594,41.2593474250273,1.0880316518298714,83.34099912583778,-0.5924570112962758,,31.0797,22.0
SOM,Somalia,2014,6.0,48.67400000000001,1.7534351388401825,18.2921917574279,-0.6814128418350416,,417.5167969063951,13339491,42.3515167236328,1.1327363633795655,81.70104145593217,-0.6825319613639399,,31.324,38.0
SOM,Somalia,2015,6.0,48.7976,1.7534351388401825,18.8761765982543,-0.777541279422358,,445.583080073396,13806963,43.8618107408479,1.4584154513204572,76.4793322385239,-0.7788265293948018,,31.4476,42.0
SOM,Somalia,2016,6.0,49.1613,1.7534351388401825,19.5454511774019,-0.8016107230702266,,458.92147682460546,14348740,45.942842729174,3.368304803975704,74.36156255162486,-0.8087825291397375,,31.8113,30.0
SOM,Somalia,2017,6.0,49.388400000000004,1.7534351388401825,18.697269661953,-0.8073181081079877,,506.50109887945945,14916629,48.3639630032265,4.626955147419478,68.6756490932841,-0.8154311620156633,,32.0384,34.0
SOM,Somalia,2018,6.0,49.93,1.7534351388401825,11.735774261604,-0.861517219368203,,498.98106501387196,15452487,50.9506215336872,4.697072838665759,73.82192302807063,-0.8725055818345249,,32.58,26.0
SOM,Somalia,2019,6.0,50.458800000000004,1.7534351388401825,10.7304105687897,-0.9348942052171516,,494.44403971233885,16030971,51.6421170703225,4.697072838665759,70.29805914972273,-0.9473624072359512,,33.1088,24.0
SOM,Somalia,2020,6.0,50.8584,1.7534351388401825,11.455284804417,-0.5173107583343556,,462.8670537372356,16651191,52.286318011754,8.22221022512552,75.69541029207232,-0.512818593409625,,33.5084,71.0
SOM,Somalia,2021,6.0,50.7342,1.7534351388401825,11.2356934915275,-0.4627661950181719,,461.6278307259782,17271431,52.9060649733324,11.213244894761582,79.0994411051355,-0.4510975967765608,,33.3842,30.0
SOM,Somalia,2022,6.0,50.9947,1.7534351388401825,,-0.5269104431773572,-1.3925024641158164,460.046226685196,17801897,53.5010115886789,,90.75762030775262,-0.5107632867106945,-1.3921678354790268,33.6447,26.0
SOM,Somalia,2023,,51.5947,1.7534351388401825,,-0.6696143932601252,-1.6018295350323737,464.7210695255668,18358615,54.0714435506882,,103.12100748311737,-0.6534234672336104,-1.6080100593568951,34.2447,59.0
SOM,Somalia,2024,,,,,-0.2930625592797531,,467.2699101944148,19009151,54.6176465524521,,130.32506058327067,-0.29435616697884,,34.4169,75.0
ZAF,South Africa,1960,44.8,,9.892093744075048,,,,3993.4367965204237,16440172,46.69271200762,,46.85549687950072,,,,73.0
ZAF,South Africa,1961,44.8,,9.892093744075048,,,,4032.2227245036966,16908035,46.8625654005853,,43.74810318664644,,,,41.0
ZAF,South Africa,1962,44.8,,9.933310801342026,,,,4155.85711467972,17418522,47.0099487835116,,43.352353780313834,,,,54.0
ZAF,South Africa,1963,44.8,,9.974527858609008,,,,4329.07391977209,17954564,47.1402438740288,,44.97613826905714,,,,70.0
ZAF,South Africa,1964,44.8,,10.015744915875986,,,,4532.234305487726,18511361,47.2558803136078,,45.94847775175644,,,,76.0
ZAF,South Africa,1965,44.8,,10.056961973142965,,,,4664.096991077862,19089380,47.3592877437199,,45.51687198714515,,,,54.0
ZAF,South Africa,1966,44.8,,10.064381043451021,,,,4722.499420079254,19690087,47.4528958058359,,42.09437493842971,,,,43.0
ZAF,South Africa,1967,44.8,,10.071800113759078,,,,4906.856850863781,20314066,47.539134141427,,42.49181488363862,,,,30.0
ZAF,South Africa,1968,44.8,,10.079219184067135,,,,4953.800648331265,20957287,47.6204323919642,,41.29332897318509,,,,69.0
ZAF,South Africa,1969,44.8,,10.086638254375192,,,,5029.646913627568,21614676,47.6992201989186,,39.62195565249,,,,36.0
ZAF,South Africa,1970,44.8,,10.094057324683247,1.66319689663623,,,5135.561502689496,22279984,47.7773422725034,,39.78622327790974,,,241.1518,60.0
ZAF,South Africa,1971,44.8,,10.101476394991304,2.27229555164516,,,5200.743218082695,22942143,47.8492514745745,,40.49808886765408,,,240.6574,49.0
ZAF,South Africa,1972,44.8,,10.10889546529936,2.25095786277391,,,5137.376924377119,23609456,47.9111068411659,,40.772577735328454,,,247.9574,25.0
ZAF,South Africa,1973,44.8,,10.116314535607415,2.46019338628727,,,5220.821766436057,24294263,47.9661680598674,,41.15149677251657,,,267.0392,49.0
ZAF,South Africa,1974,44.8,,10.123733605915472,4.17188319911569,,,5385.831336779313,24989108,48.0172760958698,,48.796358852185044,,,276.1185,53.0
ZAF,South Africa,1975,44.8,,10.131152676223529,4.56503787992989,,,5327.518434734535,25690940,48.0672719143636,,49.81405609832966,,,294.3219,48.0
ZAF,South Africa,1976,44.8,,10.138571746531584,5.14924829428581,,,5301.986395758952,26395450,48.1189964805395,,48.880753430399906,,,310.3443,39.0
ZAF,South Africa,1977,44.8,,10.14599081683964,5.52869096191121,,,5155.68575875517,27118952,48.1752907595884,,48.21138623909073,,,312.5788,51.0
ZAF,South Africa,1978,44.8,,10.153409887147697,4.73080336676493,,,5168.069303141041,27869507,48.2389957167007,,50.95151082984223,,,292.1794,53.0
ZAF,South Africa,1979,44.8,,10.160828957455752,7.86535008976527,,,5220.725056581873,28634162,48.3129523170674,,54.10700828937453,,,302.031,72.0
ZAF,South Africa,1980,44.8,,10.16824802776381,13.527306658855,,,5399.540678711871,29518857,48.4000015258789,,56.507316512773386,,,317.6927,44.0
ZAF,South Africa,1981,44.8,,10.175667098071866,11.020952107359,,,5498.592033849747,30541044,48.5049563806564,,52.19295562705685,,,334.2193,52.0
ZAF,South Africa,1982,44.8,,10.184734850670601,10.7813376290142,,,5291.382610975862,31615339,48.6334150579768,,47.14181568677902,,,343.3557,60.0
ZAF,South Africa,1983,44.8,,10.184734850670601,9.1053548000585,,,5015.371423721657,32739304,48.7893962316144,,40.2562021253767,,,346.7314,40.0
ZAF,South Africa,1984,44.8,,10.184734850670601,5.36043298111018,,,5091.719363659166,33892788,48.9769185753438,,43.39294128922504,,,367.7871,73.0
ZAF,South Africa,1985,44.8,,10.184734850670601,10.8450678188133,,,4865.056940857873,35042093,49.2000007629395,,47.94826638080455,,,373.2688,65.0
ZAF,South Africa,1986,44.8,,10.3866984312788,8.66048788524986,,,4712.818694642393,36180515,49.5595109146059,,46.64892791943586,,,371.3279,49.0
ZAF,South Africa,1987,44.8,,10.34548137401182,7.10334308912649,,,4664.130116139612,37326190,50.0986088197323,,44.971254133808195,,,388.398,36.0
ZAF,South Africa,1988,44.8,,10.3866984312788,6.90012319771553,,,4714.2228417462375,38480649,50.7347506558709,,45.85131224935276,,,394.1299,35.0
ZAF,South Africa,1989,44.8,,10.469132545812759,6.49961862512435,,,4687.291051901998,39628575,51.3853926005736,,42.699765345189576,,,392.9151,71.0
ZAF,South Africa,1990,44.8,,10.551566660346717,5.69756198732845,1.697949338192202,2.4165779782585544,4544.230232121646,40746268,51.9679908313922,0.6039730663891979,38.21180092417985,1.749967740191812,2.41402210363584,407.0931,66.0
ZAF,South Africa,1991,44.8,,10.634000774880677,5.44865900528835,1.2816748729114116,2.2532550435032928,4396.360694505433,41687898,52.4000015258789,1.1763587537726656,34.881609256977555,1.2977246224568668,2.235862718659689,399.4787,52.0
ZAF,South Africa,1992,44.8,,10.850802496104988,4.45678523091591,1.446547390785268,2.2923880964658854,4225.814328485004,42443509,52.6805094926402,0.44737938009399725,34.321353499347445,1.4618495300746472,2.2815825944497967,393.4699,57.0
ZAF,South Africa,1993,44.8,,11.067604217329299,4.45349964332174,2.042258462397941,2.3509433132845228,4193.598261353449,43297156,52.893505042748,0.08356896729362473,35.69812434604288,2.0516137008309543,2.3441113453360822,397.688,51.0
ZAF,South Africa,1994,44.8,,11.08738840481745,4.76625199005595,3.5682957774367616,2.430484271905994,4258.261847334079,44004139,53.0838026074521,0.5911167372997963,37.114609166627915,3.5187071595585007,2.4231488258269382,404.463,67.0
ZAF,South Africa,1995,44.8,,11.12860546208443,4.03562638417749,3.893362267545721,2.338520656883392,4337.29729686998,44541554,53.2962166180026,0.28341057030350114,39.47803377930257,3.8753812345883367,2.336849333421759,423.2644,60.0
ZAF,South Africa,1996,44.8,,11.252256633885366,4.64270090290704,3.022138647975969,2.225209026508752,4465.506498548066,45123018,53.5749191516739,0.6836344167046738,42.19925173252796,3.0085328486215084,2.222949848509308,437.4584,66.0
ZAF,South Africa,1997,44.8,,11.293473691152347,3.69265986755738,3.131343225705178,2.1366677189967804,4527.049924038771,45666838,54.0040163031993,1.0638803586199028,42.30133442918307,3.1242259853387813,2.134824014419232,456.8219,29.0
ZAF,South Africa,1998,44.8,,11.293473691152347,3.11344933385369,2.8613569754744748,2.026365065933493,4494.85711232358,46223880,54.6562438276427,0.8891096243925716,44.035745336896454,2.847867529577692,2.0246665920019384,464.1294,74.0
ZAF,South Africa,1999,44.8,,11.342934159872723,2.48859050822074,2.553742381013956,2.055973660191548,4552.850079730307,46730335,55.4408521794673,0.45465292692057613,42.25829601726733,2.547717052726487,2.0576844877926805,446.8372,35.0
ZAF,South Africa,2000,44.8,409.1207,11.385799899430381,3.71688450048923,2.258177356998601,1.7510636227654128,4700.875555007041,47159719,56.2589954883628,2.0008544168604927,46.22072173540766,2.254109975353582,1.7526958595954314,449.6813,60.0
ZAF,South Africa,2001,44.8,430.2469,11.281108573972253,4.94658656928292,2.0982353031624483,1.7417920683410102,4786.482450462999,47566800,57.0014339378269,2.106049500237982,49.170945185829034,2.095765402574388,1.7444999158749186,461.0861,47.0
ZAF,South Africa,2002,44.8,446.73400000000004,11.293473691152347,4.67923392268105,2.062269573021717,1.8174337111246173,4916.814980686249,48019415,57.6723587528482,1.8742740564433864,53.46550162943685,2.061170387412417,1.8183692460755607,475.9107,47.0
ZAF,South Africa,2003,44.8,457.7887,11.211039576618388,2.99086668200306,1.9872873289638973,1.8310758180678888,5011.622231501694,48500348,58.3724341232066,1.7418039610808227,45.72386256897895,1.98425550204647,1.8316400974933376,502.808,34.0
ZAF,South Africa,2004,44.8,500.84870000000006,10.963737233016511,4.77963979439938,1.961074289955381,1.8599719648227404,5187.356834240336,48991421,59.0977390950102,1.945516240469328,45.64357522400406,1.9575783909154043,1.8612606208912423,537.0016,21.0
ZAF,South Africa,2005,44.8,534.8338,10.860694589849063,4.56849246597233,1.9174020793275668,1.8385343674371084,5406.075813776378,49490033,59.8241758378997,1.8748785327573676,47.4277813970329,1.9078710186918275,1.839102303291325,549.4026,68.0
ZAF,South Africa,2006,44.8,533.8620000000001,10.3866984312788,5.2274047401405,1.797202776564996,1.8382879201767184,5650.988317654902,49998277,60.5276465215157,2.155458277843009,53.768141274114534,1.788676930617301,1.839690374196696,553.5642,52.0
ZAF,South Africa,2007,44.8,545.3901999999999,10.3866984312788,6.3657074741337,1.704439657041282,1.8825911164914528,5891.420694216981,50528584,61.1840533154988,1.7336941464025597,57.12513913774696,1.699285741901011,1.883822030423069,575.5994,27.0
ZAF,South Africa,2008,44.8,588.8783999999999,10.551566660346717,11.9900580422374,1.5811254216138575,1.8687474088698703,6009.719631386346,51114599,61.7692983894896,1.6404830210886172,65.97452379962331,1.5793240790472525,1.8692255045248145,604.938,41.0
ZAF,South Africa,2009,44.8,538.3124,10.436158899999176,4.93797499670312,1.5297681892699837,1.9561331956525505,5847.058110845047,51728516,62.2592839131287,1.7540081023573775,49.5875353278801,1.5308727796660422,1.957781049175084,573.0525,55.0
ZAF,South Africa,2010,44.8,555.2956,10.331467574541048,6.84683101275869,1.646738746504135,1.9595120774810115,5953.945065128211,52344051,62.6299120560569,1.9412714126679018,50.406087162599924,1.6556160233294257,1.9614952974998168,581.5067,59.0
ZAF,South Africa,2011,44.8,528.752,9.919297001871255,7.81466074244917,1.7250299830832136,1.9753206623555095,6067.12482726885,52995205,62.850627754452,1.9991010825099602,54.63635043589712,1.7314975237300685,1.9782361783564923,561.3166,48.0
ZAF,South Africa,2012,44.8,547.6678999999999,9.892093744075048,6.40436399402211,1.758752465989792,1.8046723583992532,6121.557838607126,53782567,62.9616560303263,1.8076450358445868,55.58261719333446,1.7669452724402002,1.8220665356233152,582.7117,77.0
ZAF,South Africa,2013,44.8,551.5983,9.892093744075048,6.11153096342063,1.674058335780264,1.8479758186145416,6170.876708633726,54678791,63.0524024097034,1.735657410191625,58.875027630051015,1.6788790451061353,1.8693067813684725,597.1763,42.0
ZAF,South Africa,2014,44.8,573.0745000000001,9.892093744075048,4.66573419871465,1.593566692223348,1.844972835247232,6155.005894625161,55594838,63.1352327065742,2.142585656708027,59.499574055059256,1.597627412413688,1.869136306757964,610.893,23.0
ZAF,South Africa,2015,44.8,570.615,9.892093744075048,2.80794769347075,1.6173194889510971,1.8226868162935603,6112.273824859742,56723537,63.2096349937231,2.6711541927860445,56.726676144715626,1.6188431236875325,1.849895105573368,584.9499,31.0
ZAF,South Africa,2016,44.8,550.5318,9.892093744075048,3.56159906611897,1.557042078063443,1.689218131837808,6095.295060428005,57259551,63.2750973439347,3.1019003192916235,55.86125750487819,1.5597790896016908,1.7144655958898458,582.2042,56.0
ZAF,South Africa,2017,44.8,584.3767,9.892093744075048,3.8355856656622,1.5830356265030674,1.6479813689463103,6125.6920507497025,57635162,63.3311078299936,4.18104603855229,53.53593182937409,1.5829346656009131,1.6728560917469746,599.0716,58.0
ZAF,South Africa,2018,44.8,589.7576,9.892093744075048,3.86949148830953,1.5016933793405924,1.699224053775506,6117.270140604696,58613001,63.3771545246841,4.876851133203586,54.48554512763406,1.5002777016340594,1.721318470943858,600.3929,50.0
ZAF,South Africa,2019,44.8,567.6152000000001,9.892093744075048,4.18782227881945,1.4041594775094908,1.7705485137272736,6032.829725986681,59587885,63.4127255007908,5.24124159386961,53.8979964081406,1.400595031072743,1.796207694055278,604.7019,78.0
ZAF,South Africa,2020,44.8,529.6686,9.892093744075048,4.01777511009808,1.4050879296140784,1.6580658709283005,5569.584833192716,60562381,63.4373088310982,6.011915447914797,50.75965908041766,1.4032139230044431,1.6798851797784204,576.999,55.0
ZAF,South Africa,2021,44.8,538.3433,9.892093744075048,7.32857859192335,1.3072210309660577,1.620809949101515,5750.909374795845,61502603,63.4503925883909,6.447863939241665,56.16471362775458,1.303731884510635,1.6442787049172591,575.4292,27.0
ZAF,South Africa,2022,44.8,499.3726,9.892093744075048,,1.2365473077692772,1.6727669079830578,5786.865053447359,62378410,63.4766699210327,,64.94713440234001,1.2315187969378385,1.6937438458203335,556.0799,66.0
ZAF,South Africa,2023,,498.738,9.892093744075048,,1.2359081645534384,1.647945105795643,5756.550494531214,63212384,63.5823705163545,,65.67987597407074,1.2269713148833243,1.66462049568447,555.4453,42.0
ZAF,South Africa,2024,,,,,1.1619614734595765,,5715.475314691478,64007187,63.6917984858172,,61.64677047302495,1.1531814466243686,,569.8096,74.0
SSD,South Sudan,1960,26.0,,,,,,,2931559,8.66014350393072,,,,,,69.0
SSD,South Sudan,1961,26.0,,,,,,,2976724,8.63853004737055,,,,,,60.0
SSD,South Sudan,1962,26.0,,,,,,,3024308,8.61882914868015,,,,,,53.0
SSD,South Sudan,1963,26.0,,,,,,,3072669,8.60095220683216,,,,,,53.0
SSD,South Sudan,1964,26.0,,,,,,,3129918,8.58481062079924,,,,,,47.0
SSD,South Sudan,1965,26.0,,,,,,,3189835,8.57031578955405,,,,,,77.0
SSD,South Sudan,1966,26.0,,,,,,,3236423,8.55737911206925,,,,,,43.0
SSD,South Sudan,1967,26.0,,,,,,,3277648,8.54591198731749,,,,,,66.0
SSD,South Sudan,1968,26.0,,,,,,,3321528,8.53582581427144,,,,,,59.0
SSD,South Sudan,1969,26.0,,,,,,,3365533,8.52703199190375,,,,,,65.0
SSD,South Sudan,1970,26.0,,,,,,,3409614,8.51944191918708,,,,,,23.0
SSD,South Sudan,1971,26.0,,,,,,,3468646,8.51296699509408,,,,,,75.0
SSD,South Sudan,1972,26.0,,,,,,,3542497,8.50751861859742,,,,,,52.0
SSD,South Sudan,1973,26.0,,,,,,,3627383,8.50300818866975,,,,,,38.0
SSD,South Sudan,1974,26.0,,,,,,,3723259,8.49934710428372,,,,,,65.0
SSD,South Sudan,1975,26.0,,,,,,,3821494,8.49644676441201,,,,,,24.0
SSD,South Sudan,1976,26.0,,,,,,,3921910,8.49421856802726,,,,,,67.0
SSD,South Sudan,1977,26.0,,,,,,,4024032,8.49257391410213,,,,,,25.0
SSD,South Sudan,1978,26.0,,,,,,,4127657,8.49142420160929,,,,,,27.0
SSD,South Sudan,1979,26.0,,,,,,,4232605,8.49068082952138,,,,,,33.0
SSD,South Sudan,1980,26.0,,,,,,,4339030,8.49025519681107,,,,,,56.0
SSD,South Sudan,1981,26.0,,,,,,,4447272,8.49005870245101,,,,,,21.0
SSD,South Sudan,1982,26.0,,,,,,,4557686,8.49000274541386,,,,,,43.0
SSD,South Sudan,1983,26.0,,,,,,,4661574,8.51886343890962,,,,,,37.0
SSD,South Sudan,1984,26.0,,,,,,,4750627,8.73311195571382,,,,,,30.0
SSD,South Sudan,1985,26.0,,,,,,,4834296,9.1537124013151,,,,,,22.0
SSD,South Sudan,1986,26.0,,,,,,,4921240,9.72767919193398,,,,,,70.0
SSD,South Sudan,1987,26.0,,,,,,,4962395,10.4087422304565,,,,,,22.0
SSD,South Sudan,1988,26.0,,,,,,,4848029,11.1506314197689,,,,,,36.0
SSD,South Sudan,1989,26.0,,,,,,,4713229,11.9070766627571,,,,,,36.0
SSD,South Sudan,1990,26.0,,,,,,,4737633,12.6318078623073,,,,,,39.0
SSD,South Sudan,1991,26.0,,,,,,,4836677,13.2785549213056,,,,,,68.0
SSD,South Sudan,1992,26.0,,,,,,,4909749,13.8010477426381,,,,,,56.0
SSD,South Sudan,1993,26.0,,,,,,,4956002,14.1628125972768,,,,,,33.0
SSD,South Sudan,1994,26.0,,,,,,,5071184,14.4519115878723,,,,,,67.0
SSD,South Sudan,1995,26.0,,,,,,,5225836,14.741959594823,,,,,,70.0
SSD,South Sudan,1996,26.0,,,,,,,5356925,15.0253277804679,,,,,,49.0
SSD,South Sudan,1997,26.0,,,,,,,5509136,15.299558729894,,,,,,40.0
SSD,South Sudan,1998,26.0,,,,,,,5620068,15.5621950281887,,,,,,75.0
SSD,South Sudan,1999,26.0,,,,,,,5771628,15.8107792604388,,,,,,42.0
SSD,South Sudan,2000,26.0,,,,,,,6032267,16.0428540117317,,,,,,61.0
SSD,South Sudan,2001,26.0,,,,,,,6308391,16.2559618671544,,,,,,52.0
SSD,South Sudan,2002,26.0,,,,,,,6596806,16.447645411794,,,,,,65.0
SSD,South Sudan,2003,26.0,,,,,,,6903127,16.6154472307377,,,,,,37.0
SSD,South Sudan,2004,26.0,,,,,,,7233041,16.7569099090725,,,,,,40.0
SSD,South Sudan,2005,26.0,,,,,,,7590143,16.8695760318857,,,,,,62.0
SSD,South Sudan,2006,26.0,,,,,,,7976526,16.9509881842643,,,,,,60.0
SSD,South Sudan,2007,26.0,,,,,,,8388788,16.9986889512954,,,,,,33.0
SSD,South Sudan,2008,26.0,,,58.2776601424041,,,2289.1841537556347,8817647,17.0301141193955,,97.26629731834878,,,,56.0
SSD,South Sudan,2009,26.0,,,35.188657039956,,,2293.8016688854314,9243556,17.2937284639317,,94.83576408799634,,,,75.0
SSD,South Sudan,2010,26.0,,,43.7092935094988,-1.290535597934964,-0.8206596115949708,2295.0702609600567,9745953,17.535620199576,,90.94344836611309,-1.288607305690568,-0.8245925201843763,,79.0
SSD,South Sudan,2011,26.0,,,51.7868586633182,-1.3650279430866747,-1.1157398771033196,2073.239818191447,10288109,17.7817678106789,,93.22685975491905,-1.3590661410553904,-1.1263067521854837,,26.0
SSD,South Sudan,2012,26.0,,4.207289573212223,5.60460947133863,-1.3526819344186234,-1.1315876074903326,1069.1961908093842,10756240,18.0321885447664,0.053932584269662916,71.61981139474885,-1.3485185850726658,-1.142728664751393,,23.0
SSD,South Sudan,2013,26.0,,4.140371560141155,14.7084526216951,-1.3147458164580506,-1.159453764344794,1165.1620270749504,11166275,18.2868996493633,0.05084745762711865,50.811246590746265,-1.309005495259364,-1.1706200749379885,,42.0
SSD,South Sudan,2014,26.0,,4.075036000822876,28.4570049428564,-1.3807715104250822,-1.1498277076040015,1197.0949196947931,11235073,18.5459183719929,0.05010438413361169,64.63451780708094,-1.3730581669627926,-1.160748234125822,,36.0
SSD,South Sudan,2015,26.0,,4.016030256515753,13.0532234224485,-1.4590610359174545,-1.1460494001661383,1080.1471862476544,11107561,18.8092619601773,0.04152249134948097,65.55134918450028,-1.4498078007174826,-1.1564504144886665,,43.0
SSD,South Sudan,2016,26.0,,3.9601894197142085,,-1.5118691671299158,-0.9003395304770184,,10830102,19.0769476614377,0.12749003984063745,,-1.5034636593530757,-0.9036009984341584,,71.0
SSD,South Sudan,2017,26.0,,3.9043485829126645,,-1.5236869800488622,-0.8900568146638215,,10259154,19.3489927232944,0.12361623616236163,,-1.5175448000106124,-0.8931988805272437,,41.0
SSD,South Sudan,2018,26.0,,3.7926669093095757,,-1.737188781008859,-0.9543481982776164,,10122977,19.6254143932663,0.20292504570383912,,-1.7205988510520058,-0.957559925140099,,36.0
SSD,South Sudan,2019,26.0,,3.7895020018039975,,-1.6940584225698228,-1.008664862503943,,10423384,19.9062299188719,0.2244165170556553,,-1.6766262423703513,-1.0119019229810744,,61.0
SSD,South Sudan,2020,26.0,,3.7895020018039975,,-1.6769185562393103,-1.0553066793280266,,10698467,20.1914565476286,0.2240143369175627,,-1.658465944752303,-1.0586162696186117,,34.0
SSD,South Sudan,2021,26.0,,3.7895020018039975,,-1.6217220221790176,-1.0665317807325732,,10865780,20.4811115270532,0.3398230088495575,,-1.6069708281520212,-1.0697321554417916,,77.0
SSD,South Sudan,2022,26.0,,3.7895020018039975,,-1.3466325120885092,-1.040185989803089,,11021177,20.7752121046616,,,-1.346928674409132,-1.0433664384246544,,57.0
SSD,South Sudan,2023,26.0,,3.939096577152532,,-1.5863486975913077,-1.0442009412166764,,11483374,21.0737755279692,,,-1.5802778718884,-1.0473938868068948,,39.0
SSD,South Sudan,2024,26.0,,,,,,,11943408,21.3768190444906,,,,,,33.0
SDN,Sudan,1960,4.0,,,,,,851.732421875,8364489,11.7195836026126,,27.562468128505863,,,,31.0
SDN,Sudan,1961,4.0,,,,,,828.766967773438,8634941,12.3510474350285,,27.665570690465007,,,,48.0
SDN,Sudan,1962,4.0,,,,,,861.476318359375,8919028,12.9854067851002,,29.664864864864864,,,,68.0
SDN,Sudan,1963,4.0,,,,,,813.293090820313,9218077,13.6171101389602,,34.75026567481403,,,,65.0
SDN,Sudan,1964,4.0,,,,,,780.661743164063,9531109,14.240605982741,,33.47124534546959,,,,26.0
SDN,Sudan,1965,4.0,,,,,,808.854431152344,9858030,14.850342802575,,29.277491067884082,,,,54.0
SDN,Sudan,1966,4.0,,,,,,757.518859863281,10197578,15.4407690845946,,28.264654672083577,,,,55.0
SDN,Sudan,1967,4.0,,,,,,746.402099609375,10550597,16.0063333149324,,30.65928175808469,,,,69.0
SDN,Sudan,1968,4.0,,,,,,739.073913574219,10917999,16.5414839797207,,31.95823348168435,,,,29.0
SDN,Sudan,1969,4.0,,,,,,727.628051757813,11298936,17.040669565092,,31.10523861339966,,,,22.0
SDN,Sudan,1970,4.0,,,0.00206075424467077,,,748.2431640625,11695771,17.4983385571788,,32.749897442909884,,,38.8238,76.0
SDN,Sudan,1971,4.0,,,0.0,,,742.029479980469,12105539,17.9089394421136,,32.8187751004016,,,39.5794,30.0
SDN,Sudan,1972,4.0,,,0.0,,,682.653015136719,12527856,18.2669207060288,,32.68563497571132,,,40.3825,37.0
SDN,Sudan,1973,4.0,,,0.0,,,661.991394042969,13049315,18.5657492177316,,31.871208586094262,,,43.8035,24.0
SDN,Sudan,1974,4.0,,,0.000110978115774158,,,711.013854980469,13580723,18.8098536538127,,33.43489299963729,,,44.4875,48.0
SDN,Sudan,1975,4.0,,,9.21363969717858e-06,,,795.953491210938,14064798,19.008668645291,,34.79814219364059,,,45.6148,32.0
SDN,Sudan,1976,4.0,,,0.0,,,898.202575683594,14569716,19.1769338706247,,30.365842009743048,,,45.9646,31.0
SDN,Sudan,1977,4.0,,,0.0,,,923.200622558594,15086614,19.3283281441363,,26.003370098039213,,,45.8884,27.0
SDN,Sudan,1978,4.0,,,0.0,,,837.251831054688,15695003,19.4765302801481,,23.13408513134737,,,46.8899,39.0
SDN,Sudan,1979,4.0,,,0.000258762363486766,,,765.673095703125,16355352,19.6352190929825,,29.311633313958318,,,49.6756,23.0
SDN,Sudan,1980,4.0,,,0.00116168233281095,,,747.91943359375,17058905,19.8180733969619,,33.736231819298915,,,52.7377,64.0
SDN,Sudan,1981,4.0,,,0.000609521789789679,,,773.544799804688,17780572,20.0387720064086,,33.2784239338425,,,54.9864,41.0
SDN,Sudan,1982,4.0,,,0.000623779297160664,,,790.597045898438,18486645,20.310993735645,,34.39153439153439,,,59.4456,30.0
SDN,Sudan,1983,4.0,,,0.00117246217561036,,,782.225158691406,19109770,20.7089395423352,,31.77807686556004,,,59.1137,68.0
SDN,Sudan,1984,4.0,,,0.00189043818810678,,,726.964111328125,19546528,21.4474884740718,,24.959688997857445,,,59.9735,40.0
SDN,Sudan,1985,4.0,,,0.00169109834169476,,,669.103332519531,19905872,22.5734088894875,,17.62910091585329,,,61.3581,56.0
SDN,Sudan,1986,4.0,,,0.00169106564616655,,,692.196655273438,20288238,23.956705861531,,12.96050415172113,,,58.0549,54.0
SDN,Sudan,1987,4.0,,,0.00361294641254496,,,776.530822753906,20704904,25.4917083650521,,16.64829106945976,,,56.7072,60.0
SDN,Sudan,1988,4.0,,,0.00884892867545331,,,764.454162597656,21138431,27.0727453749002,,11.487943843590793,,,58.4347,75.0
SDN,Sudan,1989,4.0,,,0.00586216495874874,,,823.076843261719,21578022,28.5941458659249,,14.688098488111983,,,58.8253,61.0
SDN,Sudan,1990,4.0,,,0.000654942802720502,-0.320612563786582,-0.9170814993326356,764.450439453125,22021481,29.9502388129759,63.23432343234323,11.090890474979439,-0.3248611381644897,-0.9169225049852552,61.1715,37.0
SDN,Sudan,1991,4.0,,,0.000462824993682063,-0.2701630564411927,-0.8885639139311052,805.367309570313,22470676,31.0353531909027,62.49247441300422,15.07295623276993,-0.2721417406857545,-0.8883761144302603,62.2466,71.0
SDN,Sudan,1992,4.0,,,0.0174385079751148,-0.2051152927786095,-0.8611052112532622,842.008605957031,22927355,31.7438179745549,66.64626682986537,19.670633293097836,-0.2054352389135573,-0.8608936070402025,67.3753,29.0
SDN,Sudan,1993,4.0,,,0.0133327100348666,-0.2053196814698359,-0.8467950260916666,862.978149414063,23445592,31.9884478944617,64.70937129300118,11.466083243778485,-0.2045542152993227,-0.8466016655058571,70.5223,43.0
SDN,Sudan,1994,4.0,,,0.00255693005909925,-0.2639641536560816,-0.8306545999750319,850.299438476563,24043948,32.0486931236115,60.33369214208827,14.610015048857983,-0.263831182460171,-0.8304747006166745,77.2173,32.0
SDN,Sudan,1995,4.0,,,0.0427456379560599,-0.2658037596847175,-0.8039837075568943,877.693298339844,24672143,32.1100625013715,52.14592274678112,14.772398487232309,-0.2648259595917795,-0.8039196346479264,77.9216,49.0
SDN,Sudan,1996,4.0,,,0.274840736390095,-0.2835419647120652,-0.7991675761422559,908.66015625,25231528,32.1664651904255,52.060106640814354,20.029843213730928,-0.2824725078993924,-0.7991207792492915,80.6274,41.0
SDN,Sudan,1997,4.0,,,0.255819521815062,-0.2867358405866961,-0.7942991399492894,1050.31994628906,25799821,32.2179601401085,49.02325581395349,17.85860672030701,-0.2855373995758222,-0.7942730330837253,83.0929,63.0
SDN,Sudan,1998,4.0,,,0.258068906339198,-0.2810575060649445,-0.7895717634939825,1069.27197265625,26458999,32.2646062997555,53.05188199389623,21.875147987053374,-0.2787520477453014,-0.7895702737988671,86.7846,79.0
SDN,Sudan,1999,4.0,,,2.11461180296093,-0.2771197626398747,-0.0757563043463237,1074.88098144531,27130613,32.3064626187016,49.938093272802305,24.71436823329991,-0.2738838569634528,-0.1321626162627991,90.7968,32.0
SDN,Sudan,2000,4.0,103.649,,10.7834600175368,-0.3804673904026153,-0.1193563188176665,1111.11865234375,27816745,32.3435880462815,49.927598287271316,29.40423445994917,-0.3755053663270558,-0.1718558655903765,95.631,27.0
SDN,Sudan,2001,4.0,108.8108,,6.91016926563004,-0.2893829153410437,-0.0115448387849983,1150.17626953125,28516770,32.3760415318304,47.39683098591549,20.293345622341057,-0.2826408626540043,-0.0567412680662938,100.7928,50.0
SDN,Sudan,2002,4.0,112.4382,,7.22283531579549,-0.1849559525519197,0.0048344497038841,1185.21533203125,29228727,32.4038820246832,45.49046233430327,25.625561721305157,-0.1747551830020109,-0.0448312661747428,104.4202,37.0
SDN,Sudan,2003,4.0,115.9235,,7.00622430942374,-0.1033817672275888,-0.0511277539198585,1226.42077636719,29896035,32.4271684741748,38.55158020274299,26.440228067055344,-0.0968746269653638,-0.0958564053992967,107.9055,30.0
SDN,Sudan,2004,4.0,118.6971,,10.1433483895059,-0.0568189152536529,0.0495774351279273,1255.67114257813,30556637,32.4459598296403,35.95904239976925,30.432337619505194,-0.0514471733746801,0.0006092580343944,110.6791,42.0
SDN,Sudan,2005,4.0,122.4464,,12.4802287524508,0.1023897489959196,0.0585652631828601,1290.24438476563,31262444,32.4603150404146,36.71955044432828,35.87159140219459,0.1138909252519277,0.0065692335431689,114.4284,43.0
SDN,Sudan,2006,4.0,125.4098,,12.5389562552987,0.2916812399387683,0.0358930400207991,1336.1240234375,31992435,32.4702930558327,33.40721079407211,36.20259361727026,0.2981124636926874,-0.0205155165357021,117.3918,56.0
SDN,Sudan,2007,4.0,128.601,,13.677466454982,0.3222211317116882,-0.0727328021668361,1372.10961914063,32764135,32.4759528252296,31.87990440151364,34.40333616156319,0.3268650033660997,-0.1242799625173531,120.583,26.0
SDN,Sudan,2008,4.0,130.2376,,17.9797789026983,-0.1491688089079877,-0.0776732958614682,1381.62561035156,33623980,32.4816230749746,29.290592081365784,36.74109782738351,-0.1634253360966865,-0.1287916604733069,122.2196,35.0
SDN,Sudan,2009,4.0,132.107,,9.8427070618575,-0.0546870222062336,-0.0807211219732778,1301.34729003906,34569113,32.5774622972843,52.06285626251733,32.780878334483305,-0.0666338489347915,-0.1249068272124809,124.089,22.0
SDN,Sudan,2010,4.0,132.96359999999999,,11.9428584964653,0.0944731190063776,-0.1314483503931998,1311.22314453125,35414399,32.7174026591513,84.51820242699026,32.72830995003497,0.0882797844711706,-0.1738875918544207,124.9456,68.0
SDN,Sudan,2011,4.0,129.74259999999998,,16.7759073133375,0.1548416366402001,-0.2631873532236042,1388.21813964844,36140806,32.9059760141986,77.96416321703134,27.51233902351799,0.1437620190460436,-0.3088761288533579,121.7246,35.0
SDN,Sudan,2012,4.0,131.4745,10.629957173447538,6.64669345938477,0.1327621177617748,-0.2705434296916404,1288.25854492188,36923178,33.1425561614901,71.5162144976685,21.8561745247301,0.1224375152474218,-0.3097156407092116,123.4565,36.0
SDN,Sudan,2013,4.0,132.8133,10.620963597430407,7.51778871746273,0.0831638798050533,-0.2250396591021681,1283.45922851563,37785849,33.4264777958103,82.32506806690004,26.85852450201342,0.0770978532228583,-0.2642138464160866,124.7953,33.0
SDN,Sudan,2014,4.0,134.7356,10.611970021413276,5.17423775201674,0.0323830948029284,-0.2554424773316965,1307.3896484375,38823318,33.7624582408117,79.48751758087201,20.845109004131313,0.0292952468104623,-0.2913430169625927,126.7176,30.0
SDN,Sudan,2015,4.0,138.2068,10.74950749464668,2.97569090164715,-0.1273978710675231,-0.3031310409445792,1292.37963867188,40024431,34.0914394628597,65.54265348355945,18.37827285465414,-0.1285849164658991,-0.3353996421940979,130.1888,29.0
SDN,Sudan,2016,4.0,142.0205,10.912740899357603,2.74050635867162,-0.125367906256671,-0.7233898364667878,1297.15454101563,41259892,34.1881958841213,56.75722503291981,15.281669890346109,-0.1259551221163936,-0.7204397394142794,134.0025,59.0
SDN,Sudan,2017,4.0,141.6918,11.075974304068522,2.48029512284545,-0.0759557741415886,-0.6726494393257944,1261.87353515625,42714306,34.2872225663509,61.10513447432763,17.83138982971024,-0.0742769121715389,-0.6687744528960233,133.6738,31.0
SDN,Sudan,2018,4.0,146.00900000000001,11.239293361884368,6.14770644131694,-0.1371381519346298,-0.7048160137662194,1185.94445800781,44230596,34.382054222005,60.28397416179637,21.86791872743227,-0.1380300436859132,-0.7017439569147512,137.991,22.0
SDN,Sudan,2019,4.0,146.2312,11.239293361884368,8.25976911220096,-0.1010363534731167,-0.7056499340158751,1126.55297851563,45548175,34.4727685824236,64.28279249036429,26.11962045526248,-0.1021408210785618,-0.7024311903033357,138.2132,29.0
SDN,Sudan,2020,4.0,145.7347,11.239293361884368,9.29265238055366,-0.1035099580915275,-0.8128791470396867,1056.86474609375,46789231,34.5594433789246,65.2923969752037,9.955145076261505,-0.1036949250311396,-0.8130941139367055,137.7167,73.0
SDN,Sudan,2021,4.0,147.7344,11.239293361884368,12.7502116848016,-0.1558156411389456,-0.7866369589881543,1009.54888916016,48066924,34.6421563427994,58.048966577463986,4.127548638284258,-0.1520584374139265,-0.7867967497272134,139.7164,79.0
SDN,Sudan,2022,4.0,147.4776,11.239293361884368,,-0.1906983583233392,-0.7556646054564662,973.225280761719,49383346,34.7209852053086,,2.698834435858558,-0.1834432588096577,-0.7558306031099734,139.4596,33.0
SDN,Sudan,2023,4.0,146.3779,11.239293361884368,,,-0.7614078516568679,677.723205566406,50042791,34.7960076976764,,2.473728782676652,,-0.7615917257826754,138.3599,44.0
SDN,Sudan,2024,4.0,,,,,,578.38916015625,50448963,34.8673015510839,,1.99541210225008,,,138.702,44.0
STP,São Tomé and Príncipe,1960,2.18,,1.0416666666666665,,,,,68012,15.4298356457858,,,,,,45.0
STP,São Tomé and Príncipe,1961,2.18,,1.0416666666666665,,,,,68707,15.9262917524485,,,,,,64.0
STP,São Tomé and Príncipe,1962,2.18,,1.0416666666666665,,,,,69403,16.8913070660808,,,,,,65.0
STP,São Tomé and Príncipe,1963,2.18,,1.0416666666666665,,,,,70112,18.2827004029807,,,,,,25.0
STP,São Tomé and Príncipe,1964,2.18,,1.0416666666666665,,,,,70865,19.9792091281889,,,,,,67.0
STP,São Tomé and Príncipe,1965,2.18,,1.0416666666666665,,,,,71680,21.8595706067462,,,,,,72.0
STP,São Tomé and Príncipe,1966,2.18,,1.0416666666666665,,,,,72576,23.8025222036935,,,,,,69.0
STP,São Tomé and Príncipe,1967,2.18,,1.0416666666666665,,,,,73596,25.6868012840716,,,,,,73.0
STP,São Tomé and Príncipe,1968,2.18,,1.0416666666666665,,,,,74765,27.3911452129212,,,,,,40.0
STP,São Tomé and Príncipe,1969,2.18,,1.0416666666666665,,,,,76083,28.7942913552832,,,,,,68.0
STP,São Tomé and Príncipe,1970,2.18,,1.0416666666666665,,,,985.0918023687698,77626,29.7580767294187,,,,,0.0342,51.0
STP,São Tomé and Príncipe,1971,2.18,,1.0416666666666665,,,,1015.7466679319441,79330,30.3503527966162,,,,,0.0341,51.0
STP,São Tomé and Príncipe,1972,2.18,,1.0416666666666665,,,,1017.0812132043554,81041,30.8102103597303,,,,,0.0336,76.0
STP,São Tomé and Príncipe,1973,2.18,,1.0416666666666665,,,,1011.3497567953343,82798,31.1894039361865,,,,,0.0348,48.0
STP,São Tomé and Príncipe,1974,2.18,,1.0416666666666665,,,,1045.1767062303695,84672,31.5088711327861,,,,,0.0357,59.0
STP,São Tomé and Príncipe,1975,2.18,,1.0416666666666665,,,,1075.5255221748353,86708,31.7895495563306,,,,,0.0374,40.0
STP,São Tomé and Príncipe,1976,2.18,,1.0416666666666665,,,,1065.9394159313126,88922,32.0523768136215,,,,,0.0395,79.0
STP,São Tomé and Príncipe,1977,2.18,,1.0416666666666665,,,,1281.277076557039,91301,32.3182905114604,,,,,0.04,47.0
STP,São Tomé and Príncipe,1978,2.18,,1.0416666666666665,,,,1283.357083623803,93794,32.6082282566485,,,,,0.0407,62.0
STP,São Tomé and Príncipe,1979,2.18,,1.0416666666666665,,,,1454.9687202311745,96252,32.9431276559874,,,,,0.0437,52.0
STP,São Tomé and Príncipe,1980,2.18,,1.0416666666666665,,,,1405.760615318628,98544,33.3439263162786,,,,,0.0435,34.0
STP,São Tomé and Príncipe,1981,2.18,,1.0416666666666665,,,,1234.8208538011709,100615,33.8301919007624,,,,,0.0443,51.0
STP,São Tomé and Príncipe,1982,2.18,,1.0416666666666665,,,,1249.5026822275297,102508,34.4707393466422,,,,,0.043,73.0
STP,São Tomé and Príncipe,1983,2.18,,1.0416666666666665,,,,1179.5562604075894,104380,35.3167652887903,,,,,0.0456,41.0
STP,São Tomé and Príncipe,1984,2.18,,1.0416666666666665,,,,1087.4415335998528,106394,36.3310963650518,,,,,0.0459,40.0
STP,São Tomé and Príncipe,1985,2.18,,2.083333333333333,,,,1163.8072425013695,108658,37.474126843308,,,,,0.0463,78.0
STP,São Tomé and Príncipe,1986,2.18,,2.083333333333333,,,,1071.3616438149345,111150,38.7062509914404,,,,,0.0496,60.0
STP,São Tomé and Príncipe,1987,2.18,,2.083333333333333,,,,1014.6912583166375,113919,39.9878630773304,,,,,0.0596,47.0
STP,São Tomé and Príncipe,1988,2.18,,2.083333333333333,,,,1008.243594027105,116939,41.2793573688592,,,,,0.0577,78.0
STP,São Tomé and Príncipe,1989,2.18,,2.083333333333333,,,,1013.5076036126519,119979,42.5411281339083,,,,,0.0561,73.0
STP,São Tomé and Príncipe,1990,2.18,,2.083333333333333,,0.359378846418232,,967.4908075028136,122980,43.7335696403591,,,0.3796466687284978,,0.0833,35.0
STP,São Tomé and Príncipe,1991,2.18,,2.083333333333333,,0.3187739140233869,,957.9464830636791,125697,44.8152889990418,,,0.337481661784562,,0.0981,46.0
STP,São Tomé and Príncipe,1992,2.18,,2.083333333333333,,0.2972321704306086,,946.4824951032879,128110,45.7968298871752,,,0.3166624291817776,,0.0911,49.0
STP,São Tomé and Príncipe,1993,2.18,,2.083333333333333,,0.2242900916596993,,939.6066694380186,130467,46.7288366793672,,,0.2432451290188686,,0.0905,65.0
STP,São Tomé and Príncipe,1994,2.18,,3.125,,0.1889012348227451,,943.891404294867,132732,47.625880905236,,,0.2070636121250154,,0.1015,23.0
STP,São Tomé and Príncipe,1995,2.18,,4.166666666666666,,0.138171734711805,,947.3315385351995,134895,48.5003270529522,,,0.1560335122078824,,0.1048,65.0
STP,São Tomé and Príncipe,1996,2.18,,4.166666666666666,,0.0788253977490918,,947.0301513099606,136962,49.3645396106862,,,0.0970268108282068,,0.108,37.0
STP,São Tomé and Príncipe,1997,2.18,,5.208333333333334,,0.2529077167254021,,942.9711852956776,138922,50.2308830666086,,,0.2790505597579397,,0.1088,79.0
STP,São Tomé and Príncipe,1998,2.18,,5.208333333333334,,0.2267723320403679,,953.9855008639005,140751,51.1117219088898,,,0.2466722255749182,,0.1111,79.0
STP,São Tomé and Príncipe,1999,2.18,,6.25,,0.1252783983134361,,966.2268289094998,142442,52.0194206257004,,,0.1437154149003557,,0.1181,56.0
STP,São Tomé and Príncipe,2000,2.18,-0.303,6.25,,0.8418636458073901,,959.938180991352,144018,52.9663437052108,20.627666057282145,,0.8825700526647952,,0.1158,57.0
STP,São Tomé and Príncipe,2001,2.18,-0.30310000000000004,6.25,2.97851781674319,0.7896908467042094,,973.4242521004359,146375,53.9612039920776,15.861411315956769,,0.8343919228110932,,0.1157,41.0
STP,São Tomé and Príncipe,2002,2.18,-0.2921,6.25,3.20434365847031,0.9713245757093212,,982.3290655762701,149922,55.0882710997103,16.467780429594274,,1.006311851913585,,0.1267,54.0
STP,São Tomé and Príncipe,2003,2.18,-0.2811,6.25,4.00630925326351,1.071817376951659,0.1578940786992612,1036.8619626020688,153814,56.4128470868097,77.32256203115983,,1.1029537333722033,0.1553880287110749,0.1377,29.0
STP,São Tomé and Príncipe,2004,2.18,-0.27080000000000004,6.25,3.05849147819464,1.0624970289961648,0.2131694781926979,1047.057961348842,157705,57.8774845467458,83.44513013147304,,1.0932342107582569,0.2123170832326413,0.148,28.0
STP,São Tomé and Príncipe,2005,2.18,-0.262,6.25,2.74523195490654,1.0365178461765212,0.3217590918883914,1089.1477879876234,161639,59.4188016908917,89.74668275030156,,1.065840510678515,0.3210595155129452,0.1568,34.0
STP,São Tomé and Príncipe,2006,2.18,-0.25529999999999997,6.25,2.68486078996349,0.9819952152049842,0.313825319151512,1157.0861446541956,165638,60.9734167306206,91.19775858043427,,1.0095510027711476,0.3130769303241604,0.1635,43.0
STP,São Tomé and Príncipe,2007,2.18,-0.2521,6.25,3.62146494582258,0.957355927037456,0.3368272549881361,1170.5161247443473,169700,62.4779478773056,84.44444444444444,,0.9822619586172588,0.3366397931505315,0.1667,27.0
STP,São Tomé and Príncipe,2008,2.18,-0.2432,6.25,3.51834389031727,0.9706101549041783,0.2494166164581729,1214.141147247925,173793,63.8690133423199,84.87477815026622,,0.991788076076138,0.2467553170812572,0.1756,65.0
STP,São Tomé and Príncipe,2009,2.18,-0.2305,6.25,3.5091899751829,0.9756925795064112,0.1440095255956029,1225.6054190299687,177853,65.0832313370367,85.15944399018807,,0.9904214375895648,0.1637244543195776,0.1883,54.0
STP,São Tomé and Príncipe,2010,2.18,-0.2204,6.25,3.97441398723173,0.9696374990582988,0.0922419786177758,1216.3502521663027,181802,66.0572200728291,91.62733787799336,,0.9825080202268192,0.1127848807480932,0.1984,21.0
STP,São Tomé and Príncipe,2011,2.18,-0.2152,4.166666666666666,3.82221922487921,0.9068944624918996,0.168364412188772,1214.9613027673126,185649,66.7275977610702,91.07541276215974,,0.9195832015626332,0.1770564406345669,0.2036,40.0
STP,São Tomé and Príncipe,2012,2.18,-0.20850000000000002,4.166666666666666,3.81740404574064,0.8151087837063815,0.2821491731719547,1225.694525561499,189439,67.0335889448132,91.68618266978923,,0.8282766004347927,0.2872640182226044,0.2103,69.0
STP,São Tomé and Príncipe,2013,2.18,-0.23120000000000002,4.166666666666666,3.33902231905861,0.75457152041735,0.3727127029647329,1263.7042399528104,193148,67.1306686401367,91.67491166077738,,0.7695819263197894,0.38408381730388,0.2137,31.0
STP,São Tomé and Príncipe,2014,2.18,-0.25659999999999994,4.166666666666666,3.04723492306762,0.7018992200712468,0.5066779243752917,1301.3214644502832,196767,67.2606735229492,9.411764705882353,,0.717636611536539,0.5248329585911201,0.2144,74.0
STP,São Tomé and Príncipe,2015,2.18,-0.272,4.166666666666666,3.41287577328636,0.7763857395817849,0.7244108592692061,1298.1094659639627,200291,67.3915710449219,6.535626535626536,,0.781645575657408,0.7393857319137325,0.2251,46.0
STP,São Tomé and Príncipe,2016,2.18,-0.29,4.166666666666666,3.27531389837999,0.7137205213021912,0.7621619480401255,1342.5338076889968,203689,67.5218887329102,5.609411764705882,,0.7193123326626111,0.7712830478743953,0.2333,73.0
STP,São Tomé and Príncipe,2017,2.18,-0.28119999999999995,4.166666666666666,3.15239782697584,0.7312873543939347,0.8147354260876741,1375.5940328419854,206970,67.6520004272461,4.92848683611187,,0.7391503858879734,0.8266102945173813,0.2384,72.0
STP,São Tomé and Príncipe,2018,2.18,-0.2735,4.166666666666666,2.33693840944991,0.6447353324983418,0.459650447052334,1413.843486185414,210187,67.7828826904297,5.5645651733225225,,0.6554118192452294,0.4607796341343027,0.2425,63.0
STP,São Tomé and Príncipe,2019,2.18,-0.2642,4.166666666666666,2.04664899329107,0.6618342530595807,0.4491032243050293,1420.660083160912,213392,67.9129943847656,5.7013908077737865,,0.6745859278624228,0.4502594310069408,0.2518,32.0
STP,São Tomé and Príncipe,2020,2.18,-0.2673,4.166666666666666,1.98018939747641,0.561740484134565,0.4983099699730637,1430.8411929909644,217435,68.0436706542969,5.842841369157158,,0.574329090761057,0.4996018475234576,0.2487,64.0
STP,São Tomé and Príncipe,2021,2.18,-0.2647,4.166666666666666,1.88439596006627,0.5652802117561988,0.5042317582505984,1428.2867609797488,221961,68.1738967895508,6.0561732007021645,,0.5768874935210521,0.5056045225502125,0.2513,67.0
STP,São Tomé and Príncipe,2022,2.18,-0.2795,4.166666666666666,,0.5266105485577512,0.5250701945233398,1403.233567046782,226305,68.3720919798341,,,0.5382839128772984,0.5264516475513561,0.2365,70.0
STP,São Tomé and Príncipe,2023,,-0.27390000000000003,4.166666666666666,,0.2011595387300072,0.5168746316499309,1380.6016941625683,230871,68.6043921103568,,,0.2285777230332925,0.518230575105907,0.2421,27.0
STP,São Tomé and Príncipe,2024,,,,,0.0379249033591462,,1368.143475540195,235536,68.8710170184884,,,0.0697731229043755,,0.2455,25.0
TZA,Tanzania,1960,84.0,,,,,,834.492431640625,9901419,4.88795857718051,,,,,,77.0
TZA,Tanzania,1961,84.0,,5.8703996387446375,,,,820.259765625,10187886,4.90463041964014,,,,,,37.0
TZA,Tanzania,1962,84.0,,5.701061187627004,,,,869.289978027344,10487756,4.91900638325923,,,,,,36.0
TZA,Tanzania,1963,84.0,,6.8864303454504405,,,,897.041076660156,10799528,4.93350770997317,,,,,,40.0
TZA,Tanzania,1964,84.0,,6.773538044705352,,,,918.554931640625,11127826,4.95055564171733,,,,,,44.0
TZA,Tanzania,1965,84.0,,6.773538044705352,,,,929.989868164063,11470728,4.97257142042711,,,,,,66.0
TZA,Tanzania,1966,84.0,,6.773538044705352,,,,1006.95916748047,11827459,5.00197628803791,,,,,,23.0
TZA,Tanzania,1967,84.0,,6.773538044705352,,,,1030.11999511719,12200109,5.03880593875584,,,,,,75.0
TZA,Tanzania,1968,84.0,,6.773538044705352,,,,1059.94592285156,12602076,5.19437236687018,,,,,,79.0
TZA,Tanzania,1969,84.0,,6.773538044705352,,,,1058.02795410156,13036700,5.61555118161027,,,,,,42.0
TZA,Tanzania,1970,84.0,,7.902461052156243,,,,547.600341796875,13492677,6.2602480640287,,,,,19.034,43.0
TZA,Tanzania,1971,84.0,,7.902461052156243,,,,549.467468261719,13971451,7.08031562352,,,,,19.2312,29.0
TZA,Tanzania,1972,84.0,,7.902461052156243,,,,567.920104980469,14479308,8.02760646947876,,,,,19.7585,57.0
TZA,Tanzania,1973,84.0,,7.902461052156243,,,,581.759033203125,15010101,9.05397321129951,,,,,20.0507,51.0
TZA,Tanzania,1974,84.0,,7.902461052156243,,,,572.999633789063,15561630,10.1112684583768,,,,,20.2719,76.0
TZA,Tanzania,1975,84.0,,7.902461052156243,,,,574.565002441406,16138361,11.1513448201053,,,,,20.625,78.0
TZA,Tanzania,1976,84.0,,7.902461052156243,,,,572.357055664063,16736211,12.1260549058794,,,,,21.3999,26.0
TZA,Tanzania,1977,84.0,,7.902461052156243,,,,552.289428710938,17352929,12.9872513250937,,,,,21.9333,51.0
TZA,Tanzania,1978,84.0,,9.031384059607134,,,,544.240051269531,17976566,13.6817610751661,,,,,22.5864,22.0
TZA,Tanzania,1979,84.0,,9.031384059607134,,,,539.403015136719,18592038,14.2455927392565,,,,,23.2314,51.0
TZA,Tanzania,1980,84.0,,9.031384059607134,,,,536.933166503906,19189769,14.7675567910359,,,,,23.6184,63.0
TZA,Tanzania,1981,84.0,,9.031384059607134,,,,515.711853027344,19784703,15.2589301792475,,,,,24.3548,54.0
TZA,Tanzania,1982,84.0,,9.031384059607134,,,,498.374603271484,20398571,15.723824090675,,,,,26.4433,44.0
TZA,Tanzania,1983,84.0,,9.031384059607134,,,,480.399017333984,21079874,16.1663497121026,,,,,28.09,37.0
TZA,Tanzania,1984,84.0,,9.031384059607134,,,,486.725524902344,21779066,16.5906182303143,,,,,26.4175,74.0
TZA,Tanzania,1985,84.0,,10.160307067058026,,,,476.979888916016,22501693,17.000740832094,,,,,27.1091,66.0
TZA,Tanzania,1986,84.0,,10.160307067058026,,,,486.831359863281,23258959,17.4008287042257,,,,,28.0876,64.0
TZA,Tanzania,1987,84.0,,10.160307067058026,,,,493.825897216797,24030378,17.7949930334934,,,,,28.7575,71.0
TZA,Tanzania,1988,84.0,,10.160307067058026,7.41272141367178,,,513.868591308594,24769686,18.188154231451,,,,,29.2481,72.0
TZA,Tanzania,1989,84.0,,10.160307067058026,8.87374369964573,,,519.22265625,25438759,18.5706837449829,,,,,28.3267,67.0
TZA,Tanzania,1990,84.0,,10.160307067058026,11.4997378177027,-0.3447839511854221,-0.0670478064116153,541.544799804688,26110207,18.9291312031352,95.14742014742015,34.48360657950641,-0.3522490559542919,-0.0675827424092264,29.1974,74.0
TZA,Tanzania,1991,84.0,,10.16369383608038,10.0163865837553,-0.3088855730134248,-0.5529294374260229,538.966979980469,26780436,19.2671438253849,94.7310647639956,30.2316225499322,-0.3122105055108392,-0.5367295256907285,29.0789,58.0
TZA,Tanzania,1992,84.0,,9.934522465567849,11.410630074846,-0.399525611047199,-0.5655857432967262,528.781555175781,27457588,19.589598742605,90.85903083700441,35.667796332310644,-0.4026996968319434,-0.5504456321057792,30.0579,51.0
TZA,Tanzania,1993,84.0,,10.047414766312937,10.7264303519087,-0.4764079996654308,-0.5744321072596963,518.66259765625,28332692,19.9013730856684,88.84816753926702,45.2364974710923,-0.479657390526546,-0.5606520589612601,31.5876,79.0
TZA,Tanzania,1994,84.0,,10.047414766312937,11.6131347862386,-0.48342311161045,-0.6037680240877727,506.972503662109,29442356,20.2073439854484,84.16619876473891,44.23676756212244,-0.486772447043914,-0.5915950358906811,31.2266,58.0
TZA,Tanzania,1995,84.0,,10.047414766312937,14.0466657457605,-0.4853406883840903,-0.6492220166123992,508.840423583984,30383497,20.5123885728178,79.98960498960498,45.16191998721267,-0.4890322109517482,-0.6370867456192799,35.0758,69.0
TZA,Tanzania,1996,84.0,,10.160307067058026,11.2990228895592,-0.4830285369904908,-0.6346770749613375,522.333251953125,30945762,20.8213839786497,86.27838104639685,35.72650669694855,-0.486348612935024,-0.6255682440543793,33.4609,49.0
TZA,Tanzania,1997,84.0,,10.056446150372544,8.87332092455647,-0.503934816399161,-0.6228996875643229,529.954223632813,31578089,21.1392073338172,75.50807712350182,28.858783223333656,-0.5082078580953273,-0.6156576769838961,32.8708,62.0
TZA,Tanzania,1998,84.0,,9.84985324000903,5.72964123320078,-0.5233378688577398,-0.5040875742517336,535.363159179688,32420458,21.4707357691933,96.65116279069767,26.14364206080948,-0.5275733219187485,-0.478336335115019,34.4449,57.0
TZA,Tanzania,1999,84.0,,9.821630164822759,3.76820743854737,-0.5273145184825955,-0.4866471940661567,546.605529785156,33300330,21.8208464156511,93.71478110099697,25.022054811316234,-0.5295087810969936,-0.4600523226417,38.1065,28.0
TZA,Tanzania,2000,84.0,82.9338,9.70873786407767,3.75533581161388,-0.5782366556156264,-0.4940032053598862,555.348083496094,34260139,22.1944164040635,75.07351178585697,23.989115154980833,-0.5796713482870849,-0.4689133997692785,39.1968,27.0
TZA,Tanzania,2001,84.0,83.77289999999999,9.629713253556108,4.04412476360876,-0.5766172381822117,-0.5175476025876705,573.400146484375,35198299,22.5963228653037,68.60957446808511,28.030143228253294,-0.5792066801576424,-0.490415937257872,40.0359,47.0
TZA,Tanzania,2002,84.0,85.01060000000001,9.70873786407767,4.85747358130828,-0.5772459329149628,-0.5455702815443143,598.421569824219,36121304,23.0306918214565,66.98360083740404,27.499217273490416,-0.5834195008508961,-0.5154345131200581,41.2736,23.0
TZA,Tanzania,2003,84.0,86.7861,9.641002483630617,6.86273700817164,-0.4692713952743066,-0.5115165704760157,621.720703125,37089555,23.5202087261949,67.36598890942699,30.448835824932647,-0.4769892192658367,-0.4819659612460485,43.0491,53.0
TZA,Tanzania,2004,84.0,88.3516,10.269925491081509,5.35429372711806,-0.500584237323596,-0.4343768343183541,650.516540527344,38109668,24.0832469119457,61.66903073286052,33.60978673666498,-0.5078275169393318,-0.4096299590583007,44.6146,43.0
TZA,Tanzania,2005,84.0,90.178,10.8988484985324,4.99358813102763,-0.4804272026479246,-0.3938477601510695,680.051208496094,39182076,24.7061884538741,51.530210643015515,36.959273289401345,-0.4876591560549425,-0.3687249340265037,46.441,43.0
TZA,Tanzania,2006,84.0,91.7414,11.527771505983292,5.52196373960203,-0.4501986589670896,-0.4200686086690453,704.502746582031,40294902,25.3741033202009,43.326198630136986,42.76816646914673,-0.4612091939373056,-0.3913864525098431,48.0044,73.0
TZA,Tanzania,2007,84.0,91.7456,12.156694513434184,6.20610344090512,-0.4464620461968078,-0.4542534393874362,731.52001953125,41435512,26.0720614791471,61.3487494100991,48.0583947796554,-0.4565630399859462,-0.4206241510794823,48.0086,44.0
TZA,Tanzania,2008,84.0,93.17699999999999,12.785843305486566,5.0765951351817,-0.4935897595799002,-0.4454241952946189,752.540466308594,42570728,26.7851328989335,61.71573261309926,49.026544551086474,-0.5063954447408275,-0.4113860231477758,49.44,55.0
TZA,Tanzania,2009,84.0,93.8626,12.990629939038156,5.53625650735826,-0.4651025885469062,-0.4235516345079493,772.929565429688,43633982,27.498387547781,57.055856606919555,43.53260064563168,-0.4786432122439378,-0.3891052812403678,50.1256,68.0
TZA,Tanzania,2010,84.0,96.66130000000001,13.19541657258975,5.55945838220369,-0.4525815461030246,-0.444346853909465,801.29931640625,44758488,28.1968953939105,52.789206468597214,47.64043942956829,-0.4651533760703723,-0.4195981579862176,52.9243,61.0
TZA,Tanzania,2011,84.0,101.4649,13.400203206141342,7.33646177996057,-0.4949951636906493,-0.4165941412654228,838.999267578125,46029367,28.865726405543,41.32170542635659,56.16612418218085,-0.5091213139520915,-0.4009538555932466,57.7279,25.0
TZA,Tanzania,2012,84.0,104.8723,13.604989839692932,6.8325198508577,-0.5243264610714935,-0.3964251937429752,851.910705566406,47374260,29.4878764597911,33.82656305192511,54.36894908151382,-0.5359621367008652,-0.3921796586388278,61.1353,52.0
TZA,Tanzania,2013,84.0,108.9025,13.809776473244526,5.76723525319283,-0.5979991176333844,-0.5342844453048843,882.8115234375,48824128,30.0725108782502,31.36833305467313,48.631627529549505,-0.6063744947442692,-0.523896459735653,65.1655,54.0
TZA,Tanzania,2014,84.0,110.5735,14.014563106796116,5.04690559304949,-0.4664134306889972,-0.6553864370693414,913.811218261719,50351512,30.6443077170742,44.42056522433339,45.356022343306506,-0.4732061914872265,-0.6465885772238866,66.8365,36.0
TZA,Tanzania,2015,84.0,114.15280000000001,14.21934974034771,5.30193884393363,-0.3557728640631193,-0.760678896921258,939.127319335938,52020962,31.2061566592472,35.52523707555827,40.75768087783136,-0.3648218062701969,-0.7552931962838689,70.4158,66.0
TZA,Tanzania,2016,84.0,116.2944,14.424136373899298,5.61603835789229,-0.2905080830082229,-0.8356737541424997,970.156127929688,53824013,31.7577303242916,38.16554054054054,35.420470400263596,-0.2975484112373294,-0.8319853722913276,72.5574,76.0
TZA,Tanzania,2017,84.0,116.89779999999999,14.628923007450892,5.13616759488345,-0.3543885254819551,-0.7430724764715276,1001.55895996094,55652890,32.2987013317296,36.7172189181535,33.11259198531244,-0.3610624555374612,-0.7423385088999509,73.1608,27.0
TZA,Tanzania,2018,84.0,118.01400000000001,14.833709641002486,3.61159728659091,-0.3552572788295693,-0.7603130102056747,1024.01525878906,57437145,32.8287423010834,33.981144965159174,32.64260990437371,-0.3640932506350148,-0.7555293065063234,74.277,24.0
TZA,Tanzania,2019,84.0,123.17949999999999,15.038496274554076,3.53145044367484,-0.3627992723117367,-0.8209114408755676,1051.7666015625,59174891,33.3475258518752,35.24054540776949,33.01858925023111,-0.3733517899543058,-0.8065872575377941,79.4425,26.0
TZA,Tanzania,2020,84.0,125.61670000000001,15.243282908105668,3.85169508025186,-0.3741887267292086,-0.5574912216046848,1041.25964355469,60972798,33.8547246036273,43.47217258105693,27.963015196988355,-0.3849541530129595,-0.5627610143757303,81.8797,78.0
TZA,Tanzania,2021,84.0,129.0652,15.243282908105668,6.69370906979479,-0.361191308840848,-0.8857664485395356,1054.31726074219,62830412,34.3500111758619,39.3928323699422,29.915184007404825,-0.3708395760679154,-0.8726932107730467,85.3282,24.0
TZA,Tanzania,2022,84.0,133.25990000000002,15.243282908105668,,-0.2838842548391347,-0.6228851867344097,1070.58532714844,64711821,34.8234736377147,,35.00345171019938,-0.2941106628369087,-0.6031199720985385,89.5229,40.0
TZA,Tanzania,2023,84.0,143.222,15.243282908105668,,-0.2417820978998401,-0.7372332265496674,1092.86413574219,66617606,35.4748019434954,,38.212034806338956,-0.2546372412983536,-0.7090225362465312,99.485,70.0
TZA,Tanzania,2024,84.0,,,,-0.1273320642009164,,1120.77416992188,68560157,36.1684458862992,,41.513120720824354,-0.143553558624338,,102.525,40.0
TGO,Togo,1960,11.5,,33.09431880860452,,,,449.3426067640306,1673110,10.6477780013309,,,,,,71.0
TGO,Togo,1961,11.5,,33.09431880860452,,,,495.2605096427495,1702717,11.5948544772247,,,,,,35.0
TGO,Togo,1962,11.5,,33.09431880860452,,,,504.9809425099238,1732959,12.7103080800016,,,,,,40.0
TGO,Togo,1963,11.5,,33.09431880860452,,,,520.5816856978755,1765072,13.9412885167039,,43.51851851848116,,,,72.0
TGO,Togo,1964,11.5,,33.09431880860452,,,,582.2945005763936,1803440,15.2349454943735,,53.90625000081555,,,,49.0
TGO,Togo,1965,11.5,,33.09431880860452,,,,654.061784850519,1853771,16.5384287200526,,48.04597701102966,,,,30.0
TGO,Togo,1966,11.5,,33.09431880860452,,,,691.4520144852687,1918513,17.7988879007832,,49.905838041230346,,,,75.0
TGO,Togo,1967,11.5,,33.09431880860452,,,,701.2036685019727,1995890,18.9634727436075,,46.31578947359267,,,,66.0
TGO,Togo,1968,11.5,,33.09431880860452,,,,706.573820783366,2080226,19.9793329555674,,50.250417361317226,,,,30.0
TGO,Togo,1969,11.5,,33.09431880860452,,,,752.5029564887162,2164814,20.7936182437052,,55.17241379338411,,,,47.0
TGO,Togo,1970,11.5,,33.09431880860452,6.38800580954129,,,744.0175713770595,2244773,21.3707135644892,,59.83717774653604,,,1.9678,41.0
TGO,Togo,1971,11.5,,33.09431880860452,4.97557071631962,,,720.5210734506294,2317976,21.8295776253321,,61.53846153846154,,,1.7676,30.0
TGO,Togo,1972,11.5,,33.09431880860452,4.87646389201072,,,753.6715676848712,2384994,22.2403945683233,,54.22374429223362,,,1.9006,50.0
TGO,Togo,1973,11.5,,33.09431880860452,6.78043653276118,,,762.218187734883,2448749,22.60758200235,,47.89823008872037,,,1.8617,30.0
TGO,Togo,1974,11.5,,33.09431880860452,21.3653539059003,,,779.0096333889647,2511760,22.9401438571081,,66.87069625083872,,,1.863,30.0
TGO,Togo,1975,11.5,,33.09431880860452,15.4888874494839,,,778.5371778055415,2574622,23.2470840622931,,73.49961028857682,,,1.981,69.0
TGO,Togo,1976,11.5,,33.09431880860452,11.0659830829157,,,744.3022235528683,2637796,23.5374065476009,,73.58767424836185,,,1.9542,57.0
TGO,Togo,1977,11.5,,33.09431880860452,23.1063597566266,,,777.2127122829742,2701894,23.8201152427271,,72.03791469233671,,,2.0777,67.0
TGO,Togo,1978,11.5,,34.932892075749216,9.99923874965317,,,842.4024164782128,2768148,24.1042140773674,,100.63559322042528,,,2.1572,58.0
TGO,Togo,1979,11.5,,35.852178709321564,9.29110311279225,,,778.6978677491597,2839854,24.3987069812176,,94.73684210526315,,,2.2076,77.0
TGO,Togo,1980,11.5,,35.852178709321564,9.92010964421417,,,867.454056803722,2920894,24.7125978839733,,109.60570469798843,,,2.1005,43.0
TGO,Togo,1981,11.5,,35.852178709321564,11.0159333630954,,,813.0461826544175,3013043,25.0572394887706,,95.81395348822096,,,2.1265,33.0
TGO,Togo,1982,11.5,,35.852178709321564,14.8722804110022,,,758.2509159740174,3115042,25.4281873966399,,118.65035224346681,,,2.365,68.0
TGO,Togo,1983,11.5,,35.852178709321564,11.0888374694251,,,693.1974852307236,3222899,25.8115784745194,,96.00671140919198,,,2.162,49.0
TGO,Togo,1984,11.5,,36.77146534289392,9.56439313923457,,,707.572089988551,3332837,26.2021681670453,,103.18674314853689,,,2.2812,45.0
TGO,Togo,1985,11.5,,36.77146534289392,7.87100479290926,,,723.3853215626848,3441091,26.5995506771182,,105.5474452552994,,,2.3352,33.0
TGO,Togo,1986,11.5,,36.77146534289392,7.15321880449411,,,712.7285081043824,3547952,27.0033202076388,,99.61894393023127,,,2.6612,66.0
TGO,Togo,1987,11.5,,37.13917999632285,5.59683136135332,,,694.9067896023186,3657508,27.4130709615079,,92.168353755935,,,2.8035,42.0
TGO,Togo,1988,11.5,,37.69075197646627,5.59521461306537,,,719.0018349249171,3769742,27.8283971416261,,90.05095850514455,,,3.0089,51.0
TGO,Togo,1989,11.5,,37.69075197646627,5.85673980592305,,,726.2935420361471,3883411,28.2488929508941,,89.08711770152738,,,3.0437,54.0
TGO,Togo,1990,11.5,,38.0584666298952,6.11169329304312,-0.3568669146006391,0.0060013894463266,703.6239520292787,3998761,28.6741525922127,60.12658227848101,59.76648830984922,-0.3648078978800386,-0.0004756896944908,3.2488,37.0
TGO,Togo,1991,11.5,,38.42618128332414,6.29687124613528,-0.3250530315888033,0.0454836523397298,678.8698414024103,4115560,29.1037702684825,68.19787985865725,59.4614554308219,-0.3287895817118863,0.0325985561763983,3.1303,79.0
TGO,Togo,1992,11.5,,38.79389593675308,6.23238965823591,-0.3089347478234348,-0.0043068901059859,633.669030222095,4233617,29.5373401826042,76.64670658682635,49.65501313605839,-0.3115374929361894,-0.0196183562155266,2.8717,55.0
TGO,Togo,1993,11.5,,39.161610590182015,7.36144125463647,-0.3231522978677051,-0.0675353519582137,541.3570648504282,4207453,29.9744565374785,79.58477508650519,42.71250044157317,-0.3246272063289524,-0.075797262999604,2.7993,72.0
TGO,Togo,1994,11.5,,39.529325243610955,11.1059991161753,-0.306636010863922,-0.0496512657412969,620.1826246717532,4222940,30.4147135360062,59.91902834008097,57.56435643438158,-0.3075199929296823,-0.0592176132681538,3.2532,22.0
TGO,Togo,1995,11.5,,39.897039897039896,12.6268567305943,-0.3320130850528546,0.0869229634428557,640.3499139960421,4410832,30.8577053810879,82.52427184466019,55.601773730364435,-0.3321888775246211,0.0716722092036822,3.2052,72.0
TGO,Togo,1996,11.5,,40.26475455046884,11.2517302304362,-0.3404183783870165,0.1212069330378662,671.5042747239103,4577860,31.3030262756242,79.83193277310924,59.40986880033531,-0.3386812625757344,0.1067632991248666,3.8932,48.0
TGO,Togo,1997,11.5,,40.63246920389778,10.6753886502018,-0.0162851523204297,0.1448052489868851,744.1266409488666,4725030,31.750270422516,64.58333333333334,53.206901492231815,-0.0056709167660228,0.1281874213462636,3.8134,34.0
TGO,Togo,1998,11.5,,41.00018385732672,10.3801458110484,-0.1604985232894687,0.1631414770711393,706.6895799101236,4860913,32.199032024664,57.14285714285714,55.73792451222703,-0.1566484366604771,0.1458957385254502,4.2199,35.0
TGO,Togo,1999,11.5,,41.36789851075565,6.80166561450354,-0.1025821485643211,0.0825159515692288,704.043845128067,5000269,32.6489052849687,48.13084112149533,50.108899621779,-0.0983440079604714,0.0801289633186972,4.7182,47.0
TGO,Togo,2000,11.5,23.9187,41.73561316418459,7.14401583181283,-0.1034300591911523,0.095573780121835,679.5334215995018,5140037,33.0994844063309,51.42857142857142,48.80800411141827,-0.1024753597870622,0.0940534951500024,4.7254,25.0
TGO,Togo,2001,11.5,24.4847,42.10332781761353,6.64861942296073,-0.0859417791623692,0.153714480958979,667.298334712527,5277382,33.5503635916513,75.22131147540983,51.39415206503072,-0.0867014334948887,0.1538407621796688,4.7178,72.0
TGO,Togo,2002,11.5,25.2348,42.471042471042466,6.84815672076429,-0.0806616810398682,0.2054975483264798,675.440797960321,5413274,34.0011370438307,60.28104575163399,51.60956528244096,-0.083859553461045,0.2072050747671041,4.8943,70.0
TGO,Togo,2003,11.5,26.1629,42.838757124471414,9.30157253117212,-0.073733606601692,0.2059647286691256,702.7992559608691,5552167,34.4513989657696,,55.38997841725896,-0.0773985527761385,0.2082322111615075,5.2488,22.0
TGO,Togo,2004,11.5,26.7608,43.206471777900354,6.31025984592111,-0.095195757715336,0.1956784222829285,678.2875999601697,5696508,34.9007435603688,,57.87109387088722,-0.0971131232678596,0.1984053106350097,5.2731,57.0
TGO,Togo,2005,11.5,27.516199999999998,43.57418643132929,6.87103075962386,-0.1334466635272329,0.2027920646386321,630.2486783090542,5844631,35.3487650305291,,61.45428001284807,-0.133250096742825,0.2058934812925914,5.4548,69.0
TGO,Togo,2006,11.5,28.0652,43.94190108475823,8.39328796217993,-0.1054937537238608,0.2569123501427711,629.0799058355626,6010668,35.795057579151,77.47747747747748,61.61286046207331,-0.1062418340390607,0.2551647455148419,5.4302,48.0
TGO,Togo,2007,11.5,28.7071,44.30961573818717,10.5484843902413,-0.0494039916985757,0.1197384648372494,603.83784338967,6188344,36.2392154091353,91.83673469387756,61.77407210866588,-0.0517447571080531,0.1142811341699095,5.4985,42.0
TGO,Togo,2008,11.5,29.7665,44.6773303916161,15.1545627268664,-0.0264282511936841,0.156924558640371,610.4054137084746,6368812,36.6808327233827,,62.307667447210456,-0.0261060296445014,0.1495699033276502,5.9843,67.0
TGO,Togo,2009,11.5,31.7457,45.04504504504504,14.6752963580582,0.0249665773937704,0.2299815921349857,625.7115113704344,6551865,37.1195037247939,,62.21041999429902,0.0233644898309387,0.2239150173043299,7.3898,77.0
TGO,Togo,2010,11.5,32.2256,45.22890237175952,11.3076284343152,-0.2646106961929319,0.2999971969239213,644.5632812644998,6732590,37.5545882975638,,66.79748859371041,-0.2689434551608982,0.2945514287136453,7.2961,53.0
TGO,Togo,2011,11.5,32.7244,45.22890237175952,17.924810571738,-0.2703151757845867,0.3763616811474863,663.9633405278802,6916474,37.9872305648732,,77.73231266414304,-0.2695826084433035,0.3714932218500133,7.2213,58.0
TGO,Togo,2012,11.5,33.6765,48.722191579334435,20.9936889901917,-0.2744300668350284,0.3428354808508509,687.4954645714637,7100736,38.4194359598204,92.26256983240224,75.71320856841628,-0.2755793461189332,0.3366681401059019,7.5998,21.0
TGO,Togo,2013,11.5,34.1297,48.722191579334435,15.5653200902369,-0.2321495178699149,0.326469352685957,709.09186114976,7285442,38.8516767884103,47.146496815286625,82.14778775641952,-0.2365663905359889,0.3237748926543763,7.4794,69.0
TGO,Togo,2014,11.5,34.472300000000004,48.722191579334435,13.3950715961836,-0.2360389562495818,0.2932703946587541,730.2910496112324,7472450,39.2839506458368,57.71153846153846,70.91565175025168,-0.2389317683141855,0.2935233816638313,7.2483,53.0
TGO,Togo,2015,11.5,35.0777,48.722191579334435,12.7280087175611,-0.2647938192186073,0.2779533668628278,751.0519875872484,7663195,39.7162551272934,18.721854304635762,69.12813788133755,-0.2673907954348042,0.2803500231428441,7.2801,21.0
TGO,Togo,2016,11.5,36.445800000000006,48.722191579334435,9.003109569313,-0.1840206425688446,0.304400260122706,763.2761853533017,7858289,40.1485878279739,45.364444444444445,66.44504098050813,-0.1883154908709134,0.303062077914649,8.0746,50.0
TGO,Togo,2017,11.5,36.762100000000004,48.722191579334435,7.77733835842081,-0.1645263916870377,0.2946622126672845,774.2748973474355,8057140,40.5809463430719,29.14326241134752,58.20886025267323,-0.1712956779223911,0.2969971430810503,7.8173,46.0
TGO,Togo,2018,11.5,37.8033,48.722191579334435,4.87362329556752,-0.1515962186244405,0.3532643878935818,791.5924052163091,8258778,41.013328267781,18.464527027027028,57.57373884994518,-0.1567922830182364,0.3549166807762741,8.2848,74.0
TGO,Togo,2019,11.5,38.2471,48.722191579334435,4.32587635811955,-0.0930228593948316,0.3813887278909576,810.5122626035183,8463068,41.445731197295,22.90468227424749,56.3421740349757,-0.0944611214479486,0.3826122584857648,8.7286,39.0
TGO,Togo,2020,11.5,38.8714,48.722191579334435,4.73168572169493,-0.0435384495858703,0.444027944840632,808.300697079208,8669720,41.8781527268075,14.822075782537066,55.065951395440315,-0.0416342239071046,0.4433130026132797,9.3529,73.0
TGO,Togo,2021,11.5,39.2635,48.722191579334435,7.86417419787513,-0.1080850393180028,0.4018389046672286,829.7867001309886,8878379,42.3105904515122,25.5873786407767,56.37755807573212,-0.1030616554766305,0.398891633129684,9.745,60.0
TGO,Togo,2022,11.5,39.6466,48.722191579334435,,-0.0687882642230249,0.4419761749302742,861.508010803054,9089738,42.7332327975627,,61.57509239689401,-0.0614886865958619,0.4396272809619414,10.1281,33.0
TGO,Togo,2023,11.5,40.0636,48.722191579334435,,-0.1042866235191813,0.4608601657990798,893.753030300995,9304337,43.2496853032436,,,-0.0950037297330682,0.4593457824155923,10.5451,73.0
TGO,Togo,2024,11.5,,,,-0.1123474250329181,,931.0299655298575,9515236,43.8148491605996,,,-0.1010529894780349,,10.8443,57.0
UGA,Uganda,1960,39.0,,15.764976727891497,,,,,7640973,4.36294237727081,,49.145830752075334,,,,36.0
UGA,Uganda,1961,39.0,,15.764976727891497,,,,,7862217,4.54663698009989,,46.062096701439174,,,,71.0
UGA,Uganda,1962,39.0,,16.015214453731044,,,,,8092231,4.75294584462255,,45.55511978298526,,,,62.0
UGA,Uganda,1963,39.0,,16.36054251538962,,,,,8333663,4.97303079325591,,52.171484854946634,,,,56.0
UGA,Uganda,1964,39.0,,18.94299584605375,,,,,8586363,5.19805364841709,,52.993985337034665,,,,40.0
UGA,Uganda,1965,39.0,,18.857915019268304,,,,,8849203,5.4191762325232,,49.93668882557771,,,,28.0
UGA,Uganda,1966,39.0,,18.897953055402635,,,,,9122864,5.62756036799135,,50.89258698940999,,,,25.0
UGA,Uganda,1967,39.0,,18.87793403733547,,,,,9408924,5.81436787723867,,49.688811694890724,,,,56.0
UGA,Uganda,1968,39.0,,18.917972073469798,,,,,9708632,5.97076058268227,,46.558704453441294,,,,47.0
UGA,Uganda,1969,39.0,,18.917972073469798,,,,,10014858,6.08725585433707,,41.8713310171319,,,,32.0
UGA,Uganda,1970,39.0,,18.917972073469798,8.80478953828317,,,,10321603,6.16970583622931,,43.4700455707458,,,11.202,77.0
UGA,Uganda,1971,39.0,,19.018067163805615,6.66692828417963,,,,10618206,6.23552340643963,,43.77160920675689,,,11.2698,57.0
UGA,Uganda,1972,39.0,,19.26830488964516,7.16171548895926,,,,10885796,6.28940237093184,,36.16901408450704,,,11.6198,28.0
UGA,Uganda,1973,39.0,,19.51854261548471,10.62718599286,,,,11144236,6.33513168668232,,29.70549522869365,,,11.8523,67.0
UGA,Uganda,1974,39.0,,19.76878034132426,9.72443659264343,,,,11424846,6.37650031066745,,29.764977584567315,,,12.1447,24.0
UGA,Uganda,1975,39.0,,20.14413693008358,10.9064338364906,,,,11725240,6.41729719986363,,19.565831606705594,,,12.41,76.0
UGA,Uganda,1976,39.0,,20.379360392372753,9.80366902148694,,,,12037294,6.46131131124723,,20.9945654394639,,,12.9723,56.0
UGA,Uganda,1977,39.0,,20.134127421049996,14.3710418710117,,,,12359669,6.51233160179465,,16.951121794871796,,,12.9361,71.0
UGA,Uganda,1978,39.0,,20.419398428507083,18.5212570758175,,,,12692113,6.57414702848226,,32.51535946538282,,,13.4903,49.0
UGA,Uganda,1979,39.0,,20.419398428507083,20.9013499219011,,,,13002163,6.65054654828646,,36.93271467140403,,,13.6577,57.0
UGA,Uganda,1980,39.0,,20.419398428507083,44.6568514789293,,,,13275741,6.7555195150037,,45.4760929126393,,,13.0603,40.0
UGA,Uganda,1981,39.0,,20.61958860917872,36.7308035256211,,,,13556452,6.91728299919944,,38.13654378224781,,,13.0442,24.0
UGA,Uganda,1982,39.0,,20.919873880186177,31.2139734791776,,,359.20628554754495,13873631,7.14603726155049,,25.90126291618829,,,13.3281,45.0
UGA,Uganda,1983,39.0,,23.021870777238377,20.0856216064087,,,370.53996101594146,14221881,7.42520736264413,,22.30322868620741,,,13.5395,66.0
UGA,Uganda,1984,39.0,,24.022821680596568,11.4624131489679,,,359.51038245124494,14607677,7.74254709862342,,27.017579458230433,,,13.8982,68.0
UGA,Uganda,1985,39.0,,24.523297132275662,8.93281206376038,,,337.9979454327525,15023681,8.08581026563142,,28.74685639644098,,,14.2169,30.0
UGA,Uganda,1986,39.0,,25.023772583954756,12.7378972321606,,,329.57852173859044,15467579,8.44275065981117,,28.04839214646805,,,14.7018,43.0
UGA,Uganda,1987,39.0,,25.023772583954756,7.78871224675071,,,332.185941474188,15954170,8.80112207730574,,26.29039063841892,,,12.8923,25.0
UGA,Uganda,1988,39.0,,25.023772583954756,8.15709709204748,,,348.37383295347956,16470483,9.14867831425817,,25.35003830074273,,,13.649,40.0
UGA,Uganda,1989,39.0,,25.023772583954756,10.3293805450757,,,358.7698861217039,17010698,9.47317316681153,,26.04762851900604,,,14.1519,42.0
UGA,Uganda,1990,39.0,,25.023772583954756,15.8107071000485,-0.4345257304252339,-0.3396964915673063,369.83928698557577,17569897,9.76236043110886,,26.6095437605897,-0.4455252482986858,-0.3369636087059207,15.2944,47.0
UGA,Uganda,1991,39.0,,25.12386767429058,20.6020937391219,-0.4746469859070285,-0.2672233721346157,377.78050368595115,18155901,10.0053233054698,,29.4022018591267,-0.4794298598012597,-0.2694800234427852,15.9206,29.0
UGA,Uganda,1992,39.0,,25.223962764626396,25.2354992448034,-0.470764835754868,-0.3483291173461871,377.60961272136666,18785032,10.2158523630824,,33.05214405100625,-0.4748116466638934,-0.3507666940257826,16.296,48.0
UGA,Uganda,1993,39.0,,25.223962764626396,19.4993042079813,-0.5379494276157006,-0.3422443132359887,395.1639491685971,19445161,10.4008727872617,,28.23983453803134,-0.5418862933155175,-0.345463581923107,16.7206,72.0
UGA,Uganda,1994,39.0,,25.324057854962213,19.0034403813129,-0.5555128617466052,-0.3439577917331705,406.59230192017714,20108801,10.5688660932226,,27.839359857463293,-0.559514123595882,-0.3497325059558506,16.4564,65.0
UGA,Uganda,1995,39.0,,25.324057854962213,19.509460753546,-0.4947370803150986,-0.3334708278570252,441.2262011682628,20665667,10.7273719125031,,32.623145862769995,-0.49805055337253,-0.3427796586246191,17.0573,44.0
UGA,Uganda,1996,39.0,,25.324057854962213,18.5824681208781,-0.5730641600621215,-0.2544434223642562,468.4278989501925,21231550,10.8839298766407,,35.385486882010376,-0.576798007486904,-0.2676731008441044,17.4821,77.0
UGA,Uganda,1997,39.0,,25.324057854962213,16.8500438638723,-0.571462526601208,-0.2244481570378775,478.2506639888466,21856046,11.0460796171733,,34.15856696527838,-0.5745768047656178,-0.2380151354190342,17.959,44.0
UGA,Uganda,1998,39.0,,25.424152945298033,16.7918484266104,-0.5247725793592376,0.0364360089574779,487.00897726621895,22515806,11.2213607656387,,30.043921931244018,-0.5286731548732445,0.0387629053543195,18.6383,64.0
UGA,Uganda,1999,39.0,,25.52424803563385,12.463772500312,-0.5506282357282197,0.0379191932584829,509.45539505438836,23257281,11.4173129535746,,36.024710157024494,-0.5548739229351862,0.0466678652498238,19.1664,29.0
UGA,Uganda,2000,39.0,39.3151,26.525198938992045,12.0494143938765,-0.5896656373530096,0.1392428255960452,509.1975531901598,24000150,11.6414758125187,,32.749033338382176,-0.594052896317338,0.1427477849171034,19.6339,36.0
UGA,Uganda,2001,39.0,41.8792,27.02567439067114,12.4643931713023,-0.5809513931153638,0.2095795449582701,519.4565478908837,24745676,11.9013889740088,,35.32997678197249,-0.5868786552322782,0.2129825391724487,20.2044,58.0
UGA,Uganda,2002,39.0,44.724,28.02662529402933,14.2481201571521,-0.6270773116294256,0.3344786338407874,547.4053389198752,25532870,12.202793574555,,36.2777941561831,-0.6317940470537318,0.3355889945236281,21.0556,44.0
UGA,Uganda,2003,39.0,47.6024,29.277813923227065,20.8852302359366,-0.599367546531153,0.3940416329950855,564.7205391965689,26352124,12.5904136719317,99.95951192457017,36.585726464126836,-0.607282284682735,0.3987781043343884,21.9404,55.0
UGA,Uganda,2004,39.0,50.1656,29.77828937490616,15.1925629839147,-0.598177986524486,0.1286406372221922,585.339489080616,27154515,13.1221118400615,,35.46008624564364,-0.6043195960921081,0.1165844928159976,22.51,22.0
UGA,Uganda,2005,39.0,53.3371,29.77828937490616,13.9239561199514,-0.5714046567710918,0.1175312553688219,604.4048130576183,27963289,13.7907239496723,97.5173646578141,38.9942854839061,-0.5688734498324369,0.1098198463230629,23.6879,29.0
UGA,Uganda,2006,39.0,56.8935,30.529002552424807,13.2519669621419,-0.5518185564484706,0.0609360601073269,650.2705408674441,28794003,14.5851520274647,76.41567398119122,43.63328578962044,-0.5468224521770426,0.0561704530424096,24.4881,44.0
UGA,Uganda,2007,39.0,60.9791,31.279715729943447,16.1640796388529,-0.3338194197230046,0.0419498194710108,684.5422417872479,29653430,15.494298100139,66.22333500250376,46.77741665228225,-0.3303867255002532,0.0417184939284303,25.8175,44.0
UGA,Uganda,2008,39.0,71.2996,32.280666633301635,16.4379945980784,-0.2522507128154496,0.2176152560062802,722.565167003452,30539553,16.5070641943955,61.85610589239966,56.25826820506342,-0.2558811357716695,0.2402396533722235,33.3818,26.0
UGA,Uganda,2009,39.0,75.39959999999999,33.031379810820276,9.46245873827469,-0.3775404071242106,0.1746117276755718,749.3428655354232,31451151,17.6123523369348,54.4594262295082,47.06387807483785,-0.3793463002308656,0.1962195247832665,34.7256,68.0
UGA,Uganda,2010,39.0,79.26259999999999,33.6624775583483,8.10229439370414,-0.329988618980605,0.0629807850033147,768.6240916601312,32390802,18.7990645544572,52.0087114337568,38.26924903712911,-0.3342541889508292,0.090173348280251,35.8324,78.0
UGA,Uganda,2011,39.0,82.7371,34.16118092958308,9.15620849237058,-0.2761149364125962,0.0455270131968336,816.5163665872278,33354543,20.0561028736631,61.83890126206385,39.755225560612175,-0.2821566717606801,0.0697480130075578,37.3811,49.0
UGA,Uganda,2012,39.0,85.9065,34.41053261520048,10.6585708011681,-0.399720634755757,-0.0602349184823286,823.5804682854929,34337438,21.372369321253,90.1021174863388,43.502137139731374,-0.4025463664727627,-0.0327346121198484,38.6247,60.0
UGA,Uganda,2013,39.0,88.8629,34.41053261520048,10.6586103842094,-0.5431498510879172,-0.0799903584597019,828.9886697299859,35337042,22.7367659239271,,43.109154873468704,-0.5467844742713783,-0.0499051454427733,39.6553,24.0
UGA,Uganda,2014,39.0,92.5171,34.41053261520048,10.3312319703494,-0.5016700135828556,-0.0904961525849087,845.9786647910992,36395539,24.1938503391826,,36.01440108190846,-0.5060831114262938,-0.0610563377685888,41.3837,47.0
UGA,Uganda,2015,39.0,96.4876,34.41053261520048,10.7947576138514,-0.6285027134169787,0.2881930770963445,862.9346103558107,37531446,24.9777856560427,94.89593767390095,37.689298332435776,-0.631596302867177,0.2885471147082442,43.4284,57.0
UGA,Uganda,2016,39.0,100.1628,34.41053261520048,12.7336513052995,-0.5516367882318551,0.297097023891213,874.6483706392157,38799152,25.6953567134098,93.16710319539025,31.209362023211874,-0.5587591835841822,0.2973565826075018,45.3988,57.0
UGA,Uganda,2017,39.0,102.43350000000001,34.41053261520048,12.1305147407764,-0.5228808440815773,0.2838567449172842,871.0938800171507,40177388,26.4139260579546,96.95130890052356,36.83705293341007,-0.5306267948822182,0.2840560573456646,45.9647,33.0
UGA,Uganda,2018,39.0,104.54310000000001,34.41053261520048,8.38888217833344,-0.5679745248498886,0.2907354952619821,895.0751278543798,41565831,27.1280475018884,92.33813953488372,36.63840559995669,-0.5734502058834912,0.2909835853525215,48.0743,28.0
UGA,Uganda,2019,39.0,106.4492,34.41053261520048,7.38833937837014,-0.5857274615779637,0.2897646523991115,920.9391015156707,42999637,27.8369781799403,96.6197152245345,39.36105396474346,-0.5893084558151739,0.290050603795229,49.9804,33.0
UGA,Uganda,2020,39.0,107.3869,34.41053261520048,7.56349041713714,-0.8399176374224157,0.310658466299528,917.0350317644004,44457152,28.5399752271502,96.73561464690496,37.0006923916369,-0.8522098880022472,0.3109659896113159,50.9181,26.0
UGA,Uganda,2021,39.0,110.029,34.41053261520048,7.47552032336567,-0.7758155036534107,0.2984140564179488,919.401675217265,45910930,29.2362957789022,90.0255924170616,41.713630742478145,-0.7866393447197358,0.2987337828744687,53.5602,27.0
UGA,Uganda,2022,39.0,110.7384,34.41053261520048,,-0.821961177514047,0.3188306719620975,933.0940563704229,47312719,29.9251969709665,,34.50530192709373,-0.8354523179631624,0.3191654797993216,54.2696,50.0
UGA,Uganda,2023,39.0,113.0716,34.41053261520048,,-0.8443680097870113,0.3113834006196119,955.7457972754618,48656601,30.6059359395495,,33.34169633022193,-0.8582975299072185,0.3116950280227708,56.6028,61.0
UGA,Uganda,2024,39.0,,,,-0.8558413786332003,,986.0901453639241,50015092,31.2777698213557,,42.652788908856174,-0.8702903265875176,,57.2982,38.0
ZMB,Zambia,1960,80.2,,,,,,1187.704601161332,3153729,17.2236054096103,,,,,,38.0
ZMB,Zambia,1961,80.2,,3.4288865871211613,,,,1166.745964362674,3254086,18.1489304951479,,,,,,38.0
ZMB,Zambia,1962,80.2,,3.432922153916518,,,,1102.4458219947014,3358099,19.0968960737098,,,,,,21.0
ZMB,Zambia,1963,80.2,,3.465206688279369,,,,1103.108132028063,3465907,20.0766071239225,,,,,,29.0
ZMB,Zambia,1964,80.2,,3.498836411574006,,,,1199.3921902566476,3577017,21.3053980159543,,,,,,78.0
ZMB,Zambia,1965,80.2,,3.502871978369362,,,,1355.4568095377858,3692086,22.8616347026047,,,,,,31.0
ZMB,Zambia,1966,80.2,,3.5755121806857777,,,,1239.6892160392508,3812003,24.5922561421748,,,,,,36.0
ZMB,Zambia,1967,80.2,,3.594344825730774,,,,1295.6086474984659,3936343,26.3574815758633,,,,,,40.0
ZMB,Zambia,1968,80.2,,3.6387360604796943,,,,1270.0790168765498,4065593,28.0175302448685,,,,,,23.0
ZMB,Zambia,1969,80.2,,3.6777465395014732,,,,1224.903878897913,4197116,29.4202803234288,,,,,,66.0
ZMB,Zambia,1970,80.2,,3.7167570185232512,36.469192995441,,,1246.6538300720501,4321718,30.6503323690615,,,,,10.0803,56.0
ZMB,Zambia,1971,80.2,,3.8902863907235767,23.7033548506908,,,1211.7097272607516,4442525,31.9113710450343,,,,,10.3364,36.0
ZMB,Zambia,1972,80.2,,3.903738280041432,20.618211755835,,,1286.5771697143884,4569309,33.1871095776113,,,,,10.9175,46.0
ZMB,Zambia,1973,80.2,,3.9171901693592868,38.7052061472885,,,1238.0591333877778,4702693,34.4439218565519,,,,,11.3773,40.0
ZMB,Zambia,1974,80.2,,3.9548554594492793,31.7537931914587,,,1279.5370725368523,4842746,35.6481817716154,,,,,11.5942,35.0
ZMB,Zambia,1975,80.2,,3.9346776254724976,12.743783883532,,,1213.5772178888217,4990086,36.766263212561,,,,,11.8849,23.0
ZMB,Zambia,1976,80.2,,3.9050834689732175,16.2287807009548,,,1250.5415032311967,5143842,37.7645400691482,,,,,12.3134,66.0
ZMB,Zambia,1977,80.2,,3.875489312473937,13.9926124704029,,,1157.7581438990258,5302480,38.6093862311362,,,,,12.0597,51.0
ZMB,Zambia,1978,80.2,,3.6616042723200475,10.1628877168039,,,1129.4716348006552,5465374,39.2671755882844,,,,,11.8767,74.0
ZMB,Zambia,1979,80.2,,3.102005676697292,17.0940640357697,,,1062.9629308153037,5631728,39.7042820303519,,,,,11.6785,40.0
ZMB,Zambia,1980,80.2,,3.136980588923714,16.8502484876492,,,1062.936002237712,5802833,39.8857225974085,,,,,11.7372,61.0
ZMB,Zambia,1981,80.2,,3.212311169103701,9.26859685936868,,,1094.461958550821,5983289,39.885445461509,,,,,11.7092,22.0
ZMB,Zambia,1982,80.2,,3.2876417492836865,6.59797348206418,,,1030.0471815743633,6178637,39.8671144139553,,,,,14.4935,49.0
ZMB,Zambia,1983,80.2,,3.3629723294636733,9.2343316784607,,,977.759709968015,6381038,39.8363846494455,,,,,14.4432,68.0
ZMB,Zambia,1984,80.2,,3.4383029096436597,6.64439041305602,,,944.9305939723682,6580490,39.7943148274541,,,,,13.0805,33.0
ZMB,Zambia,1985,80.2,,3.5136334898236457,7.85805278750791,,,931.8082635957043,6780953,39.7419636074556,,,,,14.5798,45.0
ZMB,Zambia,1986,80.2,,3.5876188810718466,7.55325499515317,,,910.9445423620991,6986471,39.6803896489242,,,,,15.1851,33.0
ZMB,Zambia,1987,80.2,,3.6629494612518325,10.3706387952951,,,908.6800427531642,7191282,39.6106516113345,,,,,14.6411,35.0
ZMB,Zambia,1988,80.2,,3.7382800414318194,18.5763258859712,,,939.5996793981113,7391440,39.533808154161,,,,,14.9227,26.0
ZMB,Zambia,1989,80.2,,3.8889412017917917,21.141077497866,,,905.7473802008911,7589216,39.4509179368779,,,,,15.8006,76.0
ZMB,Zambia,1990,80.2,,3.8889412017917917,20.9818246533379,-0.2699008145333192,0.3606572769499183,878.5892059984772,7786169,39.3639924846036,99.22625733183577,,-0.2732457816756252,0.3609646646924064,15.8641,43.0
ZMB,Zambia,1991,80.2,,3.7059955070689674,5.81996679113959,-0.1940541359472378,0.3821718205485954,856.7617235837677,7981650,39.2536515579652,99.28152978888029,,-0.1947335775655201,0.3731790929430547,14.8157,40.0
ZMB,Zambia,1992,80.2,,3.7382800414318194,5.82419088501016,-0.0863128624220321,0.3618332221490711,821.8501042150641,8176680,39.0972462878148,99.07252546753838,,-0.0846973536011348,0.3523739520702943,15.381,23.0
ZMB,Zambia,1993,80.2,,3.7396252303636044,5.08803802366393,-0.1634443839756835,0.3340403078124428,857.0396696093886,8373921,38.8993519782475,99.29251036838254,,-0.1618877573213096,0.3242173765386786,14.9245,71.0
ZMB,Zambia,1994,80.2,,3.8337884555885875,5.46968682858974,-0.2024474582760103,0.3015156413170545,764.6394113454326,8576269,38.6659731487597,99.3980343980344,66.65059482955846,-0.201240369641776,0.2913076487884698,14.3828,29.0
ZMB,Zambia,1995,80.2,,3.825717321997875,7.23321498317749,-0.2094517016213554,0.6158546577677013,768.0352015633683,8785763,38.4031143188477,99.3311458859162,69.22677469559639,-0.2097299314983806,0.6155390766039259,14.0202,38.0
ZMB,Zambia,1996,80.2,,3.825717321997875,7.40724986790176,-0.2596323733969807,0.6208618115913335,796.0180596331014,9004053,37.9842763417749,99.28820655966504,63.82148217553119,-0.2596886767358463,0.6205167277975582,13.6595,24.0
ZMB,Zambia,1997,80.2,,3.825717321997875,5.78425325323365,-0.2955071881680415,0.6305460638129283,805.5324018032098,9237063,37.3758882162063,99.30739201611888,58.27286262233602,-0.296157123472131,0.6301891891850745,13.2725,68.0
ZMB,Zambia,1998,80.2,,3.825717321997875,7.38004991836173,-0.3094981955353036,0.5121671906235411,781.6633838138829,9482408,36.7233466797411,99.15822701565172,56.25030701995938,-0.3093452507770063,0.5213914018193843,14.8502,30.0
ZMB,Zambia,1999,80.2,,3.825717321997875,5.20000710887479,-0.2638135553358144,0.4475374390205617,796.3779859812531,9740005,36.1720484699782,99.33024214322515,59.76753420291563,-0.2647356955207152,0.4629007180692552,14.5327,62.0
ZMB,Zambia,2000,80.2,-38.4348,3.825717321997875,9.12122495945449,-0.2886475283659843,0.551328095277984,804.4846341878296,10017631,35.8735460960387,99.9955340053592,60.387468988496465,-0.2945043503572513,0.5509672800930143,14.01,55.0
ZMB,Zambia,2001,80.2,-36.15090000000001,3.6616042723200475,6.91796764834799,-0.3351315679972516,0.5299795017431771,822.0209353082508,10325185,35.8846482932758,,64.66828270897899,-0.3379428714478326,0.5295482969480508,15.1786,29.0
ZMB,Zambia,2002,80.2,-35.757999999999996,3.4732778218700813,8.58178422740853,-0.4012561147465123,0.5222434667557361,833.0211775490037,10647949,36.0706035730014,,64.91649699906482,-0.4003804751735356,0.5218383872765285,14.4562,55.0
ZMB,Zambia,2003,80.2,-34.0877,3.8660729899514386,12.6388158009955,-0.3430620886442441,0.5768954216298439,863.6501906567852,10983595,36.3858560115875,,62.31284467576288,-0.3406291024039993,0.5766692732984583,15.0111,63.0
ZMB,Zambia,2004,80.2,-32.710300000000004,3.8499307227700132,13.7756377211636,-0.3389296513768444,0.6296129476976742,895.4752585348265,11338198,36.8035881130253,94.76225576225576,70.81307493177216,-0.3391389474208804,0.6295499477881349,15.2732,22.0
ZMB,Zambia,2005,80.2,-30.5747,3.6683302169789744,14.1027021273131,-0.254812268369173,0.7172312209665977,929.0792558559046,11718819,37.2969823813059,97.53738161559889,62.20028219136403,-0.259536522139489,0.7172866241174657,16.2935,75.0
ZMB,Zambia,2006,80.2,-28.2276,4.053054251469619,19.2015029596777,-0.2414935810572765,0.7700446171865822,968.5635650194919,12129553,37.8392213204204,,57.85681887390267,-0.2483584754559326,0.7702471515797562,16.2946,44.0
ZMB,Zambia,2007,80.2,-26.408,3.9669621598353486,21.7874311599282,-0.3008699121365156,0.8354012361603196,1013.0856743263678,12565085,38.4034874343601,,65.77145869090678,-0.3094400837861628,0.8358023475687194,15.7682,38.0
ZMB,Zambia,2008,80.2,-23.1277,4.105516619809252,16.052538455331,-0.2723806378988428,0.7860926528380079,1053.5861230106834,13021324,38.9629632271162,,59.45488912058744,-0.278469263730015,0.7863666894507919,16.7026,65.0
ZMB,Zambia,2009,80.2,-19.221799999999998,4.775420707838416,16.7968643399172,-0.315094910897304,0.7350743675345647,1110.7191810248648,13490389,39.4908312026796,,56.121380955516486,-0.320862501094091,0.7352124895379019,18.2625,21.0
ZMB,Zambia,2010,80.2,-15.197400000000002,4.573642368070596,18.6647201093496,-0.3525913136301156,0.7002015187769398,1183.4171240919875,13965594,39.9558857709992,,65.01470252061218,-0.3584875709560862,0.7002149416959139,19.9409,23.0
ZMB,Zambia,2011,80.2,-18.735100000000003,4.842680154427689,17.4237334954232,-0.2815869739596976,0.2023255807380667,1208.4642456963409,14437796,40.3684491825881,,72.79543243842829,-0.2926303609281876,0.2370752872892487,19.7789,60.0
ZMB,Zambia,2012,80.2,-14.148900000000001,5.111717940784783,13.5753487511819,-0.2516994204667956,0.1620868973686386,1258.789385789964,14913629,40.7698556821596,99.87446722959389,75.36770985590704,-0.26593755672667,0.1950933967970788,23.2692,53.0
ZMB,Zambia,2013,80.2,-11.7393,4.977199047606237,12.023594729012,-0.2771205322773607,0.5630632414515045,1280.7701217677813,15398997,41.1682266235825,99.86951967679187,80.45624102133733,-0.2869633836746406,0.5627716415994432,24.5537,24.0
ZMB,Zambia,2014,80.2,-9.5896,4.977199047606237,10.842259058696,-0.3526810710918339,0.5063786438689482,1299.0124176250413,15895315,41.5634741658525,97.19238449356193,76.19349972763135,-0.3585458948317465,0.5059631882322564,25.548,23.0
ZMB,Zambia,2015,80.2,-7.740199999999998,4.977199047606237,11.1602533885932,-0.2893134535655067,0.4743581936741212,1295.877886800678,16399089,41.9555104679652,97.01162532395409,79.8652687573958,-0.2952350656575421,0.4739286103664816,26.2109,23.0
ZMB,Zambia,2016,80.2,-6.598099999999999,4.977199047606237,11.6772125402718,-0.2841304231826076,0.4500607489756343,1303.5751386913284,16914423,42.3442476889162,94.30855587684981,73.95856125461596,-0.2910865766950993,0.4495618712811015,27.0611,66.0
ZMB,Zambia,2017,80.2,-4.374599999999997,5.111717940784783,13.2264399699464,-0.2085345256144958,0.4260811781679472,1308.7682924008554,17441320,42.7295979877011,86.23743381695661,71.58569465425661,-0.2169844645020715,0.4254889878258678,29.2846,70.0
ZMB,Zambia,2018,80.2,-2.694499999999998,5.111717940784783,11.7483463033985,-0.1853128994218125,0.415718952135028,1321.250457115733,17973569,43.1114735233156,84.60867694954834,74.88836952746648,-0.1972932561098104,0.4151335909414655,30.9647,22.0
ZMB,Zambia,2019,80.2,-1.2680000000000007,5.111717940784783,7.91506539515975,-0.1869429178347995,0.4054810115220745,1301.181329761778,18513839,43.4897864547552,84.35393144479751,68.791204936096,-0.2019460710653885,0.4048687474274914,32.3912,54.0
ZMB,Zambia,2020,80.2,-0.6462999999999965,5.111717940784783,16.2222307618142,-0.2711229168082192,0.4199562636579745,1228.7350011319488,19059395,43.8644489410157,85.55471673340773,79.20684940959546,-0.2902882431058061,0.4192823974937532,33.0129,31.0
ZMB,Zambia,2021,80.2,0.4900999999999982,5.111717940784783,35.2641479964325,-0.3304246445648208,0.3956612649929341,1269.1082180889516,19603607,44.2353731410926,92.08429313459801,86.20851119346447,-0.3513671725951448,0.3949661707444566,34.1493,29.0
ZMB,Zambia,2022,80.2,3.4498999999999995,5.111717940784783,,-0.3791946702158815,0.4124665734989797,1298.8480495593024,20152938,44.5988511178469,,69.2973154193203,-0.3987438062930163,0.4117999370461052,37.1091,31.0
ZMB,Zambia,2023,80.2,3.832799999999999,5.111717940784783,,-0.3924277756449219,0.4053339327079279,1330.8599821675073,20723965,45.0285853521585,,78.24188704514849,-0.4106662117384662,0.4046450951424628,37.492,63.0
ZMB,Zambia,2024,80.2,,,,-0.4245607632951556,,1343.3896638035292,21314956,45.4703838491279,,62.53488740644427,-0.4421014312475922,,38.519,62.0
ZWE,Zimbabwe,1960,12.26,,2.533634742148119,,,,1142.5486169321923,3809389,12.4670077954427,,,,,,74.0
ZWE,Zimbabwe,1961,12.26,,2.533634742148119,,,,1177.3143067429905,3930401,12.7656666715537,,,,,,78.0
ZWE,Zimbabwe,1962,12.26,,2.6305782603076127,,,,1157.2342936839793,4055959,13.0774488027535,,,,,,32.0
ZWE,Zimbabwe,1963,12.26,,2.796790745767093,,,,1191.3358478989103,4185877,13.4673840750242,,,,,,39.0
ZWE,Zimbabwe,1964,12.26,,2.882598940157684,,,,1141.5777915667827,4320006,13.9641868869717,,,,,,24.0
ZWE,Zimbabwe,1965,12.26,,2.9950993925294043,,,,1160.443608824667,4458462,14.5319216316545,,,,,,52.0
ZWE,Zimbabwe,1966,12.26,,2.9431885743828357,,,,1141.5669678276956,4601217,15.1399394484156,,,,,,38.0
ZWE,Zimbabwe,1967,12.26,,3.117097583042523,,,,1198.7604481727328,4748307,15.7575914765982,,,,,,65.0
ZWE,Zimbabwe,1968,12.26,,3.166224376373271,,,,1184.429222201192,4900440,16.354228855545,,,,,,57.0
ZWE,Zimbabwe,1969,12.26,,3.395483003748223,,,,1290.1054799734718,5058181,16.9015080685316,,,,,,55.0
ZWE,Zimbabwe,1970,12.26,,3.5584203179526943,3.27504799035388,,,1533.4013269655043,5215918,17.4124246451689,,,,,21.7211,24.0
ZWE,Zimbabwe,1971,12.26,,3.771958381801732,2.93465312775155,,,1620.7999025553927,5374712,17.90998801572,,,,,22.3157,74.0
ZWE,Zimbabwe,1972,12.26,,4.0362608246090215,2.27110805667941,,,1702.6722095134003,5542445,18.3966201637777,,,,,21.958,40.0
ZWE,Zimbabwe,1973,12.26,,4.18380509241308,3.08144915898518,,,1692.672955024008,5720404,18.8759470686996,,,,,23.5683,75.0
ZWE,Zimbabwe,1974,12.26,,4.417976218172418,3.64257500004006,,,1747.4100520173645,5908328,19.3515947098431,,,,,23.6543,43.0
ZWE,Zimbabwe,1975,12.26,,4.563719271035286,3.38833454547799,,,1660.1827816457044,6098658,19.8271890665658,,47.198608414195775,,,22.9658,55.0
ZWE,Zimbabwe,1976,12.26,,4.678675972599199,4.2495500320235,,,1617.9070361817624,6287105,20.3063561182253,,41.557346148039045,,,24.095,53.0
ZWE,Zimbabwe,1977,12.26,,4.907279565723148,4.89768029917992,,,1468.9613758306743,6449512,20.7927218441791,,41.61263057146153,,,23.3026,55.0
ZWE,Zimbabwe,1978,12.26,,4.964430399379604,4.33538006028166,,,1408.6532072166854,6543575,21.2899122237847,,42.00714656595898,,,22.2794,79.0
ZWE,Zimbabwe,1979,12.26,,5.075129636810133,5.00475310882265,,,1432.3363903381587,6647556,21.8015532363997,,44.461136672554034,,,21.6553,75.0
ZWE,Zimbabwe,1980,12.26,,5.2701631123174355,6.02398710469687,,,1547.2430355732529,7041303,22.3312708613816,,49.89041556472091,,,21.9358,56.0
ZWE,Zimbabwe,1981,12.26,,5.588668734651674,4.17835894516896,,,1634.857923393792,7498635,22.882691078088,,45.33064354081202,,,21.8562,75.0
ZWE,Zimbabwe,1982,12.26,,5.803844125630089,4.04998711271254,,,1613.8207054948,7796496,23.457692494236,,39.145288780436985,,,22.2562,76.0
ZWE,Zimbabwe,1983,12.26,,6.26252500969368,3.52218049484858,,,1578.287787761099,8098404,24.0973414504383,,35.91685517397007,,,22.139,51.0
ZWE,Zimbabwe,1984,12.26,,6.41498203438025,3.71936648961174,,,1494.1117430287452,8391488,24.8329104510504,,41.36613539098778,,,22.707,67.0
ZWE,Zimbabwe,1985,12.26,,6.554993666795915,3.8466554410327,,,1543.5460224164487,8686813,25.636239319876,,44.213676670860266,,,24.8651,49.0
ZWE,Zimbabwe,1986,12.26,,6.854176037223731,3.73094384665956,,,1524.0551078651454,8982578,26.4765497576735,,45.570353032992806,,,27.1609,26.0
ZWE,Zimbabwe,1987,12.26,,6.6029740209383485,4.0083392576806,,,1491.4388920012696,9284644,27.3230634652011,,45.29059605292821,,,31.1271,45.0
ZWE,Zimbabwe,1988,12.26,,6.8415667571410115,4.95699500053907,,,1554.1215234249964,9583094,28.1450021432172,,44.1003494901414,,,30.808,33.0
ZWE,Zimbabwe,1989,12.26,,7.451558226702856,4.75824225859825,,,1588.2442884140198,9864798,28.9115874924801,,45.06254264029565,,,31.1954,26.0
ZWE,Zimbabwe,1990,12.26,,7.747956830812977,4.2124822922094,0.1528474814929246,1.2933996196381778,1653.5652136169447,10137281,29.5920412137481,46.66737876522111,45.6592519741447,0.1649812198917427,1.2912703094388354,34.4442,72.0
ZWE,Zimbabwe,1991,12.26,,7.896319762181723,9.66419162071991,0.0093724764688832,1.187379908838612,1700.1675157304414,10404816,30.1555850077795,35.32048408785298,51.05250983113579,0.0118334740567946,1.1753630152507106,34.3369,74.0
ZWE,Zimbabwe,1992,12.26,,7.238184050665633,10.8168177308289,0.0381122536475589,1.094711632522577,1503.8338876161968,10702700,30.5674246988034,38.375622192545826,63.7120651369356,0.0410840451591989,1.0767907804820371,35.2592,74.0
ZWE,Zimbabwe,1993,12.26,,7.494626082460902,8.72439507445918,0.0546586614950351,0.904754753349908,1497.5939730999796,10860288,30.8753173320215,27.611140867702193,63.169515398378316,0.0589938682163373,0.8978797739331553,30.7769,70.0
ZWE,Zimbabwe,1994,12.26,,8.183711774589634,9.4870276684973,-0.0384943882120317,0.8838724645348529,1633.9654774337987,10873148,31.1618938952517,27.80358327803583,71.12086158755486,-0.0353272089719419,0.8763619886296646,29.8751,79.0
ZWE,Zimbabwe,1995,12.26,,8.123122140364481,8.54428671214653,0.0093100584646577,0.8950225910604921,1621.4191954781438,10974599,31.429986132892,29.253616694405327,79.15671117357695,0.0142930040857478,0.8873497614782264,29.7537,46.0
ZWE,Zimbabwe,1996,12.26,,8.591300762569471,7.99042829291191,-0.0110648615363329,0.9083636497921894,1759.9413682426934,11158360,31.6769076006021,29.537074969274883,72.068361086766,-0.0049858717632415,0.8998963203730745,31.2586,74.0
ZWE,Zimbabwe,1997,12.26,,8.417719271035287,6.77129137790896,0.0373979564996154,0.9338590898958684,1773.5069006680087,11369827,31.8999718540415,29.090161688133737,82.20353878603234,0.0420360579041416,0.9250729790196232,30.1909,37.0
ZWE,Zimbabwe,1998,12.26,,8.366299857826032,5.59080463449055,0.0740940564170106,0.9127426378222157,1789.3513530708888,11594297,32.0964924488698,29.257177578611575,88.51332890987862,0.0777087360938994,0.902416413348906,31.1001,64.0
ZWE,Zimbabwe,1999,12.26,,8.929948558872947,3.70089065515096,0.3371756385224921,0.9809830971213216,1746.226638733987,11783458,32.2637829407466,41.009730644478914,70.92108139619616,0.3264501453708254,0.9711486257390236,34.4047,74.0
ZWE,Zimbabwe,2000,12.26,34.1439,9.567123432855112,3.90170876645193,0.2658436843484662,0.8912840379788065,1677.348967932508,11892055,32.3991568853313,47.03345246604718,74.07089231688641,0.2583722808556377,0.8819579818003159,31.2436,34.0
ZWE,Zimbabwe,2001,12.26,35.5406,9.305932531989143,4.02799179313518,0.2626392111445506,0.9871637695491544,1690.1466616311563,11971901,32.4999278382836,39.189223374652165,67.89809386867235,0.2609346984037112,0.9786106933984148,31.406,71.0
ZWE,Zimbabwe,2002,12.26,34.0576,9.435181594933436,5.17219377081197,0.2270419125834047,0.9094174136823342,1525.0793570656422,12087653,32.5631884166934,45.173518108769066,66.80981836807061,0.2297570772185264,0.9008222517607644,28.6886,25.0
ZWE,Zimbabwe,2003,12.26,32.040099999999995,9.435181594933436,6.98217572203532,0.2130402913435124,0.797204756618784,1250.919483312313,12232323,32.6003372313948,61.32924195931356,70.4519675420993,0.221571308418403,0.7875094800081743,25.4367,65.0
ZWE,Zimbabwe,2004,12.26,32.4456,9.822928783766317,8.43730994677101,0.124978504957195,1.07825157236026,1165.5444708154296,12365896,32.6278168233873,57.494186644716535,76.03942498063184,0.1371417401541877,1.077750169182316,24.6078,37.0
ZWE,Zimbabwe,2005,12.26,34.97,10.081426909654905,8.5582074673681,0.117289019285278,1.0884275778396038,1088.6314842069867,12483432,32.6482709722903,53.083422231704716,76.04306864064603,0.1292309080587784,1.0878005447131445,25.8978,78.0
ZWE,Zimbabwe,2006,12.26,35.122299999999996,10.59842316143208,11.4813042316831,0.0191579205741272,1.059183202834889,1038.223756580327,12636445,32.6640794641194,67.550163029847,82.82003029329417,0.0325648060848011,1.0584361922219352,24.8157,44.0
ZWE,Zimbabwe,2007,12.26,36.3808,10.339925035543493,15.559238462362,0.0029130095325258,1.037388508700746,987.2003625969373,12804058,32.67762208489,71.54356682875542,84.16827989990084,0.0186215192441023,1.0365696936450526,24.8398,32.0
ZWE,Zimbabwe,2008,12.26,35.0086,10.986170350264961,18.3230470823159,-0.0335211043187601,1.0065032094129196,803.0449446549911,12959149,32.6912786206175,75.57311475409836,109.5235400633771,-0.0158126577657992,1.0055909228395643,22.2332,34.0
ZWE,Zimbabwe,2009,12.26,36.8237,10.59842316143208,6.76260898727295,0.2109947349260967,0.9713348494144024,896.9155328778453,13142790,32.7074288573175,75.59868330818817,61.7764909650234,0.2168797448341204,0.9703395392311416,22.8139,55.0
ZWE,Zimbabwe,2010,12.26,41.2338,10.339925035543493,7.09847064162797,0.3647925183512406,0.6973648114437561,1056.208845638891,13356548,32.7284525810054,67.44654160432731,83.12340478512586,0.3619961433127544,0.7168652613715315,25.9896,35.0
ZWE,Zimbabwe,2011,12.26,47.7312,10.856921287320667,7.87938898914128,0.3388169825067563,0.6620853831142465,1184.9342102056269,13595424,32.7567295776968,57.06136363636364,89.4659437238642,0.3354231747651985,0.6816091077714532,32.487,66.0
ZWE,Zimbabwe,2012,12.26,44.777699999999996,10.47863874886907,5.96773281078297,0.5040015474213607,0.7863288892903292,1360.152300342752,13817887,32.7931752128328,61.24856119014008,74.16270038251525,0.4978850515268173,0.8136126862642887,29.5335,23.0
ZWE,Zimbabwe,2013,12.26,44.903800000000004,10.470824092025332,5.04283935109174,0.4758646474839951,0.4323607785262647,1367.8183168946343,14013808,32.9019343169941,54.80845953002611,58.65607371438294,0.4701584245734133,0.4438179602178043,29.6596,50.0
ZWE,Zimbabwe,2014,12.26,42.653999999999996,10.46300969367972,5.62126327970579,0.2585113340401772,0.5584963240376926,1381.2540412587148,14207359,33.1628075970801,56.76892390545527,54.67175924739176,0.2566515914682867,0.574173891359855,27.4098,72.0
ZWE,Zimbabwe,2015,12.26,43.7136,10.455195036835983,4.60618520596556,0.3120795639833987,0.6138868516259649,1387.1263259502578,14399013,33.5612641766874,54.024920193594895,56.74965266043333,0.3113670266062926,0.6260024968468384,28.4694,55.0
ZWE,Zimbabwe,2016,12.26,41.837,10.447380379992245,4.49541367401877,0.3256773753038242,0.7541351763924821,1378.3425619237385,14600294,34.0799460726314,41.44810930168369,51.2190376594477,0.3240484166475307,0.7525489029630369,26.5928,55.0
ZWE,Zimbabwe,2017,12.26,41.2956,10.439565981646632,6.09544838030308,0.3109273392204542,0.7231482262059505,1422.9194894692664,14812482,34.7014953017273,55.181432922791686,55.02831783106102,0.3059621073484698,0.7215327642927798,26.0514,45.0
ZWE,Zimbabwe,2018,12.26,43.2753,10.431751324802894,3.37818944674235,0.2235783512729016,0.7180437389799972,1472.1460384484237,15034452,35.4085538807905,63.033301312840216,54.55031658745998,0.2211603603838315,0.7164523657032025,28.0311,33.0
ZWE,Zimbabwe,2019,12.26,41.7137,10.423936926457284,4.71576545765887,0.2025790611826676,0.7070274795778245,1357.5308781875387,15271368,36.1837638266364,68.84521822084426,46.10654426755153,0.2004193967442201,0.7054484126670633,26.4695,40.0
ZWE,Zimbabwe,2020,12.26,40.038,10.416122269613545,4.74666809490234,0.1796251742905308,0.7294749650242707,1230.8193336101579,15526888,37.0097671560802,60.78555372396224,40.178406223435495,0.179329825191409,0.7278479147138166,24.7938,77.0
ZWE,Zimbabwe,2021,12.26,42.3939,10.408307871267933,6.39845161112644,0.1395597303616149,0.70568220939185,1312.2000135880673,15797210,37.8692058859373,72.62838785046729,44.11455948998549,0.1377078420389131,0.7040705202890497,27.1497,27.0
ZWE,Zimbabwe,2022,12.26,43.269800000000004,10.400493214424195,,0.1536881705197219,0.7168168459432354,1369.1976149557086,16069056,38.7055207169041,,55.06735224760363,0.1541192269359577,0.7152511201145212,28.0256,57.0
ZWE,Zimbabwe,2023,12.26,45.3692,10.392678557580458,,0.2206647539627549,0.7096628305992496,1418.4718462879948,16340822,39.2919370795795,,40.29126120469416,0.2244380623750391,0.7080748371273471,30.125,36.0
ZWE,Zimbabwe,2024,12.26,,,,0.1557836630046019,,1417.7189411585307,16634373,39.8933716820696,,41.486531265631356,0.1626013016051199,,30.7843,45.0
